feature_id	source_population_variance_log1p_cpm	source_mean_log1p_cpm	source_scale_log1p_cpm
RPS4Y1	8.26250171661377	1.573969474205604	2.874456825804082
XIST	6.234191417694092	4.545540216128127	2.496836277364375
TLE5	5.5034565925598145	5.496910535372221	2.345944709569641
EEF1G	4.603687286376953	6.407637279767257	2.1456205267584414
SEPTIN7	4.327157020568848	4.871695041656494	2.080181983928877
SEPTIN6	4.040434837341309	4.691866452877338	2.0100832791985797
PLAAT4	3.7898998260498047	4.5363287925720215	1.9467665149368076
PRKCQ-AS1	3.786341905593872	4.531310136501606	1.9458525090544316
LIME1	3.7500040531158447	4.893480571416708	1.93649274755967
RESF1	3.7159526348114014	4.477924805421096	1.9276806647373927
SNHG32	3.599318027496338	4.416995672079233	1.8971868798062679
DDX3Y	3.515777826309204	1.0286519201830602	1.8750407658958488
TOMM6	3.504455089569092	4.3858827994419975	1.8720189653007122
MICOS10	3.3651185035705566	4.288170172617986	1.8344259153742035
SEPTIN9	3.2859578132629395	4.240293942964994	1.8127211006310808
LINC-PINT	3.261723518371582	4.19872076694782	1.8060242285561097
IFI27	3.166562080383301	2.8943535616764655	1.7794836434719825
USP9Y	3.0846493244171143	0.9639319288186156	1.7563170054448347
SEPTIN1	2.9788007736206055	4.038763816540058	1.7259202495691741
RBIS	2.975299596786499	4.021296977996826	1.7249056487920067
UTY	2.8667562007904053	0.9277630457654595	1.6931498128811933
EIF1AY	2.8583133220672607	0.9323755360853213	1.69065472219692
MICOS13	2.7377090454101562	3.870944775067843	1.6546023732633146
CIAO2B	2.593113899230957	3.7395615119200487	1.6103148416610256
NME2	2.5119597911834717	5.229861273215367	1.5849163651146352
SEPTIN2	2.379173517227173	3.580547039325421	1.5424569653544777
NCBP2AS2	2.2837982177734375	3.5294454189447255	1.5112240869002849
SHFL	2.2340335845947266	3.462845123731173	1.4946684060244315
MUC20-OT1	2.231812000274658	0.6365768267558172	1.493925002347042
FAM174C	2.2149546146392822	3.477209989841168	1.488272360836183
ATP6V0C	2.210695743560791	4.110725327179982	1.4868408503289572
RO60	2.1469345092773438	3.42473552777217	1.465242128956833
IFI44L	2.1176419258117676	4.1233411110364475	1.4552120037749676
HLA-DRB5	2.069740056991577	1.7250754571734712	1.4386591336049166
TASOR	2.0173933506011963	3.311431747216445	1.4203496884382079
HBB	1.9913463592529297	0.6187202823706545	1.4111507139803832
SCGB3A1	1.9728561639785767	0.9703370252480874	1.4045839970236587
TMEM35B	1.9596410989761353	3.248546988201829	1.3998718246658421
FAM153CP	1.9553381204605103	3.16021821132073	1.3983340538407698
TUG1	1.9234163761138916	3.229169111985427	1.3868728918017894
MTLN	1.885930061340332	3.171027660369873	1.3732916865782208
LYZ	1.8563414812088013	2.492821060694181	1.362476236429158
NIBAN1	1.8435118198394775	2.915502832486079	1.357759843991703
IFIT3	1.814633846282959	2.518078068127999	1.3470834584189624
PRORP	1.7538172006607056	3.095954564901499	1.3243176342181116
S100A8	1.7316747903823853	1.4595228078273625	1.315931127421096
TRAPPC5	1.7017793655395508	4.152406683334937	1.3045226784327657
KDM5D	1.6972564458847046	0.7123231337620661	1.3027879407044864
HEXD	1.651418685913086	2.990106380902804	1.2850753562150365
S100A9	1.6417630910873413	2.3903780579566956	1.2813130385343066
CZIB	1.6351872682571411	2.989802177135761	1.2787443938915282
COA8	1.620147705078125	2.973937749862671	1.2728502244730988
ZFY	1.6054750680923462	0.6982345179869578	1.2670734337272307
CERT1	1.5863375663757324	2.924570477925814	1.2594989442673847
TASOR2	1.5776782035827637	2.9183321457642775	1.2560565862834763
GET3	1.5737375020980835	2.8945215206879835	1.2544869404861743
PTP4A1	1.5002447366714478	0.6831687227464639	1.2248447739366075
WAKMAR2	1.4661297798156738	2.743188032737145	1.2108384647526858
ZNRD2	1.4654262065887451	2.8034011217264028	1.2105478732463784
PLSCR3	1.463079810142517	3.47058449112452	1.2095783520793808
PCBP1-AS1	1.434404969215393	2.779790456478412	1.1976664711764198
CIAO2A	1.4306741952896118	2.772537451524001	1.1961079303037865
GABARAP	1.4188786745071411	4.866354525089264	1.1911669557376139
NUP42	1.4027022123336792	2.730282737658574	1.1843572853966595
DENND10	1.4019144773483276	2.7127302334858823	1.1840246984262763
DMAC2L	1.3937009572982788	2.7612540355095496	1.180551130966796
RAB30-DT	1.3611034154891968	2.7121546360162587	1.166663384914691
SNHG30	1.3387925624847412	2.6957745918860803	1.1570620193487406
SLC66A3	1.3384814262390137	2.6475529212218065	1.1569275692930434
ARHGEF18	1.3264611959457397	3.0144003205574474	1.1517209654724252
CST3	1.318320870399475	2.272948157328826	1.148181557832796
TRIM52-AS1	1.3100230693817139	2.6405504575142493	1.1445623684702644
UPK3BL1	1.299668550491333	3.101511735182542	1.1400300506279561
IFIT1	1.295910358428955	2.2496165403952966	1.1383806050337328
GNG10	1.2914409637451172	3.28426001392878	1.1364158585141892
OAS1	1.281983494758606	2.917335496498988	1.1322470760301175
DENND11	1.2649409770965576	2.603741554113535	1.1246959726580046
ANTKMT	1.2574249505996704	2.5597764528714695	1.1213495953246784
SEPTIN11	1.247183918952942	2.5128294137807994	1.1167739034934407
TYROBP	1.230790138244629	1.711604016331526	1.1094098161266512
TPT1-AS1	1.2288243770599365	2.5549172438108005	1.1085235308866757
RELCH	1.212809443473816	2.5469653514715342	1.10127630397161
FMN1	1.2057652473449707	1.9875624242883463	1.0980734221453579
GZMH	1.2022544145584106	2.203823220271331	1.0964736040590186
NR4A2	1.1950294971466064	3.2713135068233195	1.0931740345366017
RSAD2	1.1906983852386475	2.4733398304535794	1.0911912618243396
FCN1	1.185373067855835	1.205198486550496	1.088748417582882
ILRUN	1.1841084957122803	2.5162060260772705	1.0881675128722341
HBA2	1.1718934774398804	0.3568925858260347	1.0825402808166564
COA6-AS1	1.1694464683532715	2.480673524049612	1.0814094718609266
PWWP3A	1.1666646003723145	2.496256947517395	1.0801224753676846
RPS26	1.1483482122421265	7.35244318155142	1.0716101084036032
POLR2J3	1.126713514328003	4.591882164661701	1.061467644435567
MRPS24	1.1158801317214966	4.03447989317087	1.0563522694048852
RPL17	1.1150010824203491	7.988296031951904	1.0559361283180009
ZGPAT	1.0928727388381958	2.971819655253337	1.045405562538967
FOS	1.0872056484222412	5.687211238420927	1.042691535540496
CISH	1.0819612741470337	3.2310039401054382	1.0401736482667625
SLC66A2	1.079877257347107	2.425028764284574	1.039171440330779
TSIX	1.074637770652771	1.930853608995676	1.036647376396794
EGLN2	1.074240803718567	3.4073758790126214	1.036455870382206
SOX4	1.0648616552352905	3.2720973583368154	1.0319213561189626
GIHCG	1.0527769327163696	2.361177004300631	1.0260491664287377
PRXL2C	1.0451382398605347	2.3171934072787943	1.0223200216140444
CFAP410	1.0426766872406006	2.3742319895670962	1.0211154354001133
UBE2V1	1.0323536396026611	4.481922012109023	1.0160480292225031
UTS2	1.027559518814087	1.6257990782077496	1.0136861312770722
FCGR3A	1.0251158475875854	1.0694452373740764	1.0124800238892775
RNASEK	1.0242575407028198	5.084548134070176	1.0120561163201562
BOLA2	1.01876962184906	2.669177921918722	1.0093411922535604
RBAK-RBAKDN	1.0176374912261963	0.42954432047330415	1.0087801779035592
SERPINA1	1.0169144868850708	0.7928544414731172	1.0084217765980419
FGFBP2	1.01336669921875	1.7491762552123804	1.0066611462375585
DLEU1	1.0061513185501099	2.3161046229876003	1.0030709152761188
KRT1	1.005865454673767	1.2598291042332466	1.002928413665031
CPA5	0.9961631298065186	2.0449076767724295	0.9980797089947872
FCER1G	0.9824588298797607	1.965553031517909	0.9911906011107268
OBI1	0.9819506406784058	2.2488969014241147	0.9909342387889337
PINX1	0.98113614320755	2.303330036310049	0.9905231525155707
MRTFA	0.9752628207206726	2.289449306634756	0.987553959451779
EVA1B	0.9613568186759949	1.9920916282213652	0.9804880391016562
PINX1-1	0.9595533609390259	0.41754728097182053	0.9795679559003057
MT1E	0.9498816132545471	2.0174930347846103	0.974618697962247
NKG7	0.943776547908783	3.6040151302631083	0.9714816385409966
MKI67	0.9432453513145447	1.5253893498044748	0.9712081814033048
LINC00339	0.9414018988609314	2.201919422699855	0.9702586794785866
CLDN5	0.9336737394332886	1.0525841013743327	0.9662679431896555
METTL13	0.9323358535766602	0.41067204108605015	0.9655753970166484
DBNDD2	0.931317925453186	2.2903982838615775	0.9650481459144304
CTSW	0.922817587852478	3.0215896459726186	0.960633960305989
HLA-DRA	0.9190031290054321	3.3720084107839146	0.9586465176514367
LTO1	0.9117324352264404	2.220320518200214	0.9548468199573035
RAMAC	0.9092990159988403	2.1992903764431295	0.9535717162647344
PTGDS	0.9028658866882324	1.212948088462536	0.9501925441959949
HBA1	0.8943278193473816	0.41763429006991476	0.9456890687180395
MRTFB	0.8850216865539551	2.1824461955290575	0.9407559038417188
GZMB	0.8829938769340515	1.167249540010324	0.9396775501643441
USP18	0.8791413307189941	2.4408635451243472	0.9376253669838908
SLC9A3	0.8784782886505127	0.6757125490559981	0.9372717369170587
MAP4K3-DT	0.874230682849884	2.1780887016883264	0.9350030245585499
SREBF2-AS1	0.8637306094169617	2.0761544429338894	0.9293710776651836
IFITM3	0.8626026511192322	2.9358038099912496	0.9287640491791453
PCLAF	0.8607954978942871	1.5051260716640031	0.9277906413588306
NR4A1	0.8599920272827148	1.4663966366877923	0.9273575632614582
C20orf204	0.8595337867736816	1.2746513428596349	0.9271104532179182
GNLY	0.8576821684837341	3.1778689118532033	0.9261113254136804
ETV7	0.8568614721298218	1.46234653202387	0.9256681114934321
SPATS2L	0.8554990291595459	2.645349227465116	0.9249319015185629
MS4A7	0.853346049785614	0.7124593784459509	0.9237673196215365
MTRES1	0.8532534241676331	2.1117903727751512	0.9237171626696641
RWDD3	0.8472121953964233	3.2135576697496266	0.920441313390787
CX3CR1	0.8229763507843018	1.1735734294813414	0.9071804451456804
CMPK2	0.8221207857131958	2.0483247889922214	0.9067087658133685
SPI1	0.8188702464103699	0.8366957730255448	0.9049145002668846
RRM2	0.8149813413619995	1.0094069987535477	0.9027631821631131
MRPL20-AS1	0.8102189898490906	2.0762418050032396	0.9001216440650375
ISG15	0.808371365070343	4.974618902573218	0.8990947599365031
EPSTI1	0.8077371120452881	3.8999317242549014	0.8987419590407553
AREG	0.8075029850006104	2.261865320113989	0.8986117074414632
U2AF1	0.8052856922149658	1.4996748572358718	0.8973771285614167
OASL	0.8002963066101074	1.9499502182006836	0.8945928170035146
MX1	0.7991559505462646	4.1946140711124125	0.8939552180336157
MNDA	0.7988344430923462	0.8464518526139168	0.8937753888037311
HLA-DQA2	0.7937403917312622	0.6581525651809688	0.8909211054677638
TYMS	0.7935458421707153	1.196348557105431	0.8908119096903895
FOSB	0.7924374938011169	5.035393137198228	0.8901895918682794
MRPL38	0.7866888046264648	3.285013198852539	0.8869547794773619
LRATD2	0.7816582918167114	1.9718482494354248	0.8841144084363474
C17orf49	0.7790526747703552	4.130005052456489	0.8826395903455911
BCKDHA	0.7784420251846313	2.484457424053779	0.8822936266055946
IFI44	0.7770372629165649	3.394913320357983	0.881497187882755
VCAN	0.7769759893417358	0.6808160713945444	0.8814624160241835
WBP1	0.7733850479125977	2.885137133873426	0.87942314693458
GIMAP5	0.7707527875900269	4.299819139333872	0.8779252837763263
LINC02611	0.7672342658042908	2.0237551102271447	0.8759191083567871
RAB43	0.7647257447242737	2.234622363287669	0.8744859894994619
SNX15	0.7573086023330688	2.3312724582277813	0.8702348057789108
LINC01409	0.7517903447151184	1.9975506250674908	0.8670584549985247
LINC00278	0.7490575909614563	0.47016242490364957	0.8654811174729526
RAD50	0.7447551488876343	3.4860910773277283	0.8629919620609499
EGR1	0.732982873916626	1.4764422166806002	0.8561441981581964
EIF4EBP3	0.7310349345207214	2.4309689975701847	0.8550058020238471
LAIR2	0.7293883562088013	2.1270316128547373	0.8540423576344112
PLCG2	0.7265613675117493	3.8142644258645864	0.8523856944386156
ZNF875	0.7260468602180481	1.9703443096234248	0.8520838395292181
DOP1A	0.7255560159683228	1.9480138879555922	0.8517957746109256
POLD4	0.7186795473098755	4.189420424974882	0.8477496833191924
HMGN4	0.7168837785720825	3.721342471929697	0.8466899009088817
ATXN7	0.7163333296775818	3.8456153869628906	0.8463647837014293
HERC5	0.7072930335998535	3.4440774734203634	0.8410071405854005
HDAC4-AS1	0.7072769999504089	1.9257451708500202	0.8409976190449505
MFSD14A	0.7062049508094788	2.706518070055888	0.840360009243255
CPVL	0.7061206102371216	0.7103930517601279	0.8403098256518788
TYMP	0.7050747275352478	3.6551506152519813	0.8396872939076027
CIAO3	0.7011385560035706	1.9042562383871813	0.8373401660350397
IFI6	0.7006919384002686	4.661869801007784	0.8370734240745792
LINC00174	0.7000150680541992	1.91846397289863	0.8366690283484275
DIPK2A	0.6968746781349182	1.8925079428232634	0.8347901850517797
KLF3-AS1	0.6958757638931274	1.7582459449768066	0.8341916713672787
FGL2	0.6958259344100952	2.140018953726842	0.834161820214281
RNF213-AS1	0.6952928900718689	1.8807641176077037	0.8338422441906802
HLA-DRB1	0.6938531994819641	3.484771870649778	0.8329785200995309
HLA-DQA1	0.6906848549842834	1.7024233776789446	0.8310745169828697
PLAAT3	0.6898171901702881	1.6371694596914144	0.8305523320000976
PAM16	0.6889763474464417	2.7629097379170933	0.8300460044809232
LINC01619	0.6868122816085815	1.793612172970405	0.8287413709958742
LERFS	0.6837980151176453	0.6127260396830164	0.8269207890321911
GET1	0.6822355389595032	1.9116623951838567	0.8259755170752306
ADORA2A	0.6820781230926514	1.9161337033773844	0.8258802112672899
MS4A6A	0.6815677285194397	1.1996559282908072	0.8255711418555838
DOP1B	0.6772384643554688	1.8650540021749644	0.8229450071709954
CH25H	0.6745409965515137	0.4535496812313795	0.8213044645319055
TRIM34	0.6725416779518127	1.9497817963934863	0.8200863842281879
CYBB	0.6666759252548218	0.7283316985345804	0.816502255796398
ZFHX2-AS1	0.6657195091247559	1.7950409696652339	0.8159163742985762
IFI30	0.6637873649597168	1.6323636718667471	0.8147314723565594
FAM13A	0.6616973876953125	3.6354372593072743	0.813447853855284
LINC02694	0.6594377756118774	1.5017904868492713	0.8120577526159088
ITPRID2	0.6591135263442993	1.8721105043704693	0.8118580625717348
ERCC5	0.6489553451538086	3.5106778098986697	0.8055776428802516
CHROMR	0.6449557542800903	1.840679434629587	0.8030913776561849
FUT7	0.6392419338226318	2.370918711790672	0.7995260803931483
CRYBB2	0.6369093656539917	0.9329847097396851	0.7980660044074493
XAF1	0.6313194036483765	4.61658316392165	0.7945561213360907
CALHM6	0.6308751702308655	2.4000770105765414	0.7942765108503028
OAS3	0.6296513676643372	2.59355275447552	0.7935057304113937
MYOM2	0.6221686005592346	2.043242108363372	0.7887766294674504
LINC00205	0.6154213547706604	1.7980569280110872	0.7844879549804159
CCDC144A	0.6145079135894775	2.793768515953651	0.783905532794665
TMEM238	0.6118454337120056	3.4398456399257364	0.7822055046904152
ZNF790-AS1	0.6063458919525146	1.7935538521179786	0.7786821379016674
PRXL2A	0.6035378575325012	1.71358467065371	0.776876973216809
SBNO1-AS1	0.5989627242088318	1.765176731806535	0.7739268237975596
RPS17	0.5954521894454956	6.664303724582378	0.771655489291334
MMUT	0.5937693119049072	1.7171693031604474	0.7705642883191923
TK1	0.5899276733398438	0.8970625787400283	0.7680674914536583
MPEG1	0.5892055630683899	0.5924569592596247	0.7675972769791778
HES4	0.5875608325004578	1.613410655122537	0.7665251638433277
TNFAIP3	0.5870459079742432	4.885001604373638	0.7661892089322314
ABHD16A	0.5869908332824707	2.4719779926996965	0.7661532675282188
PLSCR1	0.5867305397987366	2.9757145780783434	0.7659833826908675
BSCL2	0.5861351490020752	2.2113052159547806	0.7655946226753851
VPS13B-DT	0.586132287979126	1.7222265142660875	0.7655927654687015
LYN	0.5807797908782959	0.8270390234314479	0.7620891121088907
NFKBIA	0.5789247751235962	5.34089968754695	0.7608710707890056
CD14	0.5771405100822449	0.6606240851374773	0.7596976244822173
NHEJ1	0.5733097195625305	1.8225542480269303	0.7571721780644857
DUSP1	0.5689370632171631	5.184281798509451	0.7542791647994553
CD70	0.5612295866012573	1.084652184866942	0.7491525765327826
CDO1	0.5600018501281738	0.5382396699502491	0.7483327233904039
RSKR	0.5540425181388855	1.6932008816645696	0.7443403055308473
TAFA2	0.5535948276519775	1.6474298972349901	0.7440395229585144
JUN	0.5481781959533691	6.353468143022978	0.7403905870406758
FCRL3	0.547206461429596	1.9981043407550225	0.7397340541776941
ZEB2	0.5471465587615967	2.293407364533498	0.7396935746055662
FKBP2	0.5459474325180054	2.4107414117226234	0.7388825710587655
PACC1	0.5455657243728638	1.7045008540153503	0.7386242296979857
HIPK1-AS1	0.5454009175300598	2.342202223264254	0.7385126482523563
HLA-DQB1	0.5391083359718323	2.6767349930909963	0.7342399666393032
CFD	0.5390582084655762	1.935806556389882	0.734205828102958
APOBEC3H	0.5377370715141296	1.143229791178153	0.7333055809679486
PLEK	0.5376728177070618	2.1832190935428324	0.733261761579028
GALNT4	0.5355082750320435	1.7338199585389633	0.7317843080394637
BIRC5	0.532523512840271	0.8559142130498703	0.7297420858323811
GZMA	0.5319662094116211	4.025035583055937	0.7293601492855178
IGFL2	0.5310010313987732	0.8708279128544606	0.7286981731924993
DIPK1A	0.5301558375358582	1.6757878294357886	0.7281180072115742
CD68	0.52890545129776	0.9777528700920252	0.7272588522021325
WARS2-AS1	0.527909517288208	1.6575782757539015	0.726573826267978
LAG3	0.5261018872261047	1.8081783285507789	0.7253288263662357
LGALS1	0.524369478225708	4.849472761154175	0.7241336017675913
CHTF8	0.5224889516830444	1.3928100283329303	0.7228339764539925
TOP2A	0.5186349749565125	1.2079903735564306	0.7201631503631604
MEF2B	0.5184447765350342	1.723938562692358	0.7200311024985576
NUSAP1	0.517180323600769	1.3679766540343945	0.7191525031162036
FHIT	0.5158299803733826	4.172157150048476	0.7182130336183635
HDAC9	0.5121776461601257	1.0894477321551397	0.7156658796742574
SOCS2	0.511696457862854	2.991091535641597	0.715329625227159
CLEC12A	0.5104020237922668	0.5685501375880379	0.7144242415185044
TTTY14	0.509491503238678	0.3889569790604023	0.7137867374089192
CLSPN	0.508092999458313	1.1050811260938644	0.7128064305409784
UTP14C	0.5078432559967041	0.30324984513796294	0.7126312405064885
TUBB2A	0.5048243403434753	1.7917360617564275	0.7105099028452142
TNFRSF18	0.5040720105171204	2.8639453603671146	0.7099802842134368
POGLUT3	0.5033824443817139	1.582142174243927	0.7094945123446497
JMJD7	0.5021577477455139	1.7325331796533787	0.7086309125334715
ATPSCKMT	0.5020545721054077	1.6175889418675349	0.7085580839256822
HOPX	0.5013362765312195	2.954165449509254	0.7080510352156391
PRXL2B	0.500917911529541	1.6346082641528203	0.7077555541464989
CYP51A1	0.4995678961277008	2.0706584327496014	0.7068011726649184
NGRN	0.4994353950023651	3.144172503398015	0.7067074301262927
TNFRSF4	0.49826183915138245	3.777555438188406	0.7058766557412017
CLEC7A	0.4978521764278412	0.5440157396145738	0.7055864089735473
ZNF561-AS1	0.49574416875839233	1.6322391399970422	0.7040910249751541
CXCR3	0.49221545457839966	2.309836364709414	0.7015806835076724
LILRB2	0.4920169711112976	0.4834005166418277	0.7014392069019981
RTCA-AS1	0.4910755455493927	1.8464393747540622	0.7007678290588739
CFH	0.49060478806495667	1.371744097998509	0.7004318616783586
PSMA6	0.48986291885375977	4.310131870783293	0.6999020830726038
SLC25A29	0.4893856942653656	0.8357524270048509	0.699561066133402
YAE1	0.4879872798919678	1.5948447906053984	0.698560854706093
CSTA	0.4860210716724396	0.5474211991979525	0.6971521156624565
PMAIP1	0.4857698082923889	3.194527552678035	0.6969718922149033
S100B	0.485451877117157	1.2826753934988608	0.696743777615331
ZNF749	0.48531827330589294	2.113730162382126	0.696647886201662
ASPM	0.48295846581459045	0.9357071599135032	0.694952127556103
LRRC25	0.4829410910606384	0.48854969076525706	0.6949396255910257
COX16	0.48249414563179016	3.9902048202661367	0.6946179833230759
GBP1	0.47961923480033875	3.932559297635005	0.6925454664006595
IL32	0.4793447256088257	6.7740400937887335	0.6923472641201315
MT2A	0.4789603352546692	4.805914777975816	0.6920695978137522
PDCD1	0.47889718413352966	1.7635080974835615	0.6920239765073284
HERC6	0.4780065715312958	2.811606228351593	0.6913801979506893
ATG9A	0.47538891434669495	1.9476594615441103	0.6894845387593224
SAXO2	0.47348737716674805	0.7530417992518499	0.6881041948185578
LINC00863	0.47346943616867065	1.490060494496272	0.6880911456284932
NPDC1	0.4726508855819702	3.2414127771671	0.6874961030436326
C18orf32	0.4726037383079529	4.075149829571064	0.6874618034650277
KLF4	0.4724639654159546	0.8630230085780988	0.687360147137288
NOG	0.4724118411540985	2.6291668048271766	0.6873222204731106
SULF2	0.471743643283844	2.7722212351285496	0.6868359710510388
HECW2-AS1	0.4715217351913452	1.3900540264753194	0.6866744051056157
ZBTB16	0.46716904640197754	2.000376304754844	0.6834976575832737
LGALS3	0.46637898683547974	3.169426225698911	0.6829194591569276
FGR	0.46576565504074097	0.7861917773978069	0.682470265235919
PRF1	0.46223291754722595	2.4966208247038035	0.6798771375060093
FAM118A	0.46143361926078796	3.5105101420329166	0.6792890565625209
LAMP3	0.4610217213630676	1.17953866147078	0.678985803104561
S100A11	0.4601284861564636	5.373602179380564	0.6783277112447396
RGS1	0.45777907967567444	3.2850265502929688	0.6765937345651685
IER5	0.45602893829345703	3.7480772733688354	0.6752991385347966
DLGAP1	0.4543633460998535	0.7289923399400252	0.6740647949227988
DDX60	0.45247215032577515	3.357662842823909	0.6726605006799207
EDC4	0.4493880867958069	2.0892004875036387	0.6703641480598088
NCF2	0.4479687213897705	1.2477188889796917	0.6693046631404427
HCK	0.44794005155563354	0.4733625524319135	0.6692832411536513
CEBPD	0.44600048661231995	1.5712702010686581	0.6678326803195531
FCER1A	0.4445153474807739	0.5681834813350668	0.6667198528050485
BHLHE40	0.4440770447254181	2.731096015526698	0.666391056530806
TPX2	0.44363126158714294	0.9372928188397334	0.6660564936141324
CSF1R	0.44222164154052734	0.44945234740869355	0.6649974839099435
IRF7	0.4418099820613861	3.5079322961660533	0.6646878813190195
LINC00342	0.4417850077152252	3.587419078900264	0.6646691002414089
CST7	0.4410485327243805	3.234231875492976	0.6641148536841527
EIF2AK2	0.44049230217933655	4.379509375645564	0.6636959486594816
SAMD9L	0.4387781322002411	3.8403401649915256	0.6624032911846053
PRDM1	0.4379010498523712	3.5676269347851095	0.661740934081646
PARP9	0.4377845227718353	3.518288630705613	0.6616528773699698
MAFB	0.4372965097427368	0.490673531491596	0.6612839905080584
KRT13	0.4360799193382263	0.28215463240989125	0.6603634857739882
CMC4	0.4355144500732422	2.6460251854016232	0.6599351956131756
GTF2H4	0.4353336691856384	1.8837184166679015	0.6597982127175988
CCNB2	0.43297892808914185	0.6702387583656952	0.6580113343074414
TTC39C-AS1	0.43282294273376465	1.9807808009477763	0.6578927948449177
LMNA	0.42936640977859497	2.677380227125608	0.6552605626924913
MEAK7	0.4290328621864319	1.446423127101018	0.6550059925902858
CRIP1	0.42753925919532776	6.187788248062134	0.653864860898218
THTPA	0.42717820405960083	0.44370052161125034	0.6535887057847242
LGALS2	0.42709317803382874	0.4983934909105301	0.6535236611669833
CD300E	0.4235992133617401	0.39060502929183155	0.6508450018347347
NDUFA7	0.4221569299697876	3.9024285719944882	0.6497360484117152
STAT1	0.41891565918922424	4.709788744266216	0.6472369368993769
CASC15	0.4179687201976776	1.1022614137484477	0.6465050109853225
MIR4453HG	0.4169740080833435	1.4675888052353492	0.6457352551194239
AIM2	0.4155505895614624	1.3237009598658636	0.6446321257856649
OAS2	0.413730263710022	3.2844619200779843	0.6432186684688531
HELZ2	0.4136347472667694	2.815354108810425	0.643144430374968
RAVER1	0.41290754079818726	2.2744109951532803	0.6425788188052803
S100A12	0.41282951831817627	0.4006533447223214	0.642518106781846
RTP4	0.4125003516674042	2.022446013413943	0.6422619055996832
DLGAP5	0.412360817193985	0.4847228933269015	0.6421532705567952
TIGIT	0.4122186601161957	3.3870288958916297	0.6420425690658229
GZMK	0.4108612835407257	3.7674381091044498	0.6409846125741397
APOBEC3A	0.4108443558216095	0.6552608511768855	0.6409714217418918
TXNDC5	0.40962791442871094	1.6372417349081774	0.6400218164991318
ANXA2	0.40953078866004944	4.452114765460674	0.6399459320722088
RNF31	0.40639322996139526	2.0874842611642985	0.6374897977388067
LMO2	0.40385702252388	0.6292834728956223	0.635497468631582
PTGER2	0.40310007333755493	3.76956006196829	0.6349016136299308
SYNM	0.40287426114082336	1.2462973386908953	0.6347237626749229
GSTM3	0.40037089586257935	2.3219270201829763	0.6327486763222387
CDT1	0.3994738757610321	0.8214439468888136	0.6320394477551489
ECRG4	0.3978697657585144	1.361578276524177	0.6307691836519803
FOXP3	0.39780646562576294	2.270332382275508	0.6307190081787568
CCR10	0.39714494347572327	1.823533982038498	0.6301943683832435
FAM111B	0.3967409133911133	0.6089480381745559	0.6298737228565713
CDK2AP1	0.39529258012771606	1.5612237447729478	0.6287229671221622
SMAD7	0.39483731985092163	2.3097031712532043	0.6283608286892829
AGAP6	0.3946056365966797	0.28878478695136994	0.6281764275590577
SGK1	0.39418825507164	2.1254654710109415	0.627844134593504
GBP5	0.39304211735725403	3.9824524292579064	0.6269307205907647
MYB	0.3924127519130707	1.5166837871074677	0.6264285774027484
HLA-DPA1	0.39048221707344055	3.7868221356318545	0.624885771298388
IGFLR1	0.39037150144577026	3.443018899514125	0.6247971751758359
CLEC10A	0.3898545205593109	0.4474519769159647	0.6243833126329343
HLA-DPB1	0.3889373540878296	3.890245510981633	0.6236484254520538
TNFAIP2	0.38832220435142517	0.4154839478433132	0.6231550481895931
RPL36A	0.38749372959136963	7.634746478154109	0.6224899486574754
IL10RB	0.38698282837867737	2.7960974940886865	0.6220794449352274
GPR15	0.38515836000442505	1.2035886095120356	0.6206112689861056
CCR2	0.3846457898616791	1.1382971841555376	0.6201981848800635
EIF2AK3-DT	0.3844435214996338	1.3685797269527729	0.6200350896314372
CDKN2A	0.38241732120513916	1.449848656470959	0.6183989954117114
ARHGEF10	0.38115495443344116	1.4265842277270098	0.6173774844375192
CENPK	0.38082268834114075	3.7687176190889797	0.6171083227721718
RNF207	0.380654901266098	1.3058999880002096	0.616972361146799
FRMD4B	0.3803997039794922	2.3931804528603187	0.6167655157648446
LINC02754	0.3771997392177582	1.3473393366887019	0.6141658982053322
FCSK	0.37709012627601624	1.393753780768468	0.6140766404210323
CSRNP1	0.375076025724411	2.8200654204075155	0.6124344997780022
RAB4B	0.37471309304237366	2.92976084122291	0.6121381364985267
KLF10	0.374637633562088	2.504885439689343	0.6120764966034004
LINC02245	0.37418311834335327	1.405622926254112	0.6117051015965883
EDA	0.3735077679157257	1.4858802465292125	0.6111528216634273
CD8B	0.3732048571109772	1.3848545711774092	0.6109049462600527
ABITRAM	0.3731057643890381	1.3954376578330994	0.6108238512784682
IFNG	0.3729313611984253	1.2928139452750866	0.6106810621894383
CKS2	0.37277886271476746	2.0925380770976725	0.6105561923876869
HMMR	0.37264105677604675	0.5903255346302803	0.6104433320163534
LGALS9	0.37252184748649597	3.007420539855957	0.6103456693004902
RHOB	0.3724100887775421	1.805500750358288	0.6102541130304331
JUNB	0.3720987141132355	6.89131602874169	0.6099989343806795
MDGA1	0.3716611862182617	1.0769248566088767	0.6096402136167597
DUSP5	0.37042874097824097	2.6935931260769186	0.6086285830274921
TNF	0.3699937164783478	2.401073455810547	0.6082710869623978
CCR5	0.3697339594364166	0.847085632956945	0.6080575338921321
SRCAP	0.3696393370628357	2.534563972399785	0.6079797114603938
CEP55	0.36869966983795166	0.6074064580293802	0.6072064481572065
CDKN1A	0.36817145347595215	1.0758679755605185	0.6067713473167646
PGAP1	0.3676820993423462	2.526029884815216	0.6063679451444004
DSEL	0.36619794368743896	0.9698600608568925	0.6051429047210083
ZNF208	0.3650757074356079	1.6346326699623694	0.604214944610947
OSM	0.36458054184913635	2.218883441044734	0.603805056856465
DUSP2	0.36281007528305054	4.366064942800081	0.6023371871696839
TNFAIP8L2	0.36276108026504517	2.3490097660284777	0.6022965150556094
IFIT2	0.3607737720012665	2.385282012132498	0.6006444691178504
MYO1F	0.36000940203666687	3.7962948083877563	0.6000078470632538
TGM1	0.3599468767642975	0.8538058291261013	0.5999557300162097
JCHAIN	0.3597337007522583	0.40955572614732844	0.5997780447673867
LY6G5B	0.3581370711326599	1.7797131744714885	0.5984455437741051
NPIPB15	0.3577173352241516	1.099932675751356	0.5980947604092497
MT-ATP8	0.3566700220108032	3.528362283339867	0.5972185710241723
MZF1-AS1	0.3556845188140869	2.605698470885937	0.5963929212463008
OTOF	0.3554420471191406	0.5871985155659226	0.5961895979912631
PCSK1N	0.35526302456855774	2.3165838030668406	0.5960394419958321
MIR4435-2HG	0.35387247800827026	2.236812091790713	0.5948718095905868
CRIP2	0.3537066876888275	3.192786849462069	0.5947324466271915
ICA1	0.3513597846031189	2.275915081684406	0.5927561004526317
TWIST1	0.3511323928833008	0.5199649563202491	0.5925642585887515
USP46	0.3509262800216675	2.8294775119194617	0.592390303099084
IATPR	0.35079827904701233	1.012491327065688	0.5922822530358697
RADX	0.35027191042900085	1.1941875219345093	0.5918377459959074
PDXP	0.350139319896698	1.3905027204981217	0.5917257101390406
ST20	0.3486747443675995	0.25113171339035034	0.5904868686835798
SLC7A7	0.34813204407691956	0.5044769590290693	0.5900271628072199
UBE2C	0.34809136390686035	0.49174075430402386	0.5899926864587773
PLD4	0.34619978070259094	0.40428436894972736	0.5883874381083406
GADD45G	0.3460037112236023	1.6821110936311574	0.5882208045055684
DACT1	0.3458450138568878	1.6629658639431	0.5880858784155466
SLC2A3	0.34530648589134216	4.779005133188688	0.5876278531913889
DIABLO	0.344428688287735	1.3381197431053107	0.5868804814125085
FABP5	0.3430415391921997	2.5697424228374777	0.5856974771206167
PPFIBP2	0.3430345952510834	1.4104476410609026	0.5856915408349247
GSTM4	0.3429567515850067	1.5064675555779383	0.5856250929123901
NCF4	0.3425184190273285	2.5536690125098596	0.5852507271434348
APOBEC3D	0.3417854905128479	2.1211305742080393	0.5846242179342142
DUSP8	0.3408493995666504	1.6117596236559062	0.5838230950332729
NICN1	0.340667188167572	1.3415765884833841	0.5836670247720755
CDK5R1	0.34040310978889465	1.68220319885474	0.5834407583043111
BLK	0.339706152677536	0.7015503821178124	0.582843155736268
HMOX1	0.33921360969543457	0.5611914089665964	0.582420476326547
CTSH	0.33908578753471375	2.7837542983201833	0.5823107278258269
PLA2G4B	0.338094025850296	1.3246141338291078	0.5814585263687397
SMCO4	0.3379494547843933	1.4673083550654924	0.5813342081851133
BCL11A	0.3379068672657013	1.0156233694690924	0.5812975606912345
ASCL2	0.33768683671951294	0.8335768540318196	0.5811082937981065
CD83	0.33745497465133667	1.5972023675074944	0.5809087508004345
TNFSF14	0.33609938621520996	1.4874386328917284	0.5797407797043532
PER1	0.3360649049282074	2.9213041296372046	0.5797110403166102
ZFP36	0.3357546925544739	4.68574609206273	0.5794434295775976
PHLDA3	0.3356859087944031	0.5484447035078819	0.579384066151274
PTMS	0.3354092538356781	1.9960832687524648	0.5791452832903808
MAP3K2-DT	0.3338620662689209	1.2881730703207164	0.5778079934806428
PTTG1	0.3336130976676941	2.526259344357711	0.5775924997602642
CENPF	0.33325591683387756	2.1612767026974606	0.5772832155724159
KLRD1	0.33284464478492737	0.9102699613341918	0.5769268876276349
PILRA	0.3325207531452179	0.7751274745051677	0.5766461365654788
BCL3	0.33235958218574524	2.116148746930636	0.5765063509688242
CSF3R	0.3320293426513672	0.39845056874820817	0.5762198707744047
ID1	0.3319975733757019	0.9324690137918179	0.5761922995756238
ADGRG1	0.33151325583457947	0.5999922664979329	0.5757718769142298
ZNF667-AS1	0.331288605928421	1.504039317369461	0.5755767670350871
CYTOR	0.33070382475852966	3.518209824195275	0.5750685439367311
PHLDA1	0.329290509223938	1.7292102368978353	0.5738384043433576
KDM7A-DT	0.3272629678249359	1.250199372951801	0.5720690246168213
SOCS3	0.3272346258163452	4.363686112257151	0.5720442420220885
NLRP2	0.32640552520751953	0.978577273682906	0.5713191005279621
KIAA0408	0.3259340226650238	1.1925639412724054	0.5709063095291709
GBP7	0.32495442032814026	0.47201644740282345	0.5700477367456576
SLC49A4	0.32399874925613403	1.3138769131440382	0.5692088894885249
FCGR2A	0.32348695397377014	0.36485955810460907	0.5687591239930498
TTC16	0.32186970114707947	1.4680291781058679	0.567335624331438
CTSL	0.31881412863731384	1.8579088495327876	0.5646362891840518
C14orf119	0.3187679946422577	3.0408965165798483	0.5645954305870945
RBM27	0.31794601678848267	3.967395773300758	0.5638670316765123
FOSL2	0.31788170337677	2.225181288444079	0.5638099769475615
ZNF585A	0.3170197010040283	2.969020650937007	0.5630450202753162
LY6E	0.3162521719932556	5.428359508514404	0.5623630268551604
TNFSF13B	0.31567949056625366	2.5744118690490723	0.5618536224544578
LRRN3	0.31496232748031616	3.2297359704971313	0.5612150355191311
LILRB1	0.3137497901916504	0.4126862706616521	0.5601337253065599
SERPINE2	0.3135036826133728	1.9692087586109455	0.5599140057582432
CHN1	0.3130667209625244	1.5397244875247662	0.5595236653795383
CDK1	0.313018798828125	0.6814846207316105	0.5594808394447497
FXYD2	0.3125229775905609	1.4240729911969259	0.5590375519054475
NDST2	0.3123018741607666	2.347554550721095	0.5588397533462477
AFF3	0.3120352327823639	2.5486112099427443	0.5586011510270732
RPP21	0.3118363916873932	3.5411355770551243	0.5584231182189361
MAP3K8	0.3113386332988739	1.9064212487294123	0.5579772801971781
TENT5C	0.3111761212348938	3.073056404407208	0.5578316131147024
PTGDR2	0.31109166145324707	0.7915548556126081	0.5577559246044912
ENTPD1	0.3106253445148468	1.4536493145502531	0.5573377309978748
CCDC50	0.3103663921356201	2.678613795683934	0.5571053726581847
GAS6-AS1	0.30946117639541626	1.6184101815407093	0.556292358489667
MCOLN2	0.3091970682144165	1.7366846180879152	0.5560549053096888
KRT72	0.3091719150543213	1.0204318056886013	0.5560322884411375
SPINK2	0.30874279141426086	1.55346312889686	0.5556462778982967
CCR6	0.3084706664085388	2.593191600762881	0.5554013671498697
IGFBP3	0.30824342370033264	0.7807354199198576	0.5551967543446138
CD27-AS1	0.3078902065753937	1.1280101400155287	0.5548785554237381
FPR1	0.30780747532844543	0.30325283421776617	0.5548039974312212
POLR2J2	0.3067726790904999	2.1561907346432028	0.5538706366789841
PI16	0.30542540550231934	2.16170151417072	0.5526530663500939
SYT11	0.3049411177635193	2.086926065958463	0.552214743150596
BCL2L14	0.3020494878292084	0.8253029212355614	0.5495902813114468
ADAMTSL4-AS1	0.2971023619174957	1.1667895431701953	0.5450709582662212
CDKN2B	0.29633253812789917	0.6289879502012179	0.5443643437729876
PLGLB2	0.2962963879108429	1.1631330168591096	0.5443311321681025
IFIH1	0.2959667444229126	2.836112911884601	0.5440282618244314
ASF1B	0.2949995994567871	0.9657244086265564	0.5431386569166484
PPP1R15A	0.2948583662509918	4.76135344688709	0.5430086212214448
AOPEP	0.294813334941864	1.2305533977655263	0.5429671684353286
SEPTIN8	0.2939893901348114	1.1593211614168608	0.5422078806247572
MYBL2	0.29332512617111206	0.4585811138296357	0.541594985133913
PASK	0.29320353269577026	3.5224482096158543	0.5414827108308126
TNFSF10	0.2928210496902466	4.382132401833167	0.5411294165683402
CD300A	0.2924538254737854	2.1024898176009836	0.5407900013494904
NSMCE1-DT	0.2922269105911255	1.1417101759176989	0.5405801742282561
MAF	0.29155591130256653	4.217761406531701	0.5399591860951571
DST	0.29092249274253845	1.6030020369933202	0.5393723252232117
CENPE	0.2908504605293274	1.3033152337257679	0.539305548098873
TGFBI	0.29081737995147705	0.5740504463991294	0.5392748750196048
ST6GALNAC6	0.2894483804702759	2.4996848771205316	0.5380040837021609
FKBP5	0.28930217027664185	4.448060650091905	0.537868163030876
CXCR4	0.28867483139038086	5.752790120931772	0.5372846863601874
SERTAD1	0.2883802056312561	2.729438671698937	0.5370104278943449
CBR3	0.28835493326187134	2.0029424933286815	0.5369868964997041
CHD1L	0.2875320315361023	1.187059462070465	0.5362201369860601
IGSF9B	0.2867453396320343	1.4979109706786962	0.5354860668799053
ABCF2	0.2862187325954437	2.4734841034962582	0.5349941307705298
DDX11	0.28591781854629517	2.183277813287882	0.5347128244274071
MXRA7	0.28577086329460144	1.7791137190965505	0.5345754000311145
GINS2	0.285578191280365	1.3061485084203572	0.5343951733469627
C5AR1	0.28540879487991333	0.47481912847321767	0.5342366584320919
ARL5A	0.2851916551589966	3.8846034911962657	0.5340333877067113
PLEKHG3	0.28482943773269653	1.8829430685593531	0.5336941467174369
TLR5	0.28448086977005005	1.5083950689205756	0.5333674770425428
KIF11	0.28441816568374634	1.0363945617125585	0.5333086867918517
RNF175	0.28375244140625	1.1192172330159407	0.5326841963934807
ATR	0.28274938464164734	3.6352890638204722	0.531741845773253
PTGIR	0.2827034294605255	1.9799894461264977	0.5316986297538451
SDR42E2	0.2825356125831604	2.7642247768548818	0.5315407935565762
TBX21	0.28193169832229614	1.4345654180416694	0.530972421499713
RBMS3	0.28189176321029663	1.2250387255962079	0.5309347913915216
NSG1	0.28113460540771484	2.673861026763916	0.5302212745228108
KNL1	0.28111696243286133	0.8040227190806315	0.5302046355565823
IFI35	0.28074342012405396	3.365501642227173	0.5298522659156678
C1orf21	0.2804829776287079	0.7896229795251901	0.5296064393390297
ASNS	0.2802024781703949	1.3228251383854792	0.5293415434166568
CDKN1C	0.280042439699173	1.5126192019535944	0.5291903595726362
ZC3H12A	0.2799146771430969	2.443551920927488	0.5290696389829498
TMEM273	0.27948278188705444	1.9125339297147899	0.5286613029790426
CHI3L2	0.27920854091644287	3.2882056603064904	0.5284018731989694
KDM5B	0.27878764271736145	3.7117436849153957	0.5280034577372601
LINC00944	0.2785082757472992	1.498741280574065	0.5277388212485149
NELL2	0.27768105268478394	3.3174724028660703	0.5269544954744101
C1QA	0.27764445543289185	0.23393687784958345	0.526919779586211
IKZF2	0.27762773633003235	2.9016511348577647	0.5269039218586509
PARVB	0.2772079408168793	2.083525838760229	0.5265054108134859
DUSP6	0.2760539948940277	1.2852165974103487	0.5254084179905508
CYB561	0.2758394479751587	2.3317084358288693	0.5252042057133431
MTFP1	0.2751924991607666	3.147189062375289	0.5245879311214292
CDC20	0.27501556277275085	0.4658717073213596	0.5244192482157523
LINC02693	0.27418944239616394	1.1546097535353441	0.5236310266634666
CENPW	0.2737303376197815	1.101983049741158	0.5231924598848411
LINC01954	0.27302277088165283	0.20744795799971774	0.5225158229499562
SARNP	0.27260300517082214	3.6953719579256497	0.5221139850150281
AGGF1	0.2720798850059509	3.178895730238694	0.5216127749619803
FAM153A	0.2719653248786926	1.834464213022819	0.5215029611884036
SERPINB9P1	0.2716124355792999	1.4840866854557624	0.5211644884741717
NAPRT	0.2702224850654602	2.8740762059505167	0.5198292817431875
SNAI1	0.27017199993133545	0.5240282917825075	0.5197807186842094
ENC1	0.26973044872283936	1.234707426566344	0.5193558105944872
JAKMIP1	0.26964882016181946	1.633822078888233	0.5192772131028837
AFDN	0.2692771553993225	1.91402163872352	0.5189192147886194
MCOLN3	0.26831528544425964	1.0405180419866855	0.5179915936302305
CD38	0.26791632175445557	2.274187092597668	0.5176063435225862
DDIT4	0.2677505612373352	4.642603874206543	0.517446200467313
MND1	0.2669498920440674	0.5434690306966121	0.5166719369651224
LILRA5	0.2668837606906891	0.3403446162119508	0.5166079451630117
NUTM2A-AS1	0.2663729786872864	3.6507046406085673	0.5161133420165362
E2F2	0.26543787121772766	0.882565608391395	0.5152066186004741
NCAPG	0.2645907700061798	0.5246515170885966	0.5143838664914016
PRR7-AS1	0.26400166749954224	1.1640314035690749	0.5138109301613254
GTSE1	0.2636585235595703	0.4400389652985793	0.5134769038164279
PLXDC1	0.2636071443557739	2.059591380449442	0.5134268620775276
CALHM2	0.2626180350780487	1.8985539445510278	0.5124627177602669
YBX3	0.2625840902328491	2.659806856742272	0.512429604903444
DUSP4	0.26239511370658875	1.8321366676917443	0.512245176118145
ERAP2	0.26171138882637024	4.035409624759968	0.5115773406225838
HSH2D	0.2607080936431885	2.742485000536992	0.5105958230306459
LINC01871	0.2598439157009125	2.9033968769587	0.5097488767285938
HMGB3	0.2597936987876892	1.1355904569992652	0.5096996244249158
LINC00309	0.2594395577907562	0.5530419537367729	0.5093520878843589
TNFSF13	0.2592203915119171	1.0803770738152356	0.5091369122985167
KLRB1	0.258858859539032	5.121976558978741	0.5087817272178213
S100A4	0.25848057866096497	6.946020933297964	0.5084098653974969
IL15	0.2579328715801239	1.1564662479437315	0.5078709209253085
LINC02325	0.2563767433166504	1.7514050763386946	0.5063365980884729
ITGAX	0.2561969757080078	0.41943519863371664	0.5061590538033123
IRS2	0.25592392683029175	3.1359929213157067	0.5058892501924037
IL2RA	0.255340576171875	2.766522820179279	0.5053123635966852
ITGA6-AS1	0.2551884055137634	1.125834400837238	0.5051617687600408
CCR9	0.25513318181037903	0.9889864589159305	0.505107113550854
FAR2	0.2546151280403137	1.5533744807426746	0.5045940367223403
PDLIM1	0.25402066111564636	0.9998165191366122	0.5040046342973049
IRS1	0.2537652254104614	1.0038669957564428	0.503751158593994
ANXA5	0.25362175703048706	4.246312205608074	0.5036087299963202
CEACAM1	0.253578245639801	1.3249229536606715	0.5035655237000187
ADGRE1	0.25337326526641846	1.8074429906331575	0.5033619712183104
CXorf65	0.2533092200756073	1.4708226850399604	0.5032983458001069
OSBPL10	0.2531551718711853	2.1501928797134986	0.5031452764021219
LRRC75A	0.2531254291534424	3.988022309083205	0.5031157289065556
SH3D21	0.25239211320877075	0.37755763817291993	0.5023864322373756
CDKN3	0.2520509660243988	1.228313801380304	0.5020467715126382
CD84	0.2517786920070648	3.8364509160702047	0.5017755329438477
MYBL1	0.2515628933906555	3.0407297427837667	0.501560469025244
OVCH1-AS1	0.251052588224411	0.8502287088105311	0.5010514685665829
FAM43A	0.25083163380622864	1.2194762780116155	0.5008309393711844
SGSM3	0.2501397132873535	3.1974816780823927	0.5001396858038236
THEMIS2	0.24987678229808807	2.502301816756909	0.49987676368033546
GADD45B	0.2498464733362198	4.369039508012625	0.4998464484332224
CELA1	0.24964845180511475	1.7601773463762724	0.4996483219093942
CCZ1B	0.24958616495132446	2.1920031767625074	0.499585992111577
METRNL	0.24951711297035217	1.3807302289284193	0.4995168768468452
ZBP1	0.24910642206668854	2.808869710335365	0.49910562270051756
KLRK1	0.24892544746398926	0.7284113752584045	0.4989242929721402
ANKHD1	0.24851936101913452	4.015340419916006	0.49851715917327216
CTAG2	0.24827969074249268	0.10893992370424363	0.49827672108046644
SUMO4	0.2481328547000885	2.4607093104949365	0.4981293586180275
IL12RB2	0.24812625348567963	1.032176775427965	0.4981227332922004
SECTM1	0.2480904906988144	0.7932067146668067	0.49808682819379413
TTC4	0.24769581854343414	2.339332566811488	0.4976904851214758
FAS	0.24760876595973969	2.8948963697140035	0.49760301996317385
TTTY10	0.2475779503583908	0.35466593905137134	0.49757205165315344
TJP2	0.24730615317821503	1.2806592732667923	0.49729885863156464
RTKN2	0.24726249277591705	3.4778966078391442	0.4972549538004675
ALOX5	0.2468116283416748	1.146098935833344	0.4968013955545062
KLF6	0.2465922236442566	5.6135217776665325	0.4965805306091364
LGALS3BP	0.24655300378799438	3.4234027679149923	0.49654104551159023
RAB32	0.24641552567481995	0.5363411281544429	0.49640258505255846
DTL	0.24617721140384674	0.3634488767442795	0.49616248478478775
KANSL1-AS1	0.2460942268371582	3.132768520942101	0.49607885524905554
HAUS4	0.24599340558052063	2.8455935395680942	0.4959772231963387
PIM1	0.24576818943023682	4.765126943588257	0.4957501212591955
LIN37	0.24566619098186493	2.0199184050926795	0.49564724425896645
PLXNB2	0.2452971488237381	0.3583659449448952	0.4952748218906928
CGAS	0.24516023695468903	2.334280651349288	0.4951365795148129
SYK	0.24402758479118347	0.40640016100727594	0.4939914769363036
C3AR1	0.24355143308639526	0.9138553543732717	0.4935093056144964
TSC22D3	0.24309885501861572	6.086847470356868	0.4930505574216353
TMEM44-AS1	0.24306680262088776	1.9009693631759057	0.4930180612357494
MIAT	0.24160383641719818	3.061410803061265	0.49153212838808324
AHNAK	0.24061442911624908	5.042504494006817	0.49052464111501365
OR11G2	0.24024030566215515	0.39482499573093194	0.490143143209746
RAB31	0.24017421901226044	0.41803410907204336	0.4900757299912088
TRIM59	0.24003657698631287	3.297275424003601	0.4899352784680361
AURKB	0.23986327648162842	0.5680343743700248	0.4897583794021339
LST1	0.23961392045021057	3.454006030009343	0.4895037460130729
ITGB1	0.23948805034160614	5.342428042338445	0.4893751690383175
NFE2L3	0.2393771857023239	1.663155592404879	0.48926188353300554
CXCR6	0.2391911894083023	0.7896880484544314	0.4890717652769293
CD69	0.23907959461212158	5.593997185046856	0.48895766853584266
CHKB-DT	0.23905502259731293	1.7669904277874873	0.4889325386190596
RGS16	0.23896747827529907	1.1445695115969732	0.4888429937916623
MCM10	0.2389659881591797	0.34986550282113826	0.4888414783324763
ZNF215	0.23873579502105713	0.5134284904656502	0.488605970457826
FAM184B	0.23856039345264435	1.657029314683034	0.4884264506444486
NCAPG2	0.2382952719926834	1.4369100905381715	0.48815497344580555
CCNB1	0.23828677833080292	1.1017230176008665	0.4881462629824792
LILRB3	0.2380511611700058	0.8231877432419703	0.4879048632026881
GPBAR1	0.23788166046142578	0.39218027588839716	0.4877311330030539
NRCAM	0.23778901994228363	0.648930202309902	0.487636158441138
RORC	0.23758229613304138	1.0970687453563397	0.4874241435634884
KRT73-AS1	0.23747101426124573	1.8666377778236682	0.4873099811970251
ANKRD55	0.23639942705631256	2.810894860671117	0.4862092439923728
ZNF331	0.23598933219909668	3.7055779420412502	0.4857873352083843
GBP4	0.23539882898330688	3.883671219532306	0.485179167310536
ITGAM	0.23512060940265656	1.0928570536466746	0.4848923724786734
A2M-AS1	0.2350042760372162	2.2311128882261424	0.48477240036321473
ATG2A	0.23466652631759644	3.422559820688688	0.4844239125562427
INO80B	0.23423554003238678	2.4112964868545532	0.48397885688467046
APBA2	0.23351895809173584	3.384685984024635	0.4832379932052275
DEGS2	0.2329905778169632	1.536829439493326	0.48269097917292053
CD74	0.23279261589050293	4.957443750821627	0.4824858750581447
GIMAP4	0.23260363936424255	5.396048802595872	0.4822899910073888
IKZF4	0.23260129988193512	1.7872862815856934	0.48228756444537113
CHRNA1	0.23258015513420105	0.7160657223027486	0.4822656485759253
RBBP8	0.23237772285938263	1.1310868916603236	0.4820557232803706
MIF	0.23235508799552917	6.0373925612523	0.48203225087525287
EGR3	0.2318885624408722	0.5687271339388994	0.48154808978685537
ALDH2	0.231390580534935	0.7587481301564437	0.48103074381515437
COL18A1	0.2309866100549698	2.225864194906675	0.48061066801202174
ADRB2	0.2309621274471283	1.0955446568819194	0.4805851929050453
CD36	0.2307673841714859	0.31937108701094985	0.4803825333162367
STX11	0.230613574385643	1.902768469773806	0.48022242708560786
MB21D2	0.23029135167598724	1.6707247770749605	0.4798868139043244
ZFP57	0.22950750589370728	0.5655278312758758	0.47906942196905217
CPNE8	0.2294759899377823	1.4682167183894377	0.47903652170637395
TMEM60	0.22925162315368652	2.375550471819364	0.47880228188252794
XRRA1	0.2291603535413742	3.3056486386519213	0.47870695771276717
PRR5L	0.22888435423374176	1.6736904015907874	0.47841860085326465
MEF2C	0.22862817347049713	0.5880469602461045	0.4781507847628519
HDGFL3	0.2286195605993271	2.374236991772285	0.47814178065521706
CAPG	0.22855204343795776	3.133746394744286	0.4780711702538984
MGST2	0.22799105942249298	1.8515815070042243	0.47748408823007177
CLN3	0.22779779136180878	2.9998116126427283	0.47728167546897915
ANKDD1A	0.22736716270446777	1.2478027366674864	0.47683032907242484
IGSF6	0.22728443145751953	1.381163865327835	0.4767435745799052
CLNK	0.22714796662330627	0.7101169549501859	0.47660042957367127
RHOC	0.2269875705242157	2.512305342234098	0.4764321259530997
LY86	0.22691689431667328	1.1082783673818295	0.47635794575329626
SOCS1	0.22567522525787354	3.5450988366053653	0.47505287014164954
TCF4	0.22549980878829956	1.0948094771458552	0.4748681947885768
GCNT1	0.22533674538135529	1.4086018181764162	0.474696472328076
CASP1	0.22526906430721283	3.645127351467426	0.4746251864643084
SEMA3G	0.22501106560230255	0.6234660466703085	0.4743533082198431
ACE	0.22499467432498932	1.1907508762983174	0.4743360359920263
ICA1L	0.22489364445209503	3.091848400922922	0.47422953217686936
C16orf74	0.22483979165554047	2.112436980009079	0.47417274244455393
SAMD12	0.22473470866680145	1.9133516229115999	0.47406192701238253
SIT1	0.22461917996406555	3.7329732729838443	0.47394005709044257
CLIC3	0.22443966567516327	1.6103962545211499	0.4737506440392381
PRSS23	0.22413063049316406	0.47730907081411433	0.47342435988022435
NEXN	0.22412003576755524	1.3414115882836855	0.4734131842915303
PTGDR	0.22397153079509735	1.0833600931442702	0.47325630101418537
NREP	0.22348785400390625	1.289300607947203	0.4727450134904559
SKAP2	0.22329002618789673	2.229479817243723	0.47253573583533937
SESTD1	0.2230304777622223	1.4996936504657452	0.472261019579507
PARP14	0.22294031083583832	3.87668370283567	0.4721655498935267
MDS2	0.22267921268939972	2.590107106245481	0.4718889761864234
GIMAP7	0.2224521040916443	6.027688631644616	0.4716482791764049
ALDH7A1	0.2217891961336136	1.6173985738020678	0.47094500777393006
GDPD5	0.22172798216342926	1.850428072305826	0.47088000488630866
LAMTOR5-AS1	0.22146561741828918	1.050009039732126	0.4706013313208678
GPR171	0.22133325040340424	3.696893572807312	0.4704606856033295
EML2-AS1	0.22128993272781372	0.950053178347074	0.47041464507219866
MIR22HG	0.22104352712631226	1.7520972673709576	0.4701526615471684
CES1	0.22101624310016632	0.729217676875683	0.47012365384335275
PLS3	0.22076725959777832	0.4575527220104749	0.4698587667539951
FCRL6	0.22023147344589233	0.6044984647574333	0.4692882585404269
SPC25	0.22011640667915344	0.31323940263917815	0.4691656456763141
EGLN3	0.2199925035238266	1.1432042098962343	0.4690335794641344
CD58	0.21985594928264618	2.521101048359504	0.46888799318881547
RELB	0.21973256766796112	2.707815018983988	0.4687563979663297
ZNF490	0.21957917511463165	1.6355530929106932	0.46859276529907445
SMN2	0.21954110264778137	1.3645039212245207	0.4685521394952823
AK5	0.2191758006811142	3.3460740676293006	0.4681621575805724
ACY1	0.21914462745189667	1.2296670841482968	0.46812886219420013
SPON2	0.2190691977739334	1.863411279825064	0.4680482801215551
ESCO2	0.21903985738754272	0.5384146829064076	0.46801693460946675
GADD45A	0.21894973516464233	3.039952800824092	0.4679206513846166
EPB41L3	0.21865442395210266	0.9440751442542443	0.4676049807170001
CDC42EP3	0.21858078241348267	3.2776929323489847	0.46752623254917586
CXCL13	0.21854466199874878	0.272520090202586	0.4674876136705571
IL18R1	0.21830731630325317	2.0912808821751523	0.46723368422389316
ZBTB10	0.2181297242641449	3.0645091166863074	0.46704359709277
ADAM19	0.2180193066596985	2.790225978081043	0.46692538067079625
B4GALT5	0.21753543615341187	1.8924969893235426	0.46640694496250434
JAK2	0.21734191477298737	2.2174531450638404	0.466199441456764
PERP	0.21712785959243774	2.020863574284774	0.46596980168359886
SLC1A5	0.21654127538204193	1.492824368751966	0.46533996052332766
CENPU	0.21639695763587952	1.1942954980410063	0.4651848679550459
SPSB2	0.2163122594356537	2.3759267513568583	0.46509381529897453
TAP1	0.21624520421028137	4.126025823446421	0.465021725186575
NBL1	0.21616052091121674	1.642871936926475	0.46493066086893736
OPRM1	0.21610167622566223	0.4435651573137595	0.46486737647640386
FAM66D	0.21600241959095	0.8232962219760969	0.46476060809262265
PIK3AP1	0.2159569263458252	0.6220162304548117	0.4647116579069878
SLC16A10	0.21559813618659973	2.538161649153783	0.4643254636443651
STOM	0.21558095514774323	3.0059225375835714	0.4643069544516684
CXCL10	0.21549540758132935	0.23843523394316435	0.4642148277432043
MYCBP2-AS1	0.21548227965831757	1.0428444009560804	0.4642006910052374
HLA-DMB	0.21547991037368774	1.574838672692959	0.46419814278555294
PTPN13	0.21531064808368683	1.4374112074191754	0.46401578099113217
CTNNA1	0.2151215821504593	1.4496071499127607	0.46381201660280513
CD86	0.2150307148694992	0.3870439428406266	0.46371404910844477
ADAM8	0.2146226167678833	2.994081506362328	0.463273801353147
FLVCR1-DT	0.21441935002803802	1.4939342828897328	0.4630543785284549
LTK	0.21441331505775452	1.2272295607970312	0.4630478550275427
NRIP3	0.2143087238073349	0.772772552875372	0.4629348952711293
GAN	0.21422451734542847	1.401311415892381	0.46284393996984186
CLEC11A	0.21406543254852295	2.5050566471540012	0.4626720541768401
RAPGEF6	0.21394404768943787	4.356408999516414	0.4625408679379285
AIF1	0.21387484669685364	4.346780043381911	0.4624660477505905
TBK1	0.2134021669626236	2.549916780911959	0.461954729992604
AOAH	0.2131732851266861	1.650067531145536	0.46170693212033825
SCIMP	0.21295283734798431	0.5868073690396088	0.4614681294334711
NOP2	0.2129097282886505	2.236521785075848	0.4614214150875248
F5	0.21249569952487946	2.1993636855712304	0.46097256374399886
LINC01220	0.21236805617809296	0.7266419865190983	0.460834086318301
GNA15	0.21223947405815125	1.1908857226371765	0.46069455306668333
KIF5C	0.21220342814922333	2.2068747832224918	0.4606554405473509
MX2	0.21216490864753723	3.9406946347309995	0.46061362189233845
FBXL8	0.21209442615509033	2.75364351272583	0.46053710063637954
ATF3	0.21173278987407684	0.5800307678202024	0.46014430985416455
FBXO6	0.2112269550561905	1.9341540611707246	0.4595943435480449
LINC02802	0.21095512807369232	0.8491929941452466	0.45929851592391646
CAPN12	0.2109370231628418	1.5993406772613525	0.459278803247209
AIRE	0.2107030600309372	1.0297922320090807	0.4590240221001472
FAM220A	0.2104800045490265	0.23386156824059212	0.4587810010767832
TRIM69	0.21032622456550598	2.995099691244272	0.45861336699338057
IL4I1	0.20933769643306732	0.9125750271173624	0.4575343723280442
HACD1	0.20909126102924347	1.464883109697929	0.4572649783980885
IRF8	0.20894616842269897	0.9580997595420251	0.4571063042085974
AUTS2	0.2085353434085846	2.3315959847890415	0.4566567019990708
HSPA1A	0.20851756632328033	2.8111038574805627	0.4566372383983404
IRF1	0.2083027958869934	5.157658723684458	0.45640200760802596
KLRG1	0.20805487036705017	3.161899392421429	0.45613031505371193
ANXA4	0.20794469118118286	2.336196482181549	0.4560095293257441
RUNX2	0.20783287286758423	2.6363660326370826	0.45588690773465285
FANK1	0.20755241811275482	1.157467687359223	0.4555792154818385
BIRC3	0.2073562890291214	4.761452766565176	0.4553639123705354
KLF8	0.2073480635881424	1.2899221777915955	0.4553548838909561
PMCH	0.20711037516593933	0.4687019374508124	0.4550938149258412
KIF15	0.20690041780471802	0.3739498420976676	0.4548630694271292
LINC02312	0.20670950412750244	0.4123934797512797	0.454653171924579
MCF2L2	0.20620927214622498	1.6072920583761656	0.4541027187514869
PARP12	0.20605498552322388	3.000681867966285	0.45393279729242114
LIMD1-AS1	0.2059846818447113	0.9894866278538337	0.45385534974074343
PPP2R2B	0.2059713453054428	1.2360327943013265	0.45384065392650597
DTX3L	0.20556895434856415	3.451406249633202	0.45339712204819493
TSPAN2	0.20534658432006836	2.031523264371432	0.4531518266800207
SLC39A4	0.20520727336406708	2.2891317273561773	0.45299809847572264
WDR86	0.2051490843296051	1.2303028679811037	0.45293386615376713
DTHD1	0.20512165129184723	0.6830373400679002	0.4529035760213881
LAP3	0.20476128160953522	3.4850597931788516	0.4525055532700027
ASB2	0.2045205533504486	0.6938876681602918	0.4522394850932629
MIDN	0.20434194803237915	3.2654931178459754	0.45204198169143234
TNFRSF11A	0.2041846364736557	0.5754540751759822	0.4518679464884788
LPAR6	0.20379947125911713	3.728428611388573	0.4514415558174738
YWHAH	0.2034258246421814	3.684388334934528	0.4510275267088062
CLIC1	0.20313847064971924	5.248540584857647	0.45070884940638556
PLBD1	0.20303860306739807	0.36619579777694666	0.4505980522454454
CDKN2B-AS1	0.2027249038219452	1.0665192284549658	0.4502498286423238
MT-ND1	0.20261752605438232	7.576538232656626	0.4501305610575829
MED18	0.20236770808696747	1.5700079982097332	0.44985297698203364
TBXAS1	0.20232528448104858	1.894833674797645	0.4498058343639621
ADGRE2	0.20225971937179565	0.7560914903879166	0.4497329484173109
IER2	0.2017388492822647	5.692941463910616	0.4491534883324745
IER5L	0.20127646625041962	1.2528765453742101	0.44863845894461274
CASC19	0.2012663185596466	0.9496691364508408	0.44862714115275126
ACTN4	0.201018825173378	3.624022153707651	0.4483512370623593
PELI1	0.20089668035507202	3.1375345175082865	0.44821498947594873
NFKB2	0.2007666528224945	3.286236359522893	0.44806992781534494
VAV3	0.20074379444122314	2.15332123866448	0.44804441201301876
FSBP	0.20072753727436066	1.3865580329528222	0.44802627463196015
C7orf25	0.20028896629810333	1.173923970415042	0.44753655897695466
CPPED1	0.20002718269824982	1.7796928103153522	0.44724398109664426
PIM3	0.19976887106895447	3.755198047711299	0.44695510387796544
HPGD	0.19936366379261017	2.558993568787208	0.4465015801369288
CEBPA	0.19923752546310425	0.7726202618617278	0.44636031207691046
LINC00299	0.1992218941450119	0.9496828019618988	0.44634280568100093
ZNF410	0.19912363588809967	2.6184500868503866	0.44623271702044465
IGF1R	0.19911038875579834	2.805216138179486	0.4462178667924907
TRIM22	0.1982949823141098	4.495200542303232	0.4453032454951594
HSPA1B	0.19774626195430756	1.3765077269994295	0.4446867049136058
RNASE6	0.19747880101203918	1.0448796863739307	0.44438586861097973
ZNF286A	0.1974552571773529	2.2473523433391867	0.44435937348254606
NIBAN2	0.19739925861358643	0.7352241140145522	0.44429637078299533
HCG25	0.19732670485973358	1.5247300679867084	0.44421470140814845
SLAMF7	0.1969316154718399	0.7513751585323077	0.4437697779940291
TMEM140	0.19688285887241364	1.8190092673668494	0.4437148435019551
PSD3	0.19672594964504242	0.6659853131725237	0.4435379899354193
STIMATE	0.19663554430007935	1.8409872261377482	0.4434360617715351
NFKBID	0.196242094039917	2.171124655466813	0.44299219962992314
TOX2	0.19602219760417938	1.3825883750732129	0.4427439466998766
GNG4	0.1958315074443817	0.25707876259604323	0.4425285411551848
ZNF23	0.1957305371761322	1.5630406485154078	0.44241444333009533
MAFF	0.1953611671924591	1.7108793189892402	0.4419967888947152
LAT2	0.1953464150428772	0.9096470108399024	0.4419801121735483
SLC2A14	0.19532178342342377	0.2602615884075371	0.44195223359361513
SNAI3	0.1951536238193512	1.981299414084508	0.4417619573036446
UNC93B1	0.19508309662342072	2.2063648333916297	0.44168212004358115
GAS2	0.1948453038930893	1.1026696941027274	0.4414128507180858
GOLGA8A	0.19471177458763123	3.2450390870754537	0.4412615697612752
DDX60L	0.19450579583644867	3.4807169254009542	0.4410281183128581
HBEGF	0.1942927986383438	0.9191710238273327	0.44078657141114735
CHEK1	0.1942243129014969	1.3231251354400928	0.440708879330832
GRN	0.19402849674224854	2.606908229681162	0.4404866525927912
TRPM2	0.19396691024303436	0.5497096152259753	0.440416748929711
CD200R1	0.19390812516212463	2.2216912783109226	0.440350010325386
RGS2	0.19388844072818756	2.8479338930203366	0.4403276570779939
STAP1	0.1937589943408966	1.4076314178796916	0.44018063255290585
ZNF66	0.19374245405197144	2.1785789407216587	0.4401618445067929
ZNF385A	0.19368420541286469	0.42276305647996754	0.4400956831716281
CPT1B	0.19357822835445404	1.0957738619584303	0.43997525252895664
RAD51	0.19301928579807281	0.5656744221655222	0.4393396009975103
BUB1	0.1925063282251358	0.7394762302820499	0.4387554234310318
APOBEC3G	0.1922968626022339	3.56775687291072	0.43851665745947577
LY86-AS1	0.1920737475156784	0.5205791807518556	0.4382621912136605
IRF5	0.19202369451522827	0.9531433375982138	0.4382050781330424
STARD4-AS1	0.19199615716934204	1.2727703062387614	0.43817366166995664
TOMM5	0.19193142652511597	4.320298772591811	0.43809978219686724
DUSP10	0.19169624149799347	2.005667645197648	0.43783130113525964
PTGER4	0.19163520634174347	3.717523318070632	0.4377615939361662
ESR2	0.19146612286567688	1.618952744282209	0.43756842148241565
CENPM	0.19131557643413544	2.1581511543347287	0.43739636762658296
CNTLN	0.19124111533164978	0.8434887465376121	0.43731122806366896
INF2	0.19118094444274902	2.382194656592149	0.4372424260065729
KANK1	0.19111447036266327	1.650348968230761	0.43716640897971
ZDBF2	0.19109240174293518	2.8268457513589125	0.43714116298486244
S1PR5	0.19104818999767303	0.49569985478256756	0.4370905963205234
HAVCR2	0.19091644883155823	1.063282705270327	0.43693986429764803
CHKB	0.19073183834552765	3.1564768185982337	0.4367285662563803
SERPINF1	0.19067949056625366	0.763606907083438	0.4366686330121772
CDA	0.19045275449752808	0.21616753989544052	0.4364089248443378
SIGLEC10	0.18977314233779907	0.4124945935148459	0.4356295980998798
JAKMIP2	0.1896626353263855	1.627248193208988	0.43550273634061154
EDRF1-DT	0.18908095359802246	0.9444598303391383	0.43483439371043014
SLAMF1	0.18888920545578003	3.063660896741427	0.43461385522099066
PREX1	0.18804512917995453	3.590301137704116	0.4336417031374332
CD33	0.18786998093128204	0.46061342037641084	0.43343971591400243
LINC01948	0.18778030574321747	0.9186577880038664	0.43333624382016817
KLF9	0.18772505223751068	3.8998563839839053	0.4332724850162771
MATK	0.18752029538154602	2.414121490258437	0.4330361331346058
PLA2G4C	0.18741735816001892	0.5081041243213874	0.432917261290202
FANCL	0.18684022128582	0.9568160084577707	0.43225018082233696
FGFR1	0.18657633662223816	1.4958894802973821	0.4319448371989486
NUF2	0.1863347291946411	0.9290286222329507	0.43166505924269927
SLC35F3	0.18631866574287415	0.5472652730173789	0.4316464632386943
CIITA	0.18631203472614288	0.9053576496931223	0.4316387806102158
MT1F	0.18619127571582794	2.8908770176080556	0.4314988728591057
BCL2L15	0.18612085282802582	0.9859146338242751	0.4314172620964094
LINC00426	0.18607905507087708	2.4614817591813893	0.43136881643275754
LILRA1	0.18590614199638367	0.24413504200772598	0.43116833965950385
MBOAT1	0.18576815724372864	2.0513637432685266	0.43100829903188465
DHX58	0.18560881912708282	2.2816512172038736	0.4308234144870491
NR4A3	0.18517085909843445	0.6226027407325231	0.4303148406184225
PGGHG	0.18471510708332062	3.436550892316378	0.4297849564385709
SEMA4A	0.18468722701072693	0.48616327732228315	0.42975252123087593
SDK2	0.1840900182723999	0.8255395591259003	0.4290571248975398
LDLR	0.18408751487731934	1.9133634796509376	0.4290542012250758
CCDC122	0.18395639955997467	1.0917265965388372	0.42890139475466216
COL5A3	0.1838691532611847	0.8501584091438696	0.42879966182524637
SAP30	0.1837027668952942	2.3382134345861583	0.4286056094168145
MTHFD2	0.1836266964673996	2.588145558650677	0.4285168642232009
RELL1	0.1836160272359848	2.13497577722256	0.42850440460192407
ARL17A	0.1834709197282791	2.7457694640526404	0.42833504842505005
JUND	0.18329215049743652	6.410543900269729	0.42812631813008956
CD82	0.18325844407081604	3.5057775515776415	0.42808695873907454
CHST7	0.1832570880651474	2.0734872909692617	0.42808537750983383
C19orf38	0.18297094106674194	0.8593475199662722	0.427751030201693
TROAP	0.18296916782855988	0.49896119706905806	0.4277489608593489
CDCA7	0.1825663149356842	1.8528150870249822	0.4272778003562618
TENM1	0.18248307704925537	1.9702755946379442	0.42718037435685396
SYTL2	0.18214303255081177	2.4520694475907545	0.42678218157070763
SIGLEC1	0.18208761513233185	0.12809931941760275	0.4267172479392566
F2R	0.18200811743736267	1.2113640698102803	0.4266240968399637
BTG3	0.18197467923164368	3.2101513972649207	0.4265848990392819
ZNF737	0.18196871876716614	2.6503917895830593	0.4265779106799611
HLA-DMA	0.1819363832473755	2.5345341013028073	0.4265400128032327
NDUFA13	0.18162256479263306	5.368736560528095	0.42617199298964065
SLC11A1	0.1815805733203888	1.3204742899307838	0.4261227271463627
ARSD	0.18105800449848175	0.8596215099096298	0.4255091148727098
PRAM1	0.18097534775733948	0.5813032262600385	0.4254119723015101
LINC02580	0.18090051412582397	1.0159882983336082	0.42532401098544553
ADAM12	0.18086087703704834	0.9983315238585839	0.4252774042515036
TNFRSF1B	0.18071700632572174	3.8374500641456017	0.4251082284064698
FXYD1	0.18071042001247406	2.6276333102813134	0.42510047951841295
BRCA1	0.180537149310112	1.278872787952423	0.42489663706621317
PIK3R3	0.18033912777900696	0.7807956555714974	0.4246635386785074
SYNE2	0.1800546944141388	5.234485589540922	0.4243285271889073
PAQR8	0.18000076711177826	2.1145939253843746	0.424264968700756
BCL6	0.1799161732196808	1.230015481893833	0.4241652715205321
CHPT1	0.17986030876636505	2.495091763826517	0.42409941169182075
GMNN	0.17960695922374725	1.841009190449348	0.4238006159463059
CD8A	0.17960193753242493	0.601133175767385	0.42379468036716306
A2M	0.1795525699853897	1.022413017658087	0.4237364419300388
CD1C	0.179245263338089	0.3404197961880037	0.4233736726899528
SPECC1L	0.1792314350605011	2.6911795185162473	0.42335733915680285
DLEU2L	0.17896777391433716	0.8928693785117223	0.4230458214188342
IQCN	0.17894247174263	0.9945337141935642	0.42301591946069284
BTK	0.17844060063362122	0.32175779822640693	0.42242230183829393
CPT1A	0.17830078303813934	2.6423433285493116	0.4222567651260372
IL7	0.17806421220302582	0.6727537335111544	0.4219765619072717
WNT10A	0.17801350355148315	1.4637041023144355	0.42191646460841875
TRANK1	0.17793196439743042	3.333099071796124	0.42181982249447886
GNAI1	0.17789943516254425	1.1293687052451646	0.4217812591407368
IFITM1	0.17751218378543854	4.966833408062275	0.4213219419612388
TRDMT1	0.17744262516498566	3.0387440553078284	0.4212393971572563
MUC1	0.1770719736814499	0.8541050215180104	0.420799213961548
RBAKDN	0.17679575085639954	0.6886544571473048	0.4204708626147475
UBE2L6	0.17647230625152588	4.090559445894682	0.42008606844729934
SUSD4	0.17629072070121765	2.063284016572512	0.4198698840660978
CD300LF	0.17625603079795837	0.22822573086103567	0.41982856475598185
MT-ND3	0.17624922096729279	8.23468017578125	0.4198204592932388
EDARADD	0.1758011281490326	0.7958725106257659	0.419286454190907
ST8SIA1	0.17514094710350037	2.2389028255756083	0.4184984439275061
KDM6B	0.17511411011219025	3.2792719510885386	0.4184663719639236
PLAUR	0.17506030201911926	1.034694444674712	0.4184020831999339
PLXDC2	0.17503279447555542	0.2766725856882448	0.41836920323256127
KIFC1	0.17489585280418396	0.5015603475845777	0.418205522693322
VMP1	0.17467458546161652	4.260173137371357	0.41794088953559605
ELF3-AS1	0.17453840374946594	0.9542995490706884	0.41777794259105616
CAPN2	0.1745002120733261	4.127637569720928	0.4177322295548236
PPIAL4G	0.17439109086990356	1.4293582095549657	0.4176015992416665
LOH12CR2	0.17433851957321167	1.2908396147764647	0.4175386491180014
ZNF257	0.17425347864627838	1.2209558211840117	0.41743679352417
RIPK2	0.17399966716766357	2.528268438119155	0.4171326754672363
CXCL8	0.17389698326587677	0.20420337196152943	0.41700956484198703
RASGEF1A	0.17383909225463867	0.8842122422961088	0.4169401601614283
BCL11B	0.17383204400539398	6.072424723551824	0.4169317090319523
BMERB1	0.17383068799972534	0.681417546593226	0.4169300795497875
RGS18	0.17380210757255554	0.721295235821834	0.41689580606271015
ZNF584	0.1737087070941925	1.9834360572007985	0.4167837605187739
KLF11	0.17290616035461426	1.8422769262240484	0.41581987050062963
TAFA1	0.1728605180978775	0.6766583495415174	0.41576498686475144
CHST12	0.17260399460792542	3.229571140729464	0.4154563756691065
E2F8	0.17234991490840912	0.23363498254464224	0.4151504814987593
ARHGEF35	0.172214075922966	1.4218500462862163	0.41498684387972856
TTN	0.17219747602939606	3.432609567275414	0.4149668384564209
C1QB	0.17198801040649414	0.15280245359127337	0.4147143663777046
GGT1	0.1719752848148346	0.2388662897910063	0.41469902561453403
KATNAL1	0.17195183038711548	1.6101104479569655	0.4146707450076868
ZNF365	0.1716378778219223	1.0339120145027454	0.41429201590866477
LINC02422	0.17146532237529755	0.9128719978750899	0.4140837149449321
OCLN	0.1713416427373886	1.489502659210792	0.41393434511842203
ABI3	0.1712607890367508	2.0234871185742893	0.41383666580111056
LDHC	0.17123059928417206	0.32186450289848906	0.4138001885107093
MAP3K14-AS1	0.17118114233016968	1.836997389793396	0.4137404257167341
EIF4A1	0.1710401028394699	5.561853188734788	0.4135699528287816
CFL2	0.17102321982383728	2.628976207513076	0.4135495303057661
BATF	0.17100559175014496	3.1271436856343198	0.41352821670820494
IFRD1	0.17096714675426483	3.817896760427035	0.41348174474837446
CTSZ	0.17069116234779358	2.965991396170396	0.41314786902252715
G0S2	0.1706860363483429	0.5826785593078687	0.4131416696679804
SERPINB6	0.17067235708236694	3.3732902728594265	0.4131251171279113
FIRRE	0.1703587770462036	1.3657679649499745	0.41274540793135855
IRAK3	0.17025291919708252	0.5130069298812976	0.41261716052152303
CDC45	0.1702093780040741	0.3749612079790005	0.41256439365599457
CABP4	0.1701260358095169	1.4750663764201677	0.4124633820779845
IL17RB	0.1701120138168335	0.4736841183442336	0.4124463744148715
TRIM21	0.17003333568572998	2.343354243498582	0.41235098706487217
LETM2	0.16994157433509827	1.5742172919786894	0.4122397137614122
ADAM23	0.1699148565530777	1.0781438591388555	0.4122072913267819
TGFBR3	0.16986703872680664	2.1816432017546434	0.4121492937008953
LY75	0.16954942047595978	3.315240117219778	0.41176378363473026
ADAMTS6	0.16946890950202942	1.8941743740668664	0.411666014911914
CTLA4	0.16933868825435638	2.5822141674848704	0.41150782305485256
LINC00987	0.16931796073913574	1.3039078643688788	0.4114826443061832
HOXB4	0.16922907531261444	1.686580900962536	0.4113746119018679
MAP1A	0.16916261613368988	1.033980136880508	0.4112938355804106
RGPD5	0.16910956799983978	2.47115637247379	0.4112293363733122
DBNDD1	0.1690797209739685	0.6716208377709756	0.41119305151611346
MDP1	0.1690380722284317	2.675946905062749	0.4111424078014299
SAMD9	0.16851940751075745	4.3143964272279005	0.4105111543049988
PADI4	0.16844883561134338	1.3647301368988478	0.4104251887893354
JPT1	0.16834890842437744	4.193644037613502	0.41030343182417917
APOBEC3C	0.16819164156913757	3.388818566615765	0.4101117341881602
C12orf75	0.16812576353549957	3.8886809257360606	0.41003142343717847
STMN1	0.1679551750421524	3.9284126391777625	0.4098233511536376
COL9A2	0.16769567131996155	0.796689493724933	0.4095066209407706
NFKBIZ	0.1672755628824234	4.780799590624296	0.4089933484244978
SRXN1	0.16721534729003906	0.6672579174001629	0.40891972431012147
KIF21A	0.16702969372272491	2.254739440404452	0.4086926560975637
MT-ND6	0.1669590324163437	4.073880534905654	0.40860621104113337
DENND3	0.16693949699401855	1.3932889493612142	0.40858230532582146
RAD51AP1	0.16692626476287842	0.7281768528314737	0.408566103498771
SMAD5	0.16691583395004272	2.1712795862784753	0.4085533354489433
IGFBP4	0.16679060459136963	1.063941710270368	0.4084000595779474
KRT2	0.16670504212379456	1.0514725091365666	0.4082952820155472
OTUD7A	0.16656139492988586	1.6610551751576936	0.40811934458505517
EDAR	0.16636431217193604	1.310341660793011	0.4078778100152984
TESC	0.1663496047258377	1.6302801141372094	0.4078597921976576
ZWINT	0.1663038283586502	1.42260965017172	0.40780365652176986
DDX43	0.16572929918766022	0.7172807647058597	0.4070986400899603
BST2	0.16566893458366394	4.6930317511925335	0.4070244963909272
PLXNA4	0.16559568047523499	0.780249478152165	0.4069344996867368
RHOBTB3	0.1654023379087448	1.0310655259169066	0.40669686746556066
SH2D2A	0.1653740257024765	2.7808227905860314	0.4066620487479504
OSCAR	0.16499711573123932	0.30952419111361873	0.4061983681782585
PLK2	0.16497451066970825	1.069722023147803	0.4061705471734842
NR2F6	0.16492559015750885	1.6922152294562414	0.40611030965799944
KIF2C	0.16489607095718384	0.4126657430942242	0.4060739811123837
ARHGEF12	0.16470400989055634	1.5228455318854406	0.4058374213052845
CCR1	0.16469600796699524	0.2569917978074115	0.40582756362288613
C1GALT1C1	0.16453669965267181	2.6005720037680407	0.4056312329691987
GPRIN3	0.16450098156929016	3.8624484080534716	0.40558721276436305
ADAP2	0.16438747942447662	0.27958334796130657	0.40544725367794554
TMEM204	0.16435757279396057	3.581911224585313	0.4054103795778669
PWP2	0.1640501618385315	0.6063730004243553	0.40503106496837077
RASSF4	0.16402800381183624	0.42316272396307725	0.405003702956937
STX18-AS1	0.16390684247016907	1.7399566586201007	0.4048540941605042
KIF23	0.16389453411102295	0.338764746601765	0.40483889397605205
SLFN5	0.16380548477172852	5.092310245220478	0.4047289063412575
RGS9	0.16376443207263947	0.7142746660571831	0.4046781875781793
DDIT3	0.16340185701847076	2.7695937798573422	0.4042299493039894
ARHGEF5	0.16309280693531036	1.4706346759429345	0.4038474958229936
KLHDC7B	0.16302436590194702	1.908654047892644	0.40376275950792345
DGKH	0.16299346089363098	2.9518857460755568	0.40372447774221787
LHFPL5	0.16284571588039398	0.9474682236233583	0.4035414713989861
CCDC68	0.1627093404531479	0.23321009026123926	0.4033724514788685
TPM2	0.1626194566488266	1.5298508543234606	0.40326102898664623
NOD2	0.1625068336725235	1.008258588038958	0.4031213687497783
FBXO5	0.16246671974658966	1.7017609156095064	0.40307160493277167
TOB1	0.1624576598405838	4.577262979287368	0.4030603609466047
SLC14A1	0.1624573916196823	1.566689791587683	0.4030600267064091
CACHD1	0.16231267154216766	1.211993667941827	0.40288046508388564
RASA4	0.16228491067886353	2.633823912877303	0.4028460126988255
TMEM9B-AS1	0.16223841905593872	1.5625965824493995	0.402788296360067
ARL4A	0.16216132044792175	3.647964303310101	0.40269259553387443
PRDX3	0.16193728148937225	3.1785070345951962	0.402414308107885
MIR181A1HG	0.1619214564561844	2.238012263408074	0.40239466035915233
CALML4	0.16188447177410126	1.0365299811730018	0.4023486987497556
PDE4D	0.16181786358356476	3.5866296658149133	0.40226590401686474
CDK2AP2	0.16179262101650238	3.7922436457413893	0.40223453109672047
SAMD3	0.16172675788402557	3.9263202868975124	0.40215265896000923
ARL4D	0.16157054901123047	1.1120727623884494	0.40195839774375575
CDC6	0.1613161712884903	0.4505394542446503	0.40164184373981265
NFKBIE	0.16100986301898956	1.546453072474553	0.4012603399883444
EEPD1	0.16084447503089905	2.3776016510449924	0.40105419717121915
CDCA7L	0.16075555980205536	2.759526958832374	0.40094334002265397
IFI16	0.16057026386260986	4.761146417030921	0.40071219954474446
ZC3H12D	0.16055840253829956	3.110200230891888	0.4006974044177693
GAPT	0.1604374796152115	0.3413565633818507	0.4005464727118023
ST6GALNAC1	0.16042374074459076	1.907540472654196	0.4005293270958544
LILRA2	0.16009275615215302	0.3089902517743982	0.40011592844358584
MELK	0.1600809544324875	0.3212485433054658	0.4001011812981012
RAB11FIP1	0.15994735062122345	3.533845250423138	0.3999341765565753
SMAD1	0.15988795459270477	0.7784470463028321	0.3998599246357558
FGD2	0.15981508791446686	0.4651698719423551	0.399768796835029
SLFN13	0.15975521504878998	2.4474075069794288	0.3996939055277568
TSPAN18	0.15937000513076782	2.8283419471520643	0.3992117230307009
MYO6	0.15933667123317719	0.9630615034928689	0.3991699825811429
FADS2	0.1592441350221634	0.38919469241339427	0.3990540419221929
TXNDC17	0.1590346097946167	3.4485874817921567	0.398791429944743
PCNA	0.159011572599411	2.9846430466725278	0.3987625574864576
LINC01465	0.1590106189250946	1.152964541545281	0.398761358861777
GIMAP8	0.15897634625434875	2.8841832830355716	0.39871837988135994
GNG8	0.15857158601284027	1.0190741265049348	0.3982104743982087
KRT73	0.1583731323480606	0.7938420915832887	0.3979612222974348
CDCA5	0.15803661942481995	0.37798105953977656	0.397538192266307
CENPN	0.15801982581615448	1.2150960862636566	0.39751708391059426
LYAR	0.1579500138759613	3.997565590418302	0.3974292570948267
NCALD	0.15774241089820862	2.0479019651046166	0.39716799613633624
E2F1	0.1577051430940628	0.7738802994673069	0.3971210612595133
RASGRP3	0.15767571330070496	1.3006416605069087	0.3970840196013646
S1PR4	0.15759128332138062	4.642654565664438	0.3969776953541853
MAP3K5	0.15750207006931305	2.669576658652379	0.39686529683866956
NT5E	0.15734480321407318	0.9807611554861069	0.3966671184264698
NEU1	0.15731434524059296	2.65237766962785	0.39662871618865314
IL15RA	0.15728165209293365	1.5180164346328149	0.3965875056148649
ADSL	0.15718244016170502	3.763719632075383	0.39646240508123815
TLR3	0.15706229209899902	0.6300472720311239	0.39631085365598223
PIEZO1	0.15704861283302307	3.0046002773138194	0.39629359996745356
SLC4A10	0.1570412963628769	0.640220193622204	0.3962843669071603
GIMAP6	0.15703600645065308	3.4353381670438328	0.39627769135069724
TSKS	0.15696987509727478	0.7950761587573931	0.3961942327362355
FANCI	0.15665435791015625	1.462367282463954	0.3957958556826489
MZB1	0.1565365344285965	0.6811923602452645	0.3956469777652274
INPP1	0.1564565896987915	1.25562384724617	0.39554593940462757
LRRK2	0.15635524690151215	0.30709472427574486	0.395417808308627
AURKA	0.15634272992610931	0.7220769650661029	0.39540197681228134
PLP2	0.15626035630702972	4.813245452367342	0.3952978157973395
APOL1	0.15618278086185455	2.201994185264294	0.3951996719504512
C14orf132	0.15613903105258942	0.6882031594331448	0.39514431942264955
TIMP1	0.15606190264225006	4.480940048511211	0.39504670393475183
ARHGAP18	0.1557556390762329	2.0154705460254965	0.3946588880190646
NRIR	0.1557314693927765	0.43628676959241813	0.3946282654009432
SESN1	0.15554781258106232	3.2090458411436815	0.39439550834552084
CDK14	0.1553591936826706	0.4724834357889799	0.39415630534478446
TPO	0.15525464713573456	0.6101582414255693	0.3940236594962653
ZNF683	0.15522946417331696	0.3713371899122229	0.39399170442865594
LINC00685	0.15520843863487244	2.73324572123014	0.3939650242739654
LILRA4	0.15514391660690308	0.1731152143329382	0.39388312878651927
ATP2B1-AS1	0.155075803399086	3.5648421415915856	0.3937966549206573
ZHX1-C8orf76	0.1550626903772354	0.16770961192937997	0.39378000629671533
NCAPH	0.1550096571445465	0.6036673927536378	0.39371265159892654
P2RY13	0.15486271679401398	0.23325691608568797	0.3935260134931752
ANXA1	0.1547679305076599	5.634166222352248	0.3934055485285257
PLEKHA5	0.15456365048885345	1.9474739799132714	0.39314583651976126
GNL3L	0.15437480807304382	3.3639454658214865	0.3929056052959927
PLEKHO2	0.15431268513202667	1.3282708319333882	0.3928265422804162
NAIP	0.15427424013614655	2.604428231716156	0.3927775890552317
MFAP1	0.15422435104846954	2.756198754677406	0.3927140786869455
TICAM1	0.15381547808647156	1.6013970696009123	0.3921931564550175
KEAP1	0.15376095473766327	2.100213037087367	0.39212364902263724
SLC16A3	0.1536465734243393	1.6700022977132063	0.39197776481849317
ITPR1	0.15364310145378113	3.226951892559345	0.39197333531105716
STARD10	0.15362806618213654	2.1619145503410926	0.3919541607267072
NINJ2	0.15361912548542023	1.6575904534413264	0.3919427493445753
ACOT7	0.1536136418581009	1.6472417666361883	0.39193576444734013
ADTRP	0.1533411741256714	3.4487566214341383	0.3915880234040604
PLCG1-AS1	0.15330302715301514	1.0120386935483952	0.39153930944132564
DYNLL1	0.1531844288110733	4.700866387440608	0.39138782590317545
CCDC144NL	0.15315736830234528	0.9057921944902494	0.3913532595116171
ITGA4	0.15312674641609192	5.1929802527794475	0.3913141251258761
PSAT1	0.1530778557062149	1.4101686225487635	0.39125165595844197
WNT7A	0.1527053564786911	1.9102056553730598	0.3907753283008082
DNAJB1	0.1526811420917511	4.784629491659311	0.3907443511163518
BRCA2	0.1524597406387329	1.7508301459825957	0.39046094308424956
EOMES	0.1524428129196167	0.7930850392350783	0.3904392579438829
FES	0.1524192839860916	0.29868159615076506	0.3904091211902984
LINC02812	0.15236417949199677	0.7974392404923072	0.3903385526408749
EGFL7	0.1523013561964035	0.19322316205272308	0.39025806806946217
MT-ND4L	0.15211686491966248	5.034872981218191	0.3900216143842254
TSPAN33	0.15203990042209625	1.1862610693161304	0.38992294103850306
CRYBG1	0.15191622078418732	3.8783598129565897	0.38976432341678846
LINC01825	0.15190823376178741	1.118187942971977	0.3897540591050897
POLR3K	0.15187150239944458	2.827896228203407	0.38970695340976735
B3GALT2	0.1518205851316452	0.7971440106630325	0.3896416063768807
SETD9	0.15180207788944244	1.2903669075323985	0.38961785556536604
TIMP2	0.1517040878534317	1.5041575592297773	0.3894920934798903
TSHZ2	0.15160614252090454	3.8396434417137733	0.389366336405831
MAP1LC3B2	0.15155789256095886	0.70808089696444	0.38930436818222963
TXN	0.15115028619766235	4.767613025812002	0.38878050267500486
LYPD3	0.15090808272361755	1.5019493813698108	0.3884688864273459
MCM4	0.1507282555103302	1.871396073928246	0.3882373655229271
FBXO2	0.15047092735767365	1.717545789021712	0.3879058140158971
SGO1	0.15046565234661102	0.6994040794670582	0.38789903221024896
TMEM220	0.15042054653167725	1.498705382530506	0.3878408713272074
PYHIN1	0.15036751329898834	3.7206800259076633	0.3877725022651147
DOK6	0.15029412508010864	1.2912906649021	0.3876778600935133
TLCD1	0.15021094679832458	0.8664054584044677	0.3875705776054433
NFIL3	0.1501181274652481	1.105681368937859	0.38745080869663057
TUBB4B	0.14979787170886993	3.8441260136090794	0.3870372954374005
ANK1	0.14954064786434174	1.325366143996899	0.38670486255827535
DPPA4	0.1495315581560135	0.764516953092355	0.386693110205295
SEMA5A	0.14950892329216003	0.6494993538810656	0.3866638306859009
CLEC4A	0.14944468438625336	0.6053057737075366	0.38658076050889795
MIR133A1HG	0.14933782815933228	0.8150884005456016	0.3864425379855291
RNF139	0.14932064712047577	3.4532191936786356	0.3864203079546197
HELLS	0.14915768802165985	2.7938839197158813	0.3862093922622377
SLC25A20	0.14870154857635498	1.9831863045692444	0.3856183961361855
GFOD1	0.14846736192703247	0.8195240600750997	0.3853146198513059
NIPAL2	0.14844545722007751	0.7743996172570266	0.3852861925679216
ZNF337-AS1	0.14819248020648956	1.8449041430766766	0.38495776683182353
NEAT1	0.14781802892684937	6.2354514598846436	0.3844710940387627
KDM4A-AS1	0.14776894450187683	1.6500444228832538	0.38440727223288457
ZNF80	0.14765524864196777	0.8679686234547541	0.3842593422373583
ZFP91	0.147548109292984	3.6205325585145216	0.3841199084037253
GATA3-AS1	0.1474287062883377	0.8236974374606059	0.38396445650128186
SCML1	0.1471724659204483	2.665202443416302	0.38363063846796686
ELOVL6	0.14691415429115295	1.0011128072555249	0.3832938304604595
CCR4	0.14691029489040375	2.256014186602372	0.3832887884965768
NMI	0.1468227654695511	3.8125435205606313	0.38317458273317495
CD93	0.1467544138431549	0.3931539457004804	0.383085378695703
COPB2	0.14663825929164886	3.2376417013315053	0.382933757937183
LDOC1	0.14640285074710846	1.2876602250796099	0.3826262504763059
CBR1	0.14637060463428497	2.99812074807974	0.38258410851365243
PHF23	0.14635838568210602	2.3360046606797438	0.38256814381811555
NUGGC	0.14606106281280518	0.8705292859902749	0.38217935635001987
PSME2	0.14593848586082458	5.295221622173603	0.3820189661962738
SNHG25	0.14591364562511444	4.348981958169204	0.38198644409982313
TRIM25	0.14563396573066711	2.539931297302246	0.3816201889412168
RHBDL1	0.1456199735403061	1.0257471593526692	0.38160184957187804
PTPRM	0.1454845815896988	1.373394665809778	0.38142441245915565
UBE2S	0.1453237384557724	3.5467676657896776	0.38121351305332024
SLC22A18	0.14530423283576965	1.7827061460568354	0.38118791602967284
EPS8	0.14527954161167145	2.3540765918218174	0.3811555359829089
HSPA2	0.14522883296012878	0.6970337079121516	0.3810890129162315
ROBO3	0.145222008228302	1.603847398207738	0.3810800474250205
CRTAM	0.14507979154586792	1.2495232912210317	0.3808934115084795
CARD6	0.14502982795238495	1.2810154327979455	0.38082781717265635
CSF1	0.1448497772216797	1.1238986574686491	0.38059134379607445
SMDT1	0.14479807019233704	5.400648263784555	0.3805234196200645
TMSB4Y	0.14476856589317322	0.20509011699603155	0.38048464309237984
GBP2	0.144664004445076	4.351504518435552	0.3803472249685852
PRSS21	0.14464525878429413	0.7353797234021701	0.38032257120804097
SHCBP1	0.14448128640651703	0.4606125154174291	0.3801069400943203
CARD8-AS1	0.14447259902954102	2.7359690849597635	0.3800955098215536
TMED2-DT	0.1442815512418747	0.8079707897626437	0.37984411083273956
MAP1LC3A	0.14405666291713715	1.818804607941554	0.37954797349975467
FRY	0.14397870004177094	2.479730936197134	0.37944524438872235
GSE1	0.14396941661834717	1.9935262615864093	0.37943302396021483
PSMB9	0.14388097822666168	5.2636479414426365	0.37931645358971905
LINC02739	0.14384157955646515	0.7769861255700772	0.37926451945985884
SDSL	0.14371471107006073	0.2917913459957792	0.37909722819124025
GPR160	0.14365704357624054	2.4741293100210338	0.3790211568944537
TRAFD1	0.1436251401901245	2.6239345348798313	0.3789790705387209
POU3F1	0.1435696929693222	0.7663918223518592	0.37890592038398285
CSNK2A2	0.14355769753456116	3.006005993256202	0.3788900829156639
CCL20	0.1434554010629654	0.7071442073927476	0.378755071291631
OLFM2	0.1433587670326233	1.8431942829718957	0.37862747940538505
MS4A1	0.14333124458789825	0.6512822663554778	0.3785911337477799
PSMD9	0.14323323965072632	3.958409749544584	0.37846167479142473
LRIG2-DT	0.14311975240707397	0.8108922036794516	0.3783117184070035
LPGAT1	0.14306344091892242	3.2894418147894053	0.378237273250687
RPP38-DT	0.14305898547172546	0.73175482910413	0.37823139303522835
CD1D	0.1430349498987198	0.2083345799921797	0.3781996220783366
NCR3	0.14276303350925446	2.2709152560967665	0.3778399636008373
CSF2RA	0.14275513589382172	0.3930586977646901	0.3778295144656343
IL18RAP	0.1427513211965561	0.6418630297367389	0.37782446485322635
AHR	0.14266319572925568	3.017598656507639	0.37770781871931836
MIR99AHG	0.14212647080421448	0.9881593871575135	0.37699664317272075
RNF19A	0.14212578535079956	4.162756122075594	0.3769957344269831
CXCL16	0.1421043425798416	0.723708243897328	0.3769672890313291
FAM50B	0.14209428429603577	1.9995598196983337	0.3769539649657607
LSR	0.1420523226261139	2.505025253846095	0.3768982962314758
ARHGAP11A	0.14197857677936554	1.2963404815930586	0.37680045665032263
SLC8A1	0.14194712042808533	0.29820738116709083	0.3767587013139362
GPR68	0.1419275552034378	1.2479678552884321	0.37673274224458153
EDN3	0.14188770949840546	0.38847894644221437	0.3766798482303951
IL6ST	0.14162138104438782	4.8201655974754924	0.3763261622883259
SP100	0.14156723022460938	5.242946001199575	0.376254214339812
FASLG	0.14156264066696167	0.37088905239047915	0.3762481027906217
SULT1A1	0.14153382182121277	2.245212664970985	0.37620980151930244
LTC4S	0.1415175348520279	1.3848035679413722	0.37618816679741124
NABP1	0.141424298286438	3.532167388842656	0.3760642123956818
LINC01355	0.14139385521411896	1.0793356952758937	0.37602375277591493
TRIB1	0.14136622846126556	0.6916501235503417	0.3759870008808513
PSMB10	0.14130395650863647	4.704950589400071	0.3759041770798734
SLC27A2	0.14119891822338104	0.4291788995839082	0.37576443754814104
LINC01281	0.14085491001605988	1.0676212803675578	0.37530641712629476
HOXB2	0.14055058360099792	3.0683620801338782	0.3749007645543604
MT-ND4	0.14053791761398315	8.03564508144672	0.3748838665857693
SLFN12L	0.1405191272497177	3.407240234888517	0.37485881726787895
AFAP1	0.14048036932945251	1.5294839189602778	0.37480711685730017
REC8	0.14041440188884735	2.3303982202823343	0.3747191020650414
MIR3142HG	0.14035473763942719	0.8438702260072415	0.37463947174257933
ZNRF2	0.14029461145401	2.691991842710055	0.3745592199948316
RND1	0.14024688303470612	0.7885960036745439	0.37449550916907337
DNTT	0.1399638056755066	0.3655243246601178	0.37411737046648286
CCDC141	0.13995243608951569	2.5599982417546787	0.3741021815424001
ZBTB32	0.13995228707790375	0.5017012847730746	0.3741019705892658
RXRA	0.13958671689033508	1.3901830774087172	0.37361304963849973
BRD1	0.13933226466178894	3.151319742202759	0.3732723709523691
TTC38	0.1392190009355545	1.0930085136340215	0.37312061818756526
LAMB1	0.13912640511989594	1.0341733728463833	0.3729965311473745
SPN	0.13902710378170013	4.239283497516926	0.37286338258752577
SMARCE1	0.13894133269786835	4.302544171993549	0.3727483489577824
COL6A2	0.1387222856283188	1.6992101394213164	0.3724544087388565
GPA33	0.13865406811237335	2.1247240488345804	0.3723628078962728
SH3YL1	0.13863244652748108	4.268409435565655	0.37233377677943696
FXYD7	0.13853347301483154	2.5096633846943197	0.3722008556295076
LINC02384	0.1385282725095749	0.8295605131066762	0.37219386905360957
LINC01684	0.13844390213489532	1.2790355395812254	0.3720805034080655
TMEM45B	0.13844330608844757	1.492176706974323	0.37207969928382956
LINC01719	0.13832734525203705	0.7590848001149985	0.3719238501533278
POU2AF1	0.13832245767116547	0.7487118461957345	0.3719172803556909
RGS3	0.13829222321510315	1.4873461792102227	0.3718766152021607
LRRC8C-DT	0.13762244582176208	2.650419193964738	0.3709749943017826
RTEL1	0.13759635388851166	0.862796469949759	0.3709398269542765
PHLDA2	0.13751734793186188	0.8871793179557874	0.37083332404385905
GSTM1	0.13738542795181274	0.4627539451735524	0.37065541183240014
SLC40A1	0.13728134334087372	3.174671622423025	0.37051496627398106
WEE1	0.13726212084293365	1.5652203101378221	0.3704890281005433
TMEM102	0.13706143200397491	1.856815938766186	0.3702180798370616
PKMYT1	0.13701355457305908	0.2463334474999171	0.3701534164212129
KIF4A	0.13692748546600342	0.265094945493799	0.3700371371028154
TENT5A	0.13681797683238983	2.3798118233680725	0.36988913468711115
IFNG-AS1	0.13666167855262756	1.574002362214602	0.3696778073640821
MAN2B1	0.13665491342544556	3.040281745103689	0.36966864715512804
LINC00402	0.13659776747226715	2.8905260471197276	0.36959136034439277
BTG2	0.13645926117897034	5.164127551592314	0.36940393180139847
EZH2	0.13645915687084198	2.6497489855839658	0.3694037926868807
HHEX	0.13643765449523926	0.36872672117673433	0.36937469009313706
CCDC152	0.13625064492225647	2.25906333556542	0.3691214583051171
CKAP2L	0.13612444698810577	0.2924500137854081	0.3689504685554511
FLNA	0.1359478235244751	4.776930368863619	0.36871103805068567
GTF2H2	0.1359286904335022	3.1011143005811252	0.36868507927950644
TOX	0.13574011623859406	2.621172684889573	0.36842925467441573
ZNF100	0.13571029901504517	1.9523784380692701	0.368388784145162
POLH	0.13569293916225433	1.928064451767848	0.36836523004208205
PBK	0.13513678312301636	0.20838197241895473	0.3676095606186331
DSCC1	0.13512904942035675	0.34812006110755295	0.36759902511341064
C11orf21	0.1351015418767929	2.363861404932462	0.3675616261450617
TMEM200A	0.13508330285549164	0.7611009157620944	0.3675368008305387
BAIAP3	0.13505399227142334	0.7246671224442812	0.36749692067959344
DIAPH3	0.1350531429052353	0.2608985495395385	0.36749576737921685
LINC00324	0.13505242764949799	2.59708158327983	0.36749480880210905
NFIA	0.13503579795360565	2.621679296860328	0.3674721799798997
CCR7	0.13492470979690552	4.915350703092722	0.3673210000316965
PDE4A	0.1349153071641922	1.0468734021370227	0.3673081936801251
SLC44A5	0.13482120633125305	0.23291736096143723	0.36718007888367804
EGFL8	0.1347765177488327	1.1198383116951356	0.3671192056976265
KIF16B	0.13472063839435577	2.1439436949216404	0.367043100864168
LLGL1	0.134688138961792	1.1170212018948336	0.3669988343858868
PLEKHN1	0.13467895984649658	0.8551394320451297	0.3669863153450543
EMILIN2	0.13465172052383423	1.604354739189148	0.3669492002987099
UBE2T	0.13458405435085297	1.6348007504756634	0.3668569924573536
MYO1G	0.13455718755722046	4.180510575954731	0.36682037795266764
MYO15B	0.13448333740234375	1.5801265354339893	0.3667196922154618
PLK3	0.13442452251911163	3.4629527238699107	0.3666395043056092
LTA	0.13421952724456787	2.699259482897245	0.366359839955642
LINC01644	0.13416968286037445	0.7108571632550313	0.36629180665552685
MICAL2	0.13395445048809052	1.514749607214561	0.3659978930384714
LRP1	0.1339072436094284	0.8540159750443238	0.365933396053305
ATP2B4	0.13390173017978668	3.4959146609673133	0.36592585883028683
MPST	0.1338268220424652	1.7763653856057386	0.36582348821742805
LILRB4	0.13377825915813446	0.22842764438918003	0.36575710038471276
GABARAPL1	0.13372835516929626	2.8702069429250865	0.3656888875469489
KLF5	0.13369573652744293	1.1447983246583204	0.3656442795345071
ALOX5AP	0.13358671963214874	4.400054032985981	0.36549517169576556
BATF3	0.13356228172779083	0.570824877000772	0.36546173408474086
EFHD2	0.13346673548221588	3.56019231906304	0.3653310024211481
LRP6	0.13346631824970245	1.2604037271096156	0.3653304253521414
CD163	0.13343051075935364	0.18719989562836978	0.36528141345406967
SLC35F5	0.13338372111320496	2.4192542892235975	0.36521735407413786
CDCP1	0.1333102285861969	0.4110987808268804	0.3651167233651875
PIK3IP1	0.13325078785419464	5.482953933569101	0.36503532494425106
BST1	0.13320249319076538	0.38232072757986874	0.364969174468747
SLAMF6	0.1332019865512848	2.997359248308035	0.3649684634122265
GEMIN7	0.13318665325641632	2.1349164109963636	0.36494746412194806
ADGRA3	0.13315795361995697	0.8338437263782208	0.3649081390460948
BEST1	0.13313725590705872	1.2386502623558044	0.3648797842044597
TRADD	0.13312046229839325	4.702068374707149	0.36485676594925887
FAM110A	0.13310706615447998	2.1855451327103834	0.36483841002506007
TMEM156	0.13296428322792053	3.621465591283945	0.36464267857067345
PIK3R2	0.13296003639698029	1.7226956624251146	0.36463685228339965
PFKP	0.13293147087097168	3.2078848710426917	0.36459768278849625
KCTD12	0.13288700580596924	1.2371430534582872	0.36453669853534865
ZC2HC1A	0.1328294724225998	2.135085573563209	0.3644577689947753
CHDH	0.13282258808612823	0.642774472442957	0.36444833587419856
RAP1GAP2	0.13246753811836243	2.1741996728456936	0.3639608946511244
COA3	0.13239739835262299	3.2020073120410624	0.3638645394211545
CR1	0.13237833976745605	2.120022264810709	0.3638383475113106
NBEAL2	0.13231956958770752	2.690952566953806	0.36375756733638837
STAT2	0.1323087066411972	3.4745093400661764	0.36374262817559483
MOV10	0.1321621984243393	2.120303268616016	0.36354119258763645
BLVRA	0.1320343017578125	3.0475116601357093	0.36336525362866073
IRF9	0.13202939927577972	4.33850884437561	0.3633585055166666
ZFP36L2	0.13195739686489105	6.623863660372221	0.3632593971676837
ZNF687-AS1	0.13191789388656616	0.6702133898551648	0.3632050279399875
CDCA2	0.13173556327819824	0.2940993202993503	0.3629539503915123
LFNG	0.13156622648239136	3.0492167472839355	0.362720580449939
BYSL	0.1312997043132782	1.1946418377069326	0.3623530011245604
FAM53C	0.13117310404777527	2.87557420363793	0.36217826745189874
TPM4	0.13114240765571594	4.10368039057805	0.3621359002379267
LINC02482	0.1311328262090683	1.987618019947639	0.36212267256452185
SLC25A24	0.13106471300125122	2.8185412333561826	0.3620286035709538
CARD16	0.13100524246692657	4.31968919130472	0.3619464576413512
NRGN	0.1308041512966156	0.4936256990409814	0.3616685609941748
CLSTN3	0.13073447346687317	1.767130012695606	0.3615722319998577
CRYBG3	0.1307145208120346	1.7145726910004249	0.36154463999115855
IL13RA1	0.13062794506549835	0.2404602805439096	0.36142488546868357
SYT5	0.13037709891796112	0.8941343799233437	0.36107769882307084
PHTF1	0.13021214306354523	1.5955064571820772	0.3608491983348253
FOXN3-AS2	0.1301369071006775	0.5674989458460075	0.3607449261195937
FANCA	0.13006775081157684	1.447591096162796	0.36064905917483053
PCSK7	0.12998753786087036	4.945284274908213	0.36053785370635466
TMEM121	0.12995687127113342	1.7616081558741057	0.36049532111668375
PRC1	0.12971271574497223	1.2927327820887933	0.36015652498971296
CASP7	0.12943272292613983	2.2392568725806017	0.3597675972787428
TPPP	0.12938933074474335	0.6509850348990697	0.3597072805793268
PAQR4	0.12936480343341827	0.6897128717257426	0.35967319904865774
SAP30L-AS1	0.12928882241249084	1.0611339962253203	0.35956753898547944
ZSWIM8-AS1	0.1292686015367508	0.7291242915850419	0.35953943007205647
GLIPR2	0.12908387184143066	3.6426458175365743	0.35928243145700317
PIM2	0.12898042798042297	4.217930454474229	0.3591384466571224
HSF4	0.12883548438549042	0.9785037350196105	0.35893659767674874
RNF213	0.12871208786964417	5.4747795691856975	0.3587646657346445
LINC01284	0.12867331504821777	0.7553856414384567	0.35871061905201074
RAB8B	0.12865221500396729	3.5619927094532895	0.35868121281372684
SOX12	0.1286311000585556	1.9070603389006395	0.3586517715760634
SLA	0.12846872210502625	3.7648586676670956	0.3584253306222804
NFATC3	0.1284375637769699	3.5421961821042576	0.35838187500506197
INTS5	0.12840336561203003	2.1476989526015062	0.35833416326250056
SAMD4A	0.12834712862968445	0.6503619459959177	0.35825568457696577
PRDX4	0.12831760942935944	3.0585271945366492	0.35821448431029235
GPR155	0.1283058077096939	3.902323209322416	0.3581979937870824
PRR11	0.12827476859092712	0.7677610390461408	0.35815467930070066
F13A1	0.12822717428207397	0.15549535340128037	0.35808823054599886
STRADB	0.12808889150619507	2.448315877180833	0.35789508626381245
MT-ATP6	0.12788508832454681	8.670727179600643	0.3576102388264145
LINC01891	0.12786580622196198	1.330210220355254	0.3575832863882516
ARHGAP19	0.12767940759658813	2.1311027453495908	0.35732255680297925
ID3	0.12753628194332123	3.000387109242953	0.3571222262241524
LINC02562	0.12740620970726013	0.1769316831890207	0.35694006024449154
LINC02195	0.1272578239440918	0.3240808588094436	0.3567321390999836
DLG3	0.1272325962781906	1.5654729283772981	0.35669679152394235
PARP10	0.12721233069896698	3.4466732190205502	0.35666836622971193
FBXO33	0.12693046033382416	3.4290812565730167	0.35627301094227654
TDRD7	0.12685821950435638	1.5501286433293269	0.3561716144707468
CREM	0.12684951722621918	3.4199084777098436	0.3561593994233243
ARL17B	0.12683801352977753	2.216395153449132	0.35614325516783973
RPP25L	0.12677206099033356	2.797285006596492	0.35605065327851226
ARRDC4	0.126728817820549	0.8601123851079208	0.3559899137306707
TRAF4	0.12672528624534607	1.7893348519618695	0.3559849510642836
SIRPA	0.1266302615404129	0.17105009199048465	0.355851452767619
MYD88	0.12654197216033936	2.8011570893801174	0.3557273901172344
NSF	0.1265127956867218	2.7200333797014675	0.35568636511815704
GEMIN6	0.1264430582523346	2.4220031133064857	0.3555883206673321
LYL1	0.12634021043777466	2.166210889816284	0.355443671893051
IRF4	0.12624335289001465	1.7896196429546063	0.35530740657471327
MGME1	0.12618178129196167	2.370140639635233	0.35522075706460515
CCSAP	0.1261393427848816	2.1847018599510193	0.3551610193040252
TGIF1	0.12601281702518463	2.9708400689638577	0.3549828450887049
PRKCD	0.1258343756198883	1.7551902853525603	0.35473140961150085
MGST1	0.1258258819580078	0.18925299828585523	0.35471943682321166
ACTN1	0.12549090385437012	3.911183293049152	0.3542469491612395
TSPYL2	0.12536239624023438	4.099633684525123	0.3540655247182892
TIPARP	0.12535972893238068	3.0539167752632728	0.3540617486728372
TNFRSF13C	0.1252978891134262	1.587083651469304	0.3539744243856735
MASTL	0.12525250017642975	1.7456475221193755	0.35391029479191327
LY6E-DT	0.12505288422107697	0.8677768546801347	0.35362816292240223
SLC43A2	0.12494782358407974	1.0479407860682561	0.353479594623084
MICAL3	0.12493957579135895	1.8311064380865831	0.35346792358702245
HYLS1	0.12481553852558136	1.4793476829162011	0.3532924228579726
CDCA8	0.12480499595403671	0.5344267877248617	0.3532775033784463
PLK1	0.12473967671394348	0.5352048656115165	0.353185044995075
TRIQK	0.12473732978105545	0.8430884703993797	0.3531817271505728
ZNF154	0.1247178390622139	1.195248658840473	0.3531541306223611
MCAM	0.1246592104434967	0.7247679285131968	0.3530711159933872
FCGR1A	0.12445562332868576	0.17092069750651717	0.3527826854910151
MAPKAPK3	0.12444087117910385	3.1125026024304905	0.3527617728290847
NEIL3	0.12442045658826828	0.33014119502443534	0.3527328365377823
ISM1	0.12441932410001755	0.8672600233784089	0.3527312329767858
CCDC146	0.12438186258077621	2.236181382949536	0.3526781323386397
CCDC42	0.12437210232019424	0.1465462361677335	0.35266429271433425
KDM4A	0.12432897090911865	2.0680261621108422	0.3526031388606546
CAMK2N1	0.12428101897239685	1.7153808428690984	0.3525351308920719
TNFRSF9	0.12424574792385101	0.5179723312075322	0.35248510220869284
CD63	0.12424327433109283	4.062860718140235	0.35248158922088346
SLC2A6	0.12417754530906677	0.9020201426285964	0.3523883437849844
TMEM244	0.12406398355960846	0.44235543634455937	0.3522271711169292
GLB1	0.12398534268140793	2.192982260997479	0.3521155263009961
BGLAP	0.12394535541534424	1.2659726521143546	0.35205873774715657
ECT2	0.1239224299788475	1.0254981150993934	0.3520261815906151
PRKX	0.12380208820104599	3.7986535200705895	0.35185520413679294
CLU	0.12375259399414062	0.9490967049048498	0.3517848648550143
LZTS3	0.12351291626691818	1.0772263396244783	0.3514440438411111
ACAD11	0.12343093007802963	1.712025910615921	0.3513273827074803
MICB	0.12339514493942261	2.042003246454092	0.351276453520082
MBD2	0.12337614595890045	4.125503255770757	0.3512494092356404
CADM1	0.12326517701148987	0.8807693696939028	0.3510914129312541
PDZD4	0.12324731796979904	1.322449457186919	0.3510659763812055
PHPT1	0.1231767013669014	4.042820407794072	0.3509653858362812
FBLN5	0.12310699373483658	3.0897288139049826	0.35086606552262034
IL2RB	0.12295914441347122	2.5562468767166138	0.35065531068638756
RRP7A	0.12284617125988007	3.494011347110455	0.35049418269195515
C1RL-AS1	0.12284216284751892	1.818670745079334	0.35048846037032116
EVC2	0.12281925976276398	0.7147156971578414	0.3504557871774587
RORA	0.12275539338588715	4.9842795592087965	0.3503646574073249
RBM47	0.1226385235786438	0.6059817499839343	0.350197839492904
PATL2	0.12258484959602356	2.5905619859695435	0.3501211920257367
CD151	0.12243389338254929	2.2373586021936855	0.3499055535305869
OSBPL3	0.1223977655172348	2.264489540686974	0.3498539160864225
LGALS4	0.12235922366380692	0.6540261805057526	0.34979883149586277
LINC02362	0.12232960015535355	0.9199680296274332	0.34975649116838675
LINC02328	0.12232933938503265	1.9948451289763818	0.34975610970595544
LRFN4	0.12232846766710281	0.9225062051644692	0.34975487146738027
ACVR1C	0.12228517979383469	1.6162529289722443	0.34969297683841044
NDC80	0.12223070114850998	1.8634995405490582	0.34961507302832284
NBPF20	0.12213534861803055	1.263354819554549	0.34947868307879393
CCR3	0.12208899110555649	0.3585580080174483	0.3494123541812061
WWC1	0.12206635624170303	0.7290994811516541	0.3493799570034758
HIF1A-AS3	0.12201126664876938	0.7597506619416751	0.34930111309579853
FUCA1	0.12190355360507965	1.7375089342777545	0.349146896874968
FBXO32	0.12187419086694717	3.158547731546255	0.34910483830072936
MRPL27	0.12184107303619385	2.9693621580417338	0.3490574099301342
ARID3A	0.12177364528179169	1.972943168420058	0.34896080753406605
PYCARD	0.12175633013248444	3.932967268503629	0.3489359993106176
TMEM178B	0.12174464762210846	0.3424978332164196	0.34891925778528676
SBDS	0.12170343846082687	4.523976839505709	0.3488601956686302
IKZF3	0.1216973215341568	4.201439509024987	0.3488514268579127
NHSL2	0.1216498538851738	2.063447498358213	0.3487833931149735
LINC02614	0.1214824691414833	0.7687276097444388	0.34854335835618433
HNMT	0.12146607041358948	0.1978631607041909	0.3485198297082588
LMNB1	0.12146154046058655	2.5661802933766293	0.34851333100559884
BICDL1	0.12142277508974075	2.9593464686320377	0.3484577084971088
GRK3	0.1210867315530777	1.3300143984647899	0.3479751873010118
SAT1	0.12108590453863144	5.205947344119732	0.3479740047546547
TNFSF8	0.12100696563720703	2.8871887005292454	0.34786055464339993
DMTN	0.12096808105707169	1.8982203465241652	0.34780465708404945
MEOX1	0.12093546241521835	0.9514109096848048	0.3477577621843892
ADAMTS1	0.12092568725347519	0.2751028017642406	0.3477437075732132
ARRDC5	0.12079474329948425	1.754749201811277	0.3475553864311654
MT-CYB	0.12073064595460892	8.38796514731187	0.3474631562211104
EPHX2	0.120688296854496	3.6391752683199368	0.347402208503421
GPS2	0.12066490203142166	4.2797242403030396	0.3473685346747439
IL10RA	0.1205480694770813	4.345686389849736	0.34720033481604884
NUDT2	0.12046965956687927	3.1171118846306434	0.3470873971196385
ENDOD1	0.12033616006374359	2.048335841068855	0.3468950227113241
POMC	0.12033172696828842	2.4368826838640065	0.34688864178558415
TP53INP2	0.12032610923051834	0.7688180483304538	0.3468805366388131
NFIX	0.12027767300605774	1.1107146739959717	0.34681071824811216
HDX	0.12026713788509369	0.675391851996	0.34679553063906154
LCLAT1	0.12024882435798645	2.571584316400381	0.346769127772381
USP30-AS1	0.12022772431373596	2.025959707223452	0.3467386921498449
IFIT5	0.12011105567216873	3.024381059866685	0.3465704211057253
ZNF805	0.12010073661804199	2.0150703329306383	0.34655553271010436
ZNF462	0.12009778618812561	1.10603260076963	0.3465512730695066
P2RX7	0.1200798824429512	1.5408006448012133	0.3465254465855204
KIF19	0.12003839015960693	0.6758660765794607	0.3464655681749974
ITIH4	0.1199999749660492	1.3347152654941266	0.34641012075017197
POU2F2	0.11998839676380157	4.027768355149489	0.34639341850230054
CAST	0.11989809572696686	5.099582452040452	0.3462630447826811
MSC	0.11981645226478577	0.8343413317432771	0.34614512878833503
ELOVL4	0.11974308639764786	1.091011290366833	0.34603913769004047
VWDE	0.11964922398328781	0.36897873419981736	0.345903484644166
PFN2	0.11961992084980011	1.231835317153197	0.3458611285622539
CCNA2	0.11956068873405457	1.158074560073706	0.3457754930729034
SGPP2	0.11953335255384445	1.7415436460421636	0.3457359576541153
MYC	0.1195303276181221	4.262254623266367	0.34573158728223896
CNN3	0.11928948014974594	0.9368333220481873	0.34538309222954705
SQOR	0.1192701980471611	3.3418275668070865	0.34535517986939573
NEDD4L	0.11913271993398666	0.9335915377506843	0.3451560837273175
CLIC5	0.11906006932258606	1.0440289492790515	0.34505082134934034
BARD1	0.1190543845295906	2.2372595209341783	0.34504258791403974
DAPP1	0.11904372274875641	3.0096824902754564	0.3450271377497344
USP53	0.1190345361828804	3.0613947281470666	0.3450138164646025
AASS	0.11893553286790848	1.1865068605312934	0.34487031448630207
MCM2	0.11874603480100632	1.0447541177272797	0.34459546455379
TLR4	0.11869508773088455	0.16597503180114123	0.34452153980561556
SMAD3	0.11853692680597305	3.1577652601095347	0.3442919177958696
OGDH	0.11834704875946045	3.198217226908757	0.3440160557875964
LCMT1-AS1	0.11828857660293579	0.7786440895153925	0.34393106104373034
CTSA	0.11809749901294708	3.3312498881266666	0.3436531696541242
SH3BP2	0.11803281307220459	2.4497352792666507	0.3435590370332207
KAT2B	0.11803131550550461	2.759344082612258	0.3435568547836608
ZNF593	0.1179971769452095	2.8611688705591054	0.3435071755759482
PLEKHH2	0.11785683780908585	0.8474753579268088	0.3433028359450771
SLC35C1	0.11784821003675461	1.9249386879114003	0.34329027441006743
GPRC5D-AS1	0.11784059554338455	0.4353390078131969	0.34327917817335896
CAMK1	0.11783948540687561	1.0444866372988775	0.3432775653376855
HSD17B14	0.11763645708560944	0.5461789591667744	0.34298171215651435
RARA	0.11753746122121811	2.631098059507517	0.34283736571046775
S100A10	0.11750154197216034	6.185593164884127	0.3427849813952097
GPAT3	0.11718858778476715	1.1219958387888396	0.34232819006832826
ERN1	0.11697865277528763	3.6966144488408017	0.3420214172388603
KYNU	0.11694324761629105	0.2418115041218698	0.3419696566029261
TGFBR2	0.1168627142906189	4.350640966342046	0.34185189325894555
MTG1	0.1168460100889206	2.888796091079712	0.3418274585281368
ILF3-DT	0.11674761027097702	4.6843078044744635	0.3416834952963451
MS4A4A	0.11672675609588623	0.1609892749155943	0.34165297973802444
ANKS1B	0.11671075969934464	0.8791039116107501	0.34162956036236075
NRROS	0.11670289188623428	1.6946841799295866	0.34161805085441077
ARHGAP32	0.11662710458040237	1.496442320255133	0.3415071094251746
SMCR5	0.11659637838602066	1.4126098178900206	0.3414621157944138
ALAS1	0.1165924146771431	1.9726758736830492	0.3414563156763347
YPEL5	0.11655731499195099	4.611979026060838	0.34140491140465956
PUDP	0.11633170396089554	1.826556655076834	0.3410743413230608
RAB27A	0.11628380417823792	3.3375479716521044	0.3410041102467652
CCDC51	0.11609545350074768	1.4421476011092846	0.3407278263689536
MSC-AS1	0.11598438024520874	0.7054509875866083	0.34056479946158874
CSTF2	0.11593639850616455	1.298010074175321	0.34049434165861653
UGCG	0.11588412523269653	3.4845252128747792	0.3404175782120833
ITPRIPL2	0.1158524826169014	0.6608726204587863	0.3403710910642337
GTSCR1	0.11584047228097916	0.8481236381026415	0.3403534495576941
ZNF217	0.11574212461709976	3.442097993997427	0.3402089448110269
SLC66A1	0.115714430809021	0.7519874503979316	0.340168239339929
ASB3	0.11568881571292877	2.5827102156785817	0.3401305894096592
DHRS4	0.11562153697013855	2.4260806028659525	0.3400316706591163
PTAFR	0.11559208482503891	0.4378428247112494	0.33998835714226416
ACP2	0.11558548361063004	1.4938440712598653	0.33997864685372314
TRIM61	0.11557605862617493	0.9382715798341311	0.3399647926241092
CNKSR2	0.11551417410373688	2.2208243791873636	0.3398737585860543
RNF135	0.11550408601760864	1.409975168796686	0.33985892361325826
ABCB1	0.11541520804166794	1.396327025615252	0.33972813389595174
GALNT3	0.11532281339168549	0.8997275668841141	0.3395921320993187
ZNF667	0.11531198769807816	0.659558045749481	0.33957618990610966
STOX1	0.11530715227127075	0.5847212050396663	0.3395690737513124
SLC12A7	0.1152593344449997	2.3495438740803647	0.3394986490997215
LRRC37A2	0.11519509553909302	1.8526063882387602	0.33940403145379405
ELK3	0.11510990560054779	3.3306100826997023	0.33927851226645483
SMAP2	0.114950031042099	4.966146194017851	0.33904281303076816
LINC01970	0.11486080288887024	1.0250482054857106	0.3389111979912865
SRGN	0.11483383923768997	5.373443328417265	0.33887141502701273
SDHAF1	0.1148214116692543	2.8243926213337827	0.33885308685994653
RHOU	0.1148163303732872	1.1768493125071893	0.3388455799494182
IL21	0.1146686002612114	0.3028847091616346	0.338627518988959
CCNE2	0.11457701772451401	0.9206359925178381	0.3384922665631242
BFSP2	0.11447469890117645	0.8235437067655417	0.33834109705338167
KRTCAP3	0.11435048282146454	1.833307683467865	0.33815748776839627
LINC00954	0.11433505266904831	2.4671523295916042	0.3381346653371591
ASGR1	0.11430848389863968	0.3481693293612737	0.3380953761581803
NAMPT	0.11419972032308578	3.2167672560765195	0.3379344933133624
GEMIN7-AS1	0.1141914576292038	0.8136139685431352	0.3379222602874449
CENPA	0.114171102643013	0.2930976663214656	0.3378921478558412
APOLD1	0.11414413899183273	2.6610181835981517	0.3378522411118658
ITGB7	0.11398810893297195	4.128958839636582	0.3376212518934769
PNP	0.11397708207368851	2.997298057262714	0.3376049148076542
GOLGA8B	0.11397179961204529	3.5333050306026754	0.33759709973871355
HVCN1	0.11395755410194397	2.2070230337289662	0.3375759924440305
ANKHD1-EIF4EBP3	0.11391360312700272	0.14240993215487555	0.337510898218891
BCL2L11	0.11382210999727249	2.736488232245812	0.33737532391259045
REEP5	0.11371439695358276	4.0356034223849955	0.33721565152588806
ARRDC3	0.11367528885602951	4.228199326075041	0.33715765719011714
SYCE1	0.11366869509220123	0.2721763010351704	0.33714788755707825
BCL2	0.11357691884040833	5.097486349252554	0.3370117490776457
CTSS	0.1135171577334404	4.62341598364023	0.33692307063712196
SLC38A5	0.11349170655012131	1.9186128469613881	0.3368853071471063
BUB1B	0.11344485729932785	0.33619340193959385	0.336815757151299
HNRNPLL	0.11343138664960861	2.7601413910205546	0.33679576832963426
FARP1	0.11337858438491821	1.4541428753962884	0.336717366369314
ARHGEF40	0.11335881799459457	0.6694040149450302	0.3366880097558621
ZNF467	0.11329930275678635	1.654673342521374	0.33659961854302256
AHI1	0.11323199421167374	2.714666572900919	0.3364996201866123
AGAP1	0.11318782716989517	0.6274035974190786	0.33643399101954796
ORMDL2	0.11318737268447876	3.231338620185852	0.3364333120515353
C1orf56	0.11295740306377411	4.753354008381184	0.3360913662960565
MME	0.11287208646535873	0.3808752100269955	0.3359644175428446
PTPN22	0.11273692548274994	3.4973987891123843	0.3357631991050507
FAM200A	0.11262896656990051	1.6048107147216797	0.33560239553636007
CHMP5	0.112598717212677	3.8882557520499597	0.3355573261172173
SPSB1	0.11258312314748764	1.1264835320986235	0.3355340895638473
RHBDF2	0.11252417415380478	1.8857628382169282	0.3354462260750677
SASH1	0.11245305091142654	0.4964585342945961	0.335340199731508
MAML2	0.11231274157762527	4.442999693063589	0.33513093145229667
SCT	0.11231011897325516	0.14877802728173825	0.33512702327936994
NOL3	0.11210262030363083	0.7966827463645202	0.33481729880929345
MYOF	0.11204450577497482	0.24385563946830538	0.33473049633107926
LPAR5	0.11204379051923752	0.9573337034537241	0.33472943179569287
HIVEP3	0.11189714074134827	2.628668684225816	0.33451030413152616
LINC02731	0.11177893728017807	0.7574652135372162	0.3343335703346285
PEX6	0.11160286515951157	2.5070754197927623	0.3340701464499277
CDCA3	0.11149786412715912	0.4111443586074389	0.3339129597905897
CMTM8	0.11130940914154053	3.2454143120692325	0.33363064961866745
FBP1	0.11123482137918472	1.7714799550863414	0.33351885124877406
NEK2	0.11109772324562073	0.2349698289942283	0.33331325636652004
PLXNA3	0.11107134819030762	2.3434387674698463	0.3332736829527598
PLEKHF1	0.11093414574861526	2.4120356165445767	0.33306777478591754
POLQ	0.11085858196020126	0.347963619690675	0.33295432062458
SPATA20	0.11083337664604187	1.3879654430426085	0.33291646896094296
GALM	0.11078328639268875	3.347938739336454	0.33284123578305774
TMEM186	0.11075210571289062	1.817020017367143	0.3327943918031169
PAXBP1-AS1	0.110750213265419	1.7225057482719421	0.3327915432896798
MGAT2	0.11066876351833344	2.684227081445547	0.33266914699482264
ASF1A	0.11061198264360428	3.3112835792394786	0.33258379576284974
BORCS5	0.110577292740345	3.5937147782399106	0.3325316470179884
EMP3	0.11050204932689667	6.013110454265888	0.33241848247744077
PAWR	0.1104816123843193	1.7185100271151617	0.3323877401515407
SNTB2	0.11026262491941452	2.5764190692168016	0.33205816875078337
MORN3	0.11023510247468948	2.553774288067451	0.3320167179794791
KALRN	0.1100492849946022	0.9279396270330136	0.33173676861708695
LINC01962	0.10997336357831955	0.6245363385488207	0.3316223260553947
SKA3	0.10997176170349121	0.42491766437888145	0.3316199082946425
ERMN	0.10993226617574692	1.3794021285497224	0.33156035295090325
IFNGR2	0.10983172059059143	2.8148869551145115	0.3314086893602292
ZNF165	0.10981577634811401	0.72193643450737	0.3313846364075274
SH2B3	0.10981477797031403	2.049342141701625	0.3313831279857404
PSMA2	0.10973595082759857	4.641944188338059	0.3312641714922137
TOR4A	0.10971853882074356	0.7727509679702612	0.3312378869782572
CD109	0.10969475656747818	0.7598577898282272	0.33120198988360955
TRIM47	0.10957932472229004	1.5930599249326265	0.33102767419776163
RNF157-AS1	0.10956089943647385	1.3465832999119391	0.3309998533352269
CPM	0.10954229533672333	1.2534760534763336	0.33097174355659437
PTPRN2	0.10952042788267136	1.8008010249871473	0.33093870322514757
SIRPB1	0.1094452291727066	0.89606068111383	0.33082507438420283
ABCA2	0.1093568503856659	1.798490753540626	0.3306914756513446
SLC31A2	0.10932479053735733	1.610551513158358	0.33064299342501585
GRAMD2B	0.10912177711725235	1.8112205175253062	0.3303358523173447
ZBTB9	0.10910677909851074	0.70940997523184	0.33031315698368463
CITED4	0.10903529077768326	3.9434985564305234	0.3302049261710616
COA6	0.10901011526584625	3.580908867029043	0.33016680170924645
PLGLB1	0.10893700271844864	0.782119944691658	0.33005605907041374
ICAM2	0.10890775173902512	4.376532178658706	0.3300117407154992
PDGFD	0.10890321433544159	0.23180899747575706	0.33000487455808647
BOLA2B	0.10881230235099792	2.1027071063335123	0.32986709527878216
CR2	0.10880519449710846	0.9821735660617168	0.32985632790540725
CYSLTR2	0.10873597115278244	1.4072840145001044	0.329751374512528
MYCBP	0.10871726274490356	2.944121030660776	0.32972301104748125
AMACR	0.10871036350727081	1.3032576074967017	0.3297125451419469
CENPQ	0.10869742929935455	1.8771837903903081	0.32969293013688716
GBP3	0.10858889669179916	2.964515814414391	0.3295282935982051
CPNE5	0.10858255624771118	0.5876505767496732	0.32951867428594456
ACSL4	0.10853449255228043	2.5584849485984216	0.32944573340635647
LINC01089	0.10851123929023743	3.8384621235040517	0.32941043786780533
TRAK2	0.10848960280418396	3.2167709790743313	0.3293776015188372
CEP78	0.10848673433065414	3.013462992814871	0.3293732432418469
CTSC	0.10845261812210083	4.18892749456259	0.32932145098975824
MCM3	0.10844691842794418	3.0775920427762546	0.3293127965034376
GPM6A	0.10833544284105301	0.5482412055134773	0.32914350059277403
EFCAB2	0.10833443701267242	2.202820809987875	0.3291419663293665
NUAK2	0.10823911428451538	2.1588928378545322	0.32899713960880744
TMIGD2	0.1081460639834404	3.579988855582017	0.3288556939110119
SLC35E2A	0.10811231285333633	2.4506127650921163	0.32880437379657546
EIF5AL1	0.10799617320299149	1.0072535482736735	0.32862771737011776
SPRY1	0.10799507051706314	1.4178492701970613	0.3286260343053302
GALK1	0.10798785090446472	2.2260622565562906	0.3286150553885339
RARG	0.1079789251089096	1.8564390173325171	0.3286014679230211
BDNF-AS	0.10797601193189621	1.2894424532468503	0.3285970324471667
AKR1C3	0.1079200804233551	1.562017974945215	0.32851191434834726
NEO1	0.10786578059196472	1.1300475574456728	0.32842926151441904
GAB3	0.10778924822807312	2.0860133262780995	0.32831273167837455
SPC24	0.10777536779642105	0.5723821004995933	0.3282915933670016
DOCK5	0.1077049970626831	0.4162006386770652	0.3281843898136198
EVI2A	0.10769570618867874	4.0488816774808445	0.32817023720327415
PRDM8	0.10765986889600754	1.7540993644640996	0.3281156310574683
MED8	0.10745121538639069	2.8574360609054565	0.3277975183625266
CARMIL1	0.10742829740047455	2.0731470539019656	0.3277625621035313
DISC1	0.10741662234067917	2.0843843129964976	0.32774475366137035
CREB3L2	0.10737050324678421	2.645551929107079	0.3276743858582368
RERE-AS1	0.10736948251724243	0.7147949292109563	0.32767283251963397
NETO2	0.10729261487722397	1.041954374084106	0.3275555158897023
NBEA	0.10724221169948578	1.4729515199477856	0.3274785661086785
ADD2	0.10721319913864136	0.8821853433664029	0.32743426929800323
ANKRD36	0.1071900948882103	3.271908631691566	0.32739898660516503
MAP4	0.10715189576148987	3.600191363921532	0.32734064222146203
LINC02175	0.10714368522167206	1.0165430886241107	0.32732809923627976
SULT1A3	0.10713271796703339	1.2326118350028992	0.3273113452491479
PLXNC1	0.10713121294975281	2.08806672004553	0.32730904475022554
MUC20	0.10709355026483536	1.189311492901582	0.327251509721651
NECTIN3	0.10706917196512222	1.5160056536014264	0.3272142629831164
SNED1	0.1070484071969986	1.1926956383081584	0.327182524851671
LMO4	0.10702837258577347	3.0383012019670925	0.3271519098458196
ABCA1	0.10701342672109604	1.273071098786134	0.3271290629664996
ZBTB21	0.10699225217103958	2.354386792733119	0.32709670026617965
IL1B	0.10698392242193222	0.17882863342618713	0.3270839646921295
CUBN	0.10696886479854584	1.4783889467899616	0.32706095024068593
CMTM6	0.10693756490945816	4.322842368712792	0.32701310087793267
PCBD1	0.1069035604596138	2.5336962067163906	0.32696109847657395
TP53INP1	0.10666035115718842	2.974613373096173	0.32658896738814586
KANSL1L	0.10661736875772476	1.8309727311134338	0.32652314676809907
CDC42BPA	0.10660640150308609	0.32662072218954563	0.3265063560859599
LOXL1	0.10656528919935226	0.9479303543384259	0.3264433978037163
PRDX1	0.10651833564043045	4.7914945895855245	0.3263714738995416
TLR2	0.10648483037948608	0.6127508890170318	0.32632013553535133
CLTA	0.10646191239356995	4.18785362977248	0.3262850116503648
APOBR	0.10637201368808746	1.8655772025768573	0.32614722363112214
DSC1	0.10635476559400558	0.5310737672620095	0.32612078573081327
TYMSOS	0.1063494011759758	0.2601435695989774	0.3261125608695108
FADD	0.10631242394447327	2.026224585679861	0.3260558551452751
SLC1A4	0.10625651478767395	0.7321137969310467	0.32597011167524653
HLA-G	0.10612805187702179	1.0441423734793296	0.32577300965352296
KCNQ1OT1	0.10611583292484283	3.517583581117483	0.32575424735072694
PKIA	0.10610955208539963	2.936481677568876	0.32574461641420127
HLF	0.10593235492706299	0.9531070945354608	0.32547251242883335
SLC7A8	0.10592280328273773	0.37745893846910733	0.3254578348387717
RAB27B	0.10586389899253845	1.2494889795780182	0.32536732891306064
ITGA1	0.105849988758564	1.3444430988568525	0.32534595096475455
ADAM15	0.10580623149871826	1.6805505935962384	0.3252786927793836
RASD1	0.1057935580611229	0.4809761629081689	0.32525921899209614
RMI1	0.10576383769512177	1.459725361603957	0.3252135313189528
CHCHD1	0.1056588813662529	3.5414361495238085	0.32505211964391295
KLHL5	0.10565317422151566	2.876501275942876	0.32504333691090553
FEN1	0.10561304539442062	1.9479051599135766	0.32498161159117095
SESN3	0.10560432821512222	3.9672187658456655	0.3249681920730218
ZNFX1	0.10549954324960709	3.2228700931255636	0.32480692949554857
MYO1C	0.10537292808294296	1.5311723557802348	0.3246119696901897
TP53RK	0.10533424466848373	2.374108979335198	0.3245523767017831
ZSCAN18	0.10529204457998276	2.790326421077435	0.3244873513141449
CPNE7	0.10528036952018738	0.8973551782277914	0.3244693710837667
CORO1C	0.10525908321142197	1.0963019889134626	0.32443656432608464
SP140	0.10522749274969101	3.6029556897970347	0.3243878699625886
IPCEF1	0.10518629103899002	4.176434278488159	0.32432436030748046
HCN2	0.10518546402454376	0.8558233506404437	0.32432308812101296
CSKMT	0.10518468171358109	3.5979776199047384	0.32432187700296183
RBP7	0.10515241324901581	0.1683715766725632	0.32427212598645316
FHL1	0.10510942339897156	2.4977634365742025	0.324205837997667
HJURP	0.10509418696165085	0.20642479767019933	0.324182333669737
HEMGN	0.10505922883749008	1.8153305970705473	0.32412840895719414
SETD7	0.10502522438764572	1.9155540282909687	0.32407595937296757
STRN	0.10499292612075806	3.2030644050011268	0.32402611449864954
MICU3	0.1049925684928894	2.0285790746028605	0.32402557149585065
ADAR	0.10491794347763062	4.667581759966337	0.32391039363809737
LACC1	0.10480531305074692	0.7725511359480711	0.3237364901557046
ATP1B1	0.1048048585653305	1.3918198507565718	0.32373578289952754
KPNA2	0.10474470257759094	2.5337075545237613	0.3236428624320433
PLCB1	0.10471633076667786	2.1427649718064528	0.3235990274443113
ANK3	0.10469134896993637	3.7028693419236403	0.32356042035852256
RABGEF1	0.10467886924743652	2.154771474691538	0.3235411444915368
FUT10	0.10466507077217102	1.2826948463916779	0.3235198109440236
VANGL1	0.10463325679302216	0.9095567224117426	0.32347064296076805
BIVM	0.10459654778242111	1.5790695731456463	0.32341389853508923
PXYLP1	0.104556605219841	1.9333281058531542	0.32335213731779106
TMEM187	0.10452822595834732	2.0109207813556376	0.32330825038669847
BCL2L1	0.10452105104923248	2.038520702948937	0.32329715767574985
HPCAL4	0.10450881719589233	1.8488669166198144	0.32327822995245176
MRPL13	0.10447189956903458	3.188897756429819	0.32322113327773583
AGPAT4	0.10443614423274994	2.1151986305530253	0.32316581526638644
LYPD2	0.10442715883255005	0.15266108663322833	0.32315191005274835
TLE2	0.10434357821941376	2.092811208504897	0.323022568163154
WHRN	0.10430781543254852	0.8932278935725873	0.32296720751023833
ZNF844	0.10430348664522171	1.9153659481268663	0.3229605022370859
BBC3	0.10417131334543228	2.782708663206834	0.3227558066022929
DEPDC1B	0.10400185734033585	0.35397996552861655	0.32249319150279376
FAM53B	0.10398466885089874	2.7190867203932543	0.32246653706528156
LIMS1	0.10397174209356308	4.726432378475483	0.32244649198053943
TOGARAM2	0.10393457114696503	0.5763003293138284	0.3223888493207192
BOLA2-SMG1P6	0.1039319783449173	0.13642599949469933	0.32238482550645253
MT-CO3	0.10390108078718185	8.673902291517992	0.32233690143168253
DENND2D	0.10389231890439987	4.20086080294389	0.3223233110443946
FDXR	0.10386908054351807	1.698758262854356	0.3222872649317045
IQGAP2	0.10379378497600555	4.302868586320144	0.322170426385008
TSPAN15	0.10374477505683899	1.0699124932289124	0.3220943525156527
FADS3	0.1037185788154602	1.3160162659791799	0.3220536881150347
RIPK3	0.10370514541864395	1.7595570270831769	0.32203283354980916
CREB5	0.1036962941288948	0.17742557239790374	0.3220190926690959
MAPK8IP1	0.10368510335683823	0.264318702599177	0.3220017111990861
RASA1	0.10363951325416565	2.7311381651804996	0.3219309169742146
PPP1R18	0.10362555831670761	4.206382412176866	0.32190924243592134
CD302	0.10345850139856339	1.1504935438816364	0.321649657632984
LYSMD2	0.10345248132944107	3.5639977271740255	0.32164029960134316
PHACTR2	0.10345201939344406	4.1135583107288065	0.3216395846712871
PCSK5	0.10344123095273972	2.3669915107580333	0.3216228054008839
ZNF709	0.10341524332761765	1.0819261538294644	0.32158240422519224
TCF7L2	0.1034078374505043	1.3998804298730998	0.3215708898072412
MT-ND2	0.10337988287210464	7.372918972602258	0.32152742465826273
RASGRP4	0.10334905236959457	0.34512947872281075	0.3214794726280883
PTPRK	0.10332389920949936	0.6271905847466909	0.32144035645439
COMTD1	0.10331898182630539	2.8742808928856483	0.32143269829964033
JAML	0.1032588854432106	3.6324614194723277	0.3213392040256123
B3GNT9	0.10323090851306915	0.869518518447876	0.32129567555891425
TFEC	0.10296795517206192	0.1718576531857252	0.3208862038722211
KIF14	0.10288036614656448	0.29837340345749486	0.3207496929919372
TCIRG1	0.10283628106117249	3.2119515400666456	0.3206809677157888
FUCA2	0.10281112790107727	1.9305950632462134	0.32064174327598843
WDFY1	0.10268665105104446	2.8704090485206017	0.32044757748341307
RPH3AL	0.10264764726161957	0.9450420232919546	0.32038671552226555
BRD2	0.10263997316360474	4.271604913931626	0.32037474049435843
LRR1	0.10258837789297104	1.8527240753173828	0.32029420446862816
LINC00511	0.10253098607063293	0.7887010024144099	0.320204597797425
GSTM2	0.10248545557260513	1.8681606191855211	0.3201335012793526
LINC00355	0.10237018764019012	0.23751182825519487	0.31995340898878544
SULT1B1	0.10235907882452011	2.474006767456348	0.31993604943655307
SEC14L2	0.10233697295188904	1.8097518682479858	0.3199015082220434
CORO7	0.10226048529148102	3.690491355382479	0.3197819389995664
MRPS28	0.10224112868309021	2.888516618655278	0.3197516715647175
HYAL2	0.10209408402442932	1.0746640127438765	0.3195216484091486
SLC5A6	0.10208843648433685	1.9109994769096375	0.3195128135097417
FSD1L	0.10205832868814468	0.928182833469831	0.31946568998073194
CAGE1	0.10203132033348083	0.8407506968539494	0.31942342338637175
MLXIP	0.10196921974420547	3.6364020934471717	0.31932619566656173
CHST15	0.10190436989068985	0.2003517968293566	0.31922463702789794
DNASE1	0.10190190374851227	2.8004754598324118	0.3192207743977558
GCNT4	0.10184246301651001	2.5790723057893605	0.31912765826522754
PRMT5-AS1	0.10176257789134979	0.8335737471397107	0.31900247509587043
MAPK11	0.10174690932035446	1.217261525300833	0.3189779161478104
SERPINB9	0.10171603411436081	3.7078749583317685	0.3189295166451721
APOL6	0.10170260071754456	4.131004608594454	0.31890844830044934
CNTNAP1	0.10167538374662399	0.747721675496835	0.3188657796315044
EZR	0.10166410356760025	4.6831719141740065	0.3188480876086962
ST8SIA6	0.10152275115251541	0.6329863730531472	0.31862635363300396
RPL39L	0.1014721542596817	1.820313302370218	0.3185469362245555
SH3RF3	0.10142268985509872	0.8075344562530518	0.31846929685102743
MCC	0.10135870426893234	1.223413375707773	0.318368823207594
PPIL1	0.1013152077794075	2.225963363280663	0.3183004987424355
MCM5	0.10118845105171204	2.519188853410574	0.3181013263832089
DTX1	0.10105501860380173	1.4853815252964313	0.31789151983572606
SBNO2	0.1009046882390976	2.4444787960786085	0.3176549875210353
HSBP1	0.10086634755134583	3.404268402319688	0.3175946271077838
SLC22A17	0.10085969418287277	1.2012256567294781	0.31758415221613884
VCL	0.1008521243929863	3.066640798862164	0.31757223877204516
BTN3A2	0.1008128896355629	4.746258157950181	0.31751045474587897
ZBTB7B	0.10081234574317932	2.5796453081644497	0.3175096030687671
ZCCHC2	0.10078559070825577	3.1759927914692807	0.3174674614193322
COQ7	0.10074490308761597	3.258699187865624	0.3174033736031357
MOB3A	0.10070224851369858	3.154855645619906	0.31733617534587744
RALGDS	0.10065316408872604	3.1395405989426832	0.3172588303508655
MSRB1	0.10064607113599777	1.9147301866458013	0.3172476457207741
RALGPS2	0.10064207017421722	2.4242339501014123	0.317241342019998
ATP8B2	0.10059217363595963	3.6200831945125875	0.31716269667094393
ODC1-DT	0.10052081197500229	0.6863572712127979	0.3170501772897168
MLEC	0.10030892491340637	3.5363823909025927	0.31671584003979714
IFITM2	0.1002783551812172	5.781097998985877	0.3166675813687551
HKDC1	0.10027820616960526	1.3648563417104573	0.3166673379532726
ACVR1	0.10013679414987564	2.3012216916451087	0.31644398638031807
PGAM1	0.10013113915920258	4.100023187123812	0.31643504190617333
CCND2	0.1001252755522728	4.649999233392569	0.31642578570412344
CA6	0.10011408478021622	0.8162140353367879	0.3164080988606067
PPP1R9B	0.10005658864974976	2.4869586045925436	0.3163172220844098
PDZD11	0.10004521161317825	2.6271060705184937	0.3162992401568243
PDE9A	0.10001686960458755	1.9450147243646474	0.3162544402156033
COL6A1	0.10000155121088028	0.6824748444442565	0.3162302152686806
TNFRSF1A	0.09997369349002838	2.5189280143150916	0.31618616332432337
ITPRIPL1	0.09996441751718521	1.3162636321324568	0.3161715028079158
MRPS18C	0.09994573891162872	3.877180209526649	0.31614196100380487
RAMP1	0.09993083775043488	0.5970143194382007	0.3161183898220805
DPYSL4	0.09988301247358322	0.29429904188817513	0.3160427416646706
NUP43	0.09986786544322968	2.4375877793018637	0.3160187767837236
PDE7B	0.09979848563671112	0.9571690020652918	0.3159089779402968
CPNE2	0.0997706949710846	1.665157845387092	0.3158649982839114
ARHGEF3	0.0996793583035469	3.933495576565082	0.3157203837287912
SKA2	0.09966220706701279	3.2959538789895864	0.3156932216805865
CDK6	0.09964757412672043	3.965188448245709	0.31567003844096636
SNX20	0.09946238249540329	3.2641357275155873	0.3153765672472247
LINC02273	0.09946183860301971	3.3141081791657667	0.3153757129892917
NR1D1	0.09940379858016968	2.0032449548061075	0.3152836820258747
PDE4B	0.09932442009449005	3.932297624074496	0.3151577689974391
SNX24	0.09930769354104996	1.3234126223967626	0.31513123303748
GOLGB1	0.09922599792480469	4.184221597818228	0.31500158254300487
OPTN	0.09918471425771713	4.654384833115798	0.31493604888231647
BEX5	0.09916986525058746	2.1990709946705747	0.31491247605178413
CHCHD4	0.09912793338298798	1.7170969477066627	0.3148458893352399
CROT	0.09885082393884659	2.2858374531452474	0.3144055068963322
ALCAM	0.09884660691022873	1.3511545245464032	0.3143987974200593
PYGL	0.09884121268987656	0.19226136853775153	0.31439022133934263
NPIPB2	0.09880941361188889	0.622441831116493	0.31433964927735414
BAK1	0.09880059212446213	2.656043630379897	0.3143256091283722
JPX	0.09874289482831955	4.773269800039438	0.3142338276675039
ISG20	0.09871172904968262	5.581443016345684	0.31418422353008224
UBE2E2	0.09866523742675781	1.7804003770534809	0.31411023617287437
SPINT1	0.09863833338022232	0.7793964755076629	0.3140674017469848
TLCD2	0.09854453057050705	1.1004352294481718	0.3139180363700767
MMD	0.09848245978355408	2.562822406108563	0.31381915244657116
YME1L1	0.09838438779115677	4.850980813686665	0.3136628545967128
LINC02615	0.09834295511245728	0.5812378158936133	0.3135968076457083
REG4	0.09820352494716644	0.551519374578045	0.31337441902046553
PLXND1	0.09814757853746414	1.1658846116982973	0.31328514074496283
ZNF83	0.09813264012336731	3.5445158848395715	0.3132613020657204
DNAJB9	0.09811310470104218	3.4289811757894664	0.3132301121635724
BHLHE40-AS1	0.09799060225486755	0.7927669985936239	0.31303450559823076
BEND5	0.0978773683309555	1.4105042585959802	0.31285358993971535
FN3KRP	0.09787534922361374	2.5470495911744924	0.3128503565297198
ARPC1B	0.09783819317817688	5.830178572581365	0.3127909756588571
AQP3	0.09783239662647247	4.669718797390278	0.31278170566545715
ZFHX3	0.09781016409397125	1.2351534481231983	0.31274616610146116
CTRL	0.09776940941810608	1.0433763918968348	0.31268099840315766
MAP3K20	0.09762074053287506	1.308215517264146	0.3124431787722412
LRRC61	0.09759267419576645	1.3920939014508174	0.31239825912021174
HCG11	0.09754852950572968	1.9116616753431468	0.3123276043849872
ZNF346	0.09752492606639862	2.2818059783715468	0.3122898165031539
CSF2RB	0.09746801108121872	0.4174465941121945	0.31219867017069974
GPM6B	0.09744452685117722	2.178495998565967	0.3121610579714381
CYCS	0.09738585352897644	4.743061817609346	0.31206706726902794
MLKL	0.09737930446863174	2.343992746793307	0.312056568113114
FHL2	0.09737732261419296	0.6201113175887328	0.3120533912049469
ZNF516	0.09733514487743378	1.2918437283772688	0.31198580833685813
LRIF1	0.09728721529245377	2.7715310408518863	0.31190898847725046
NCF1	0.09728392958641052	3.7272220024695764	0.31190371375977716
LPCAT1	0.09722357988357544	2.2843241691589355	0.3118069635017986
P2RX5	0.09721580892801285	2.3425197234520545	0.31179449700802564
MRPL15	0.09719731658697128	2.793356079321641	0.3117648472139993
ACOT4	0.09718840569257736	1.0863277866290166	0.31175055252113115
PID1	0.0971832349896431	0.1610399201655617	0.3117422593454539
TFEB	0.09716010838747025	1.6458362249227672	0.31170516473070115
ENHO	0.09712757915258408	0.3046473803428503	0.3116529819301141
FGF7	0.09705733507871628	0.4298421743397529	0.3115402677873116
SGO1-AS1	0.09704162925481796	0.4881984402353947	0.3115150514202017
AGAP9	0.09701526165008545	1.2099494750683124	0.31147273335981845
SAC3D1	0.09688456356525421	2.2486126835529623	0.31126284739787685
HSD11B1	0.09678073227405548	0.5659820574980515	0.3110960148855625
GTSF1	0.09665118902921677	1.5938880764521086	0.3108877488451746
SRGAP3	0.09663823992013931	1.240016215122663	0.31086691722624976
RIC3	0.0965249091386795	3.6275153251794667	0.31068458411284966
ABHD15	0.09642496705055237	1.7208814300023592	0.3105236960788841
PAM	0.09638634324073792	1.6026660479032075	0.3104614979419528
NFAM1	0.09631267189979553	0.2109438099253636	0.3103428309907595
CD59	0.09630081057548523	3.484211105566758	0.3103237222449019
RNF130	0.09627882391214371	2.352914865200336	0.3102882937388504
ACOT9	0.0962386429309845	2.5808295561717105	0.31022353366306216
GPRASP1	0.09619707614183426	2.5276634142949033	0.31015653800939474
CNP	0.09617442637681961	2.7156387750919047	0.3101200197046319
DHFR	0.09616485238075256	2.3942782970575185	0.31010458399383645
KDM6A	0.09616132080554962	3.0392592411774855	0.31009889044784156
ZNF626	0.09609521180391312	2.3177037697571974	0.3099922767972801
METTL18	0.09601061046123505	2.426471632260543	0.30985579351394327
TFRC	0.09598508477210999	3.018714528817397	0.3098145990376251
IRGQ	0.09593579173088074	1.5761338334817152	0.3097350378732681
TJP3	0.09591302275657654	1.3674880678837116	0.3096982760793888
STAB1	0.0958884134888649	0.11310138309804293	0.30965854776920815
POC1A	0.09584744274616241	0.5983729786597766	0.30959237990378646
LINC00665	0.09584473818540573	1.5450930159825544	0.3095880171751599
LPCAT2	0.09580261260271072	0.26943768245669514	0.3095199720403974
FRY-AS1	0.09579294174909592	1.5123562904504628	0.3095043456847826
MRM2	0.09578709304332733	2.455207499173971	0.3094948957583917
BTLA	0.09575846046209335	1.9282243572748625	0.30944864151497425
ILK	0.09573300182819366	3.266494640937218	0.30940750231719094
CDYL2	0.09573081880807877	1.3535745854561145	0.309403979021951
MCM6	0.09572894871234894	2.213843130148374	0.3094009478262318
TM9SF1	0.09572222828865051	2.302631350663992	0.309390085405999
HPGDS	0.09571801126003265	0.36319344920607716	0.30938327569923635
EIF5A	0.09562132507562637	5.266610072209285	0.3092269854426745
MYL6B	0.09561971575021744	2.2601514779604397	0.3092243783122367
SLC15A3	0.09556431323289871	0.712913012275329	0.30913478198139005
SOS1	0.09551233798265457	3.474630823502174	0.30905070109706684
ARRDC2	0.09549012035131454	3.5050581785348744	0.3090147576014361
TSHR	0.09545698016881943	0.8735350313094946	0.3089611302006172
OTUD1	0.09541787207126617	3.1782690103237448	0.3088978350282139
NPFF	0.09539234638214111	0.6415877567890745	0.3088565130436813
TTC9C	0.09525366872549057	2.7086688371805043	0.30863192787801785
MYADM	0.09522494673728943	3.7204392231427708	0.3085853901793766
DNAH6	0.09519043564796448	1.2285680770874023	0.30852947272771375
GNB4	0.09518522024154663	1.1174047245429113	0.3085210188737954
SASH3	0.09513106197118759	3.195091100839468	0.3084332316495995
C1orf162	0.09510841220617294	4.450413291270916	0.3083965117913032
LSMEM1	0.09508296847343445	0.4813769585811175	0.308355258666442
NAP1L2	0.09505501389503479	1.0172940309231098	0.30830993017155683
ABCB6	0.09501529484987259	0.7008484393501511	0.3082455117226877
LDLRAP1	0.0950012281537056	4.299334526062012	0.3082226905175117
CENPV	0.09499116986989975	2.5402411680955153	0.3082063739776997
ABCC1	0.09496668726205826	2.651880328471844	0.3081666508695157
RAB10	0.0949350893497467	3.472172113565298	0.3081153878904225
YIPF4	0.09480100870132446	4.195332912298349	0.3078977275556322
BAX	0.0947965607047081	4.527232353503887	0.30789050064157447
FURIN	0.09478005766868591	2.3346138779933634	0.3078637002474556
SYTL3	0.094755619764328	3.265938502091628	0.3078240088514282
CHST11	0.0947154089808464	3.242770653504592	0.30775868738980944
LINC02604	0.09461755305528641	0.6133277129668456	0.3075996597754493
SLC24A4	0.09461526572704315	0.1969265380444435	0.3075959449186422
SMC4	0.09457319974899292	3.6550483520214376	0.30752756369750783
HEXIM1	0.09451954066753387	3.312640832020686	0.30744030714108517
PRSS53	0.09442330151796341	0.9297870454879907	0.30728375329456575
PTCH2	0.09439616650342941	1.376216682103964	0.307239594080091
CD79A	0.09436395019292831	1.8466664369289691	0.30718715501719807
ANK3-DT	0.09436362236738205	0.33137932577385354	0.30718662672249236
INTS7	0.09435468167066574	1.5655638162906353	0.3071720714697323
SELPLG	0.09435216337442398	4.391316358859722	0.30716797105068555
TRIM14	0.09433853626251221	3.5360540793492246	0.30714579291012006
RNF43	0.09428191930055618	1.8726309033540578	0.3070536091053996
TSPAN32	0.0942804291844368	2.720780290090121	0.30705118317504204
SGMS1-AS1	0.09424959123134613	1.7015942082955287	0.30700096043162106
APOBEC3F	0.09422541409730911	1.7910500718997076	0.3069615780112873
ANTXR2	0.09413134306669235	2.98644534441141	0.3068083211747853
ZBTB38	0.09405200183391571	3.677104821571937	0.30667899324615017
SNHG15	0.09395980089902878	4.051005565203154	0.30652862836087874
UBA7	0.0939302071928978	2.710920893228971	0.3064803503002921
MMEL1	0.09390261024236679	0.773678102172338	0.3064353229422995
ZNF703	0.09389686584472656	0.3140293831865375	0.3064259506734609
ELL2	0.09387750923633575	1.461671409698633	0.30639436758597993
EXOSC3	0.09386827796697617	2.5346928193018985	0.30637930768756805
GAPDH	0.09385741502046585	6.328916568022508	0.306361581525815
VIPR1	0.09384257346391678	2.390009494928213	0.30633735513526456
ZNF696	0.09374919533729553	1.3556743470522075	0.30618490569800116
LINC01252	0.09369822591543198	1.0992647581375563	0.30610165531086947
XCL1	0.09368015080690384	0.3384086751164152	0.3060721320046287
EHD4	0.09367717802524567	2.9024313413179836	0.30606727652595367
CASS4	0.09367585927248001	1.5787977805504432	0.306065118280087
BRIP1	0.09362242370843887	0.8073335954776177	0.3059778162508347
PTPN6	0.09357151389122009	4.022144601895259	0.3058946125492002
NEFM	0.0935201644897461	0.49571345947109735	0.30581066921246736
ZNF141	0.09341425448656082	3.3209600907105665	0.30563745249851487
RYR1	0.09331364184617996	0.7192551516569577	0.305472820571454
S1PR1	0.09327439963817596	3.8053778685056248	0.30540857215086037
IDH1	0.09323304146528244	1.7161972660284777	0.3053408551853182
CELF6	0.09322787076234818	0.6029494206349437	0.30533239121120764
RNF144B	0.09317207336425781	1.1487689912319183	0.30524101274596094
RNF157	0.0930754616856575	3.431779751410851	0.30508270903795426
EIF4A3	0.09306027740240097	3.3006775837678175	0.30505782492364963
LTB	0.09297820925712585	7.639447193879348	0.30492328396217183
TNK2	0.09293141216039658	2.8852478449161234	0.3048465371933444
LINC00649	0.09290985763072968	3.3442675333756666	0.30481117773035493
MTSS1	0.09289351850748062	2.4085189333328834	0.30478438060042107
TRIM56	0.09288383275270462	4.07590625836299	0.30476849574024933
GSN	0.09281378239393234	0.9811477936231173	0.30465354955632956
SHTN1	0.09275820851325989	0.5204258647102576	0.30456232082922163
SNHG19	0.09265759587287903	2.9811992461864767	0.304397102111831
HMGB2	0.09246663749217987	5.012752642998328	0.3040832742587936
DPEP2	0.09245860576629639	3.0630216965308557	0.3040700694681432
MRPS18B	0.09244399517774582	3.7815899023642907	0.3040460364419284
MEGF6	0.092412069439888	1.8825192634875958	0.3039935335858771
GYG1	0.09241067618131638	2.530979802975288	0.3039912454236632
TXNDC9	0.09241021424531937	3.3028833132523756	0.3039904803612984
RAB12	0.09234234690666199	1.689169434400705	0.3038788384477196
BASP1	0.0922536849975586	0.5569021356506989	0.30373291598647484
RBX1	0.09224833548069	4.743190490282499	0.3037241148961304
SATB1	0.09215494990348816	5.0015645027160645	0.3035703360406035
FNDC3B	0.09212975949048996	2.4282462917841396	0.3035288458530901
MRPL46	0.09211669117212296	2.9481599055803738	0.3035073147283118
CCDC167	0.09207270294427872	4.054620669438289	0.3034348457838094
HOXB3	0.09197013080120087	0.9046871398503964	0.3032657745277827
MYH11	0.09196700900793076	2.220825644639822	0.3032606317543401
CEP19	0.09195370972156525	1.805881903721736	0.3032387027620224
SLC16A1-AS1	0.09193208813667297	2.926778408197256	0.30320304469755355
SH3BP5	0.09192083030939102	4.448126985476567	0.30318447721157965
MTHFD1L	0.09190675616264343	1.6520994718258197	0.3031612733994361
CANT1	0.09185809642076492	2.153952043790084	0.30308100965229096
LINC02432	0.09179700911045074	0.20522511356438583	0.30298021827282473
PTK2	0.0917135551571846	1.616077028788053	0.3028424639446115
NACC2	0.0917101800441742	1.4308156141868005	0.3028368851829289
NLRC5	0.0917028859257698	3.840290197959313	0.302824841868238
NUCB2	0.09162101149559021	4.8303411190326395	0.3026896278515474
GAS7	0.09151410311460495	0.7032217876269267	0.3025129766036645
HOXB-AS1	0.09147366881370544	2.343387035223154	0.3024461462731077
REEP3	0.09143724292516708	2.931743163328904	0.30238592218387217
PKD2	0.0914105474948883	1.7640778376505926	0.3023417747903217
PCK2	0.09138918668031693	1.8309917129003084	0.3023064507305398
DDX39B	0.09138272702693939	4.730598523066594	0.3022957613403739
HK3	0.0913810059428215	0.14855030032161337	0.30229291821889903
DOK1	0.09137539565563202	2.0059467416543226	0.3022836404854002
TLR6	0.09134863317012787	0.5584325649990485	0.30223936383684513
GPC2	0.09134279936552048	2.031800233400785	0.30222971292632533
FADS1	0.09134016931056976	0.9872812961156552	0.3022253597857399
PRR4	0.09129901230335236	0.6573472490104345	0.3021572585166574
LENG8	0.09129846841096878	4.260484768794133	0.30215636146927666
GOLGA4	0.09127867221832275	4.502600156343901	0.30212360735233035
GHRL	0.09124035388231277	1.3532914817333221	0.30206017646858685
TMEM223	0.091221384704113	3.1049371315882754	0.302028783718142
MIB1	0.09117673337459564	2.9666596742776723	0.30195485594768007
ORAI2	0.09114176779985428	3.036756368783804	0.3018969510385884
NUDT12	0.09113574028015137	1.0361430805463057	0.3018869711844208
RALB	0.09111905097961426	2.4195428444789004	0.30185931862923265
NXT1	0.09108912944793701	3.6158486788089457	0.30180975939319554
PDXK	0.09099294990301132	3.109432660616361	0.3016503747424233
ARL6IP1	0.0909753292798996	4.493600130081177	0.3016211711346536
SNN	0.09097404778003693	2.4418340783852797	0.3016190387182537
FGD4	0.09088656306266785	0.3195147876842664	0.30147398589255014
LEO1	0.09084445238113403	3.094592644618108	0.3014041301385449
KISS1R	0.09084168821573257	1.062561279306045	0.3013995464510389
MT-ND5	0.09082493185997009	6.905662243182842	0.30137174842506187
SLC25A43	0.09078916162252426	1.1213600383355067	0.30131239957833106
EPB41L2	0.09069059044122696	1.7892978741572454	0.30114878389219807
CORO2A	0.09066540002822876	2.258315751185784	0.3011069541259883
DNLZ	0.09064183384180069	1.5391881236663232	0.30106782179433916
SNRPG	0.0906333327293396	4.600397935280433	0.30105371016630456
GPRC5B	0.0905824601650238	0.7512913139966818	0.3009692013493527
PDK1	0.09056474268436432	3.7001734421803403	0.30093976304981274
PAPSS1	0.09054844826459885	2.5157840847969055	0.3009126953920264
NPIPB11	0.09046708047389984	0.8401423543691635	0.3007774567655498
PDIA6	0.09044098854064941	4.373377048052275	0.30073408198617096
ZMAT1	0.09042305499315262	3.142552302433894	0.3007042663950874
MRPL51	0.09040606021881104	4.2857850056428175	0.3006760064032063
ICMT	0.09039729833602905	1.9965695968041053	0.30066143234275944
HS3ST3B1	0.09039095789194107	2.0051570580555844	0.3006508893073013
DDN-AS1	0.0903603583574295	0.9115141366536801	0.30059999157758904
ZNF350-AS1	0.09033592790365219	0.6296202786839925	0.3005593637106641
NPC1	0.09022625535726547	1.9465036483911367	0.3003768513831419
PSMG1	0.09012437611818314	2.695907711982727	0.30020722285390405
MTUS1	0.09011617302894592	1.6728574954546416	0.300193564179253
LRRIQ3	0.09002691507339478	1.0124469651625707	0.30004485586481044
MUSTN1	0.08999068289995193	0.5539386868476868	0.2999844681446123
PPIF	0.08993322402238846	2.0935018200140734	0.29988868106624883
CACNA1I	0.08988850563764572	1.5627514513639302	0.29981411751917614
AVPI1	0.08987905830144882	0.8269088841401614	0.2997983677096872
CFLAR-AS1	0.0898459330201149	0.8401001668893374	0.2997431094336845
IL3RA	0.08983948826789856	0.7960627663594025	0.2997323566098265
CELSR1	0.0898265689611435	0.37987395060750156	0.2997108073699035
TBKBP1	0.08976230770349503	0.6949556630391341	0.2996035877995453
ARID5B	0.08975135535001755	4.938537175838764	0.2995853056901758
SCML4	0.089699387550354	4.020090066469633	0.29949856303005457
RGMB	0.08969881385564804	1.5950842247559474	0.29949760295432104
LRP8	0.08969312906265259	1.4330636881864989	0.29948811638944256
MAN1C1	0.0896710455417633	3.0011863708496094	0.29945124656312017
DHCR24	0.08959200978279114	0.872042851952406	0.2993192429557806
LINC02610	0.08948493748903275	0.43586352410224766	0.29914033684837393
MAP7	0.08937864750623703	0.8085191811506565	0.2989626218432894
GFI1	0.08933596312999725	1.4778185922365923	0.29889122264654105
RAB15	0.08932040631771088	1.195724769280507	0.29886519497903763
DMXL2	0.08930225670337677	1.014456033706665	0.2988348280304655
ID2	0.08929914236068726	4.674932241439819	0.2988296220979689
B3GALT4	0.08928079158067703	2.5170720036213217	0.2987989210606938
TRMT1L	0.08920762687921524	2.3355855895922732	0.2986764625414136
PROK2	0.0891893282532692	0.5698113344036616	0.2986458293017232
NQO1	0.0891483798623085	1.1314790707368116	0.2985772560717123
COMMD5	0.08902591466903687	2.608609139919281	0.29837210842400413
RNF19B	0.08900941908359528	1.6754686649029071	0.29834445888052014
PPP1R15B	0.08897213637828827	3.3204450057103085	0.2982819790871342
SH3BGRL3	0.08893252909183502	6.720522146958571	0.29821557497790757
GPR55	0.08886799216270447	0.8853077831176611	0.2981073528518341
LINC02084	0.08884644508361816	0.8027522495159736	0.29807120191210146
LINC01229	0.08881822228431702	0.3099800975849995	0.29802386290466276
B3GNT2	0.08879110217094421	2.778291885669415	0.2979783634174545
STYXL1	0.08876444399356842	2.162666284121	0.2979336213972757
EFCAB13	0.08871957659721375	1.3469288532550519	0.2978583147738543
SPATC1L	0.08871946483850479	2.347493304656102	0.2978581333393012
CHMP1B	0.08870087563991547	3.870890204723065	0.29782691637971165
PRMT9	0.08869407325983047	3.0933575446789083	0.2978154974375768
CHAC2	0.0886429101228714	1.3780259352463942	0.2977295936288302
C21orf91	0.08864253759384155	3.078948130974403	0.2977289688068197
P2RY14	0.08861584961414337	0.49920964212371755	0.2976841495017426
ZNF711	0.08860783278942108	0.8904798134015157	0.2976706813949986
ZNF335	0.0886068120598793	2.701289956386273	0.2976689686057054
UTP11	0.08859454095363617	2.587493584706233	0.29764834750087893
ERI1	0.08855801820755005	2.1248264083495507	0.29758698981271986
TOB2	0.08852464705705643	2.7370157150121837	0.2975309225438995
RABGAP1L-DT	0.08850791305303574	0.5516995971019452	0.29750279970785004
EPHA1-AS1	0.08845524489879608	2.9407373941861668	0.29741426806702104
COLQ	0.08844394236803055	0.8680211213918833	0.29739526512817843
S100A6	0.08840359002351761	6.593250164618859	0.2973274152457136
LIMD1	0.08839213848114014	2.1165014321987448	0.2973081489628612
DAXX	0.08833540976047516	3.3752030317599955	0.2972127386070806
TAB2	0.08829496055841446	3.955374442614042	0.2971446770039591
LYST	0.08828943967819214	3.2704555621513953	0.2971353841729031
SIPA1L2	0.08825446665287018	0.724348627603971	0.29707653867947104
SYNE3	0.08824232965707779	3.2807682752609253	0.2970561097336317
SMG8	0.08818849176168442	1.3539086488577037	0.2969654743404423
SNHG9	0.08816507458686829	3.865292338224558	0.29692604773939196
EBLN2	0.08793087303638458	1.9432383271364064	0.2965314020960586
ADPRM	0.0879279226064682	3.1815247444006114	0.296526432431657
HPSE	0.08786296099424362	1.49956149321336	0.2964168714020143
PSMA5	0.08777827024459839	4.5248788595199585	0.2962739785193181
DCAF7	0.08767711371183395	3.4657149406579824	0.296103211567645
LINC00513	0.08764566481113434	3.171008660243108	0.2960501000099991
SEL1L3	0.08763770759105682	2.8392140040030847	0.2960366685075803
UST	0.08760739862918854	0.9106817222558535	0.29598546617602417
GOLIM4	0.08757326751947403	0.5946414487866255	0.2959278121876163
PDK3	0.08749838918447495	3.0224752884644728	0.2958012637533008
TRIM73	0.0874316468834877	3.6794292559990516	0.29568842265087475
PPDPF	0.08734137564897537	6.0093135466942424	0.29553574685857037
NFKBIB	0.0873354822397232	2.733925590148339	0.2955257670586761
ANKRD18A	0.08733240514993668	0.8655973535317641	0.29552056288187967
HLA-B	0.08731944859027863	7.7366422689878025	0.29549863953937666
ATXN1	0.0873161107301712	3.480996718773475	0.29549299486077407
IBA57	0.08731062710285187	1.9432061085334191	0.2954837172093104
TPH1	0.08723034709692001	0.9570015577169565	0.2953478353995766
TSPOAP1	0.08722404390573502	1.0822840814407055	0.29533717470213056
SARDH	0.08719705790281296	1.5216993231039782	0.29529147924169347
CCDC142	0.08716894686222076	1.52248032276447	0.29524387556242965
ZFYVE28	0.08715463429689407	2.6922718103115377	0.2952196352587775
CATSPER2	0.08713902533054352	1.7691936126122108	0.29519319376712977
TUBA1C	0.0871032103896141	2.9035577132151675	0.29513252608115326
OR2A25	0.08700121939182281	1.5736353397369385	0.2949596924148345
AK1	0.08699232339859009	1.8114055899473338	0.29494461387572873
LINC02256	0.08692997694015503	2.287076881298652	0.29483889656722406
SNHG18	0.0868966355919838	0.5201301842641372	0.29478235767277855
ZNF880	0.0868888646364212	2.786627017534696	0.2947691767674042
FCGRT	0.08686518669128418	3.7305376071196337	0.29472900256823464
MIR646HG	0.08684612065553665	0.9893759798545104	0.2946966595878645
NDRG1	0.08683506399393082	3.1695105112515964	0.2946778928330675
RAB34	0.08683054894208908	1.6722949353548198	0.294670238988083
LACTB2-AS1	0.08681715279817581	1.9735644964071422	0.29464751162436803
PTP4A3	0.08679066598415375	2.554228351666377	0.2946025604690716
ACSL5	0.08678274601697922	2.5633752896235538	0.2945891146446805
ZNF677	0.08675210177898407	2.291335234275231	0.2945370993730459
GAL3ST4	0.08674755692481995	1.5070246412203863	0.2945293777998659
FZD6	0.08672145009040833	1.0645409455666175	0.294485056044737
STX7	0.086692214012146	2.960894960623521	0.294435412222692
CBLB	0.08667992055416107	3.562316206785349	0.29441454372849435
FAM98A	0.08666281402111053	2.451416960129371	0.2943854812017417
SPIB	0.08666133880615234	0.40220232135974443	0.2943829739215311
OGFRL1	0.08665547519922256	2.101460255109347	0.29437301846968156
GNA11	0.08663865923881531	0.896543569289721	0.2943444580117056
LMO7	0.08661816269159317	2.847234405004061	0.2943096334824525
RGS12	0.08656797558069229	1.515606348331158	0.294224358588832
KIR3DL2	0.08656780421733856	0.4836177284327837	0.2942240694530948
XBP1	0.08655405044555664	4.486502931668208	0.29420069575249336
MT-CO1	0.08650515973567963	8.685516100663405	0.294117590926123
RNF34	0.08649630099534988	2.9371582636466393	0.2941025342544098
CKAP5	0.08645866066217422	2.3977854435260477	0.2940385388695155
SLC35A2	0.08645625412464142	1.9579763320776133	0.294034448017677
TMED1	0.08640047162771225	2.3479415636796217	0.29393957471977
ZBTB20	0.08638682216405869	4.286880172215975	0.29391635166911884
AGFG2	0.08634097874164581	2.02804283453868	0.29383835880846715
LINC00630	0.08629394322633743	1.4214338408066676	0.2937583098078036
AJAP1	0.08626969158649445	0.19767135915418083	0.29371702266549143
ADCY9	0.0862673670053482	1.2353364114577954	0.29371306404768727
SMC2	0.08624908328056335	2.887060412993798	0.29368194864084174
CITED2	0.08615816384553909	4.3261268230584955	0.2935271081917661
CERS6	0.08615458011627197	2.827696369244502	0.29352100084771515
MAP3K1	0.08609838038682938	4.348656764397254	0.2934252599879139
ATP13A1	0.08607782423496246	2.4495634665855994	0.29339022560832034
MEFV	0.08605929464101791	0.21389038065591684	0.29335864731656225
CFP	0.08601871132850647	2.6610078536547146	0.29328946974159364
AP3S2	0.08600962162017822	2.3137729122088504	0.2932739655715653
TRABD2A	0.08594882488250732	4.735203156104455	0.2931702954753071
VMO1	0.08582234382629395	0.21179120819299266	0.29295450225127834
RFK	0.08580653369426727	2.7893851078473606	0.29292751763412483
KCNE3	0.08579131960868835	0.16173982000551546	0.2929015547076834
SIDT1-AS1	0.08572111278772354	1.8156905586902912	0.2927816779666304
KAT6B	0.08571816235780716	4.2655212328984184	0.29277664289479305
HTR6	0.0856776311993599	0.35365132185129017	0.2927074136355981
NQO2	0.08565887063741684	2.790642852966602	0.2926753665385387
LEAP2	0.08560054749250412	1.546548054768489	0.2925757168435843
LRRC32	0.08559761941432953	0.39720319927884984	0.2925707086301352
SMCHD1	0.08556953817605972	5.34463042479295	0.2925227086674174
FBXO45	0.08553822338581085	1.9903344741234412	0.2924691898016037
MAP2K7	0.08550915122032166	3.192211013573867	0.292419478790997
WDR77	0.08550094068050385	2.4441604430858908	0.2924054343642571
LAIR1	0.0854942798614502	2.774762126115652	0.2923940526860408
TCAF1	0.08545942604541779	2.4947150212067823	0.29233444209555126
DCTPP1	0.08540379256010056	3.233656644821167	0.29223927144781936
MAPKAPK2	0.08537586778402328	3.110710079853351	0.2921914854015999
DCBLD2	0.08537130057811737	0.8582423501289808	0.29218367916047644
KCNC1	0.08528677374124527	1.3203309017878313	0.29203899255422233
ITGB1BP1	0.085249163210392	3.7583866669581485	0.2919745921681863
RBM11	0.08521799743175507	1.233659551693843	0.29192121682266187
BORCS6	0.0852147787809372	2.5882644057273865	0.29191570243418313
CDC42BPB	0.08511923998594284	1.1221611774884737	0.2917520225949179
ZNF439	0.0851188451051712	2.635697740774888	0.2917513366933554
RHPN1	0.08510293811559677	2.177294295567733	0.29172407558509567
NRTN	0.0850985050201416	0.9970358289205111	0.2917164793630534
STARD4	0.08503415435552597	2.0468328320063076	0.2916061593730533
TLR1	0.08501453697681427	1.8038409535701458	0.2915725281153109
TXK	0.08499235659837723	4.457640262750479	0.2915344882749897
ZNF564	0.08498989790678024	2.189179764344142	0.2915302667393067
CCDC88B	0.08498195558786392	3.2118656910382786	0.2915166524287876
IKBIP	0.08496759831905365	2.259873307668246	0.29149202245214256
MAML3	0.0849480852484703	1.440497283752148	0.2914585529162575
USP10	0.08486815541982651	3.9520549040574293	0.29132140038551646
PDGFB	0.08484768122434616	0.6215351404478917	0.2912862577161579
GIMAP1	0.08483165502548218	5.116252238933857	0.29125874385821826
CES4A	0.08480966091156006	1.7460434574347277	0.29122097861275525
CIP2A	0.08469916135072708	1.1106765201458564	0.2910312012513405
LINC01725	0.08468819409608841	1.1585724903987005	0.29101236524414065
MAP1S	0.08465766906738281	2.0129638589345493	0.29095990386121146
CEACAM21	0.0846288651227951	2.449500253567329	0.29091041032161674
KCNK6	0.08458450436592102	2.5514419491474447	0.2908341521491963
ADCY3	0.08447805047035217	1.6719907063704271	0.29065108386739946
TTC28	0.08446276932954788	1.110552932207401	0.29062479331241464
PSMB8	0.08444266021251678	5.145897791935847	0.2905901954149622
IL5RA	0.0844314768910408	0.3242591368750884	0.2905709458027826
ATAD2	0.08441920578479767	2.8768248007847714	0.2905498311427574
HEBP2	0.08439526706933975	4.323187213677627	0.29050863012086764
ITPRIP	0.08437872678041458	1.8852234895412738	0.290480160679986
NEDD4	0.08435448259115219	1.4124532319032228	0.29043843047640033
TTK	0.08433595299720764	0.3437209094946201	0.2904065320032075
MIRLET7BHG	0.08432724326848984	1.098561623921761	0.29039153492238007
AKAP12	0.08432476967573166	0.40726759886512387	0.2903872760499528
ABHD14A-ACY1	0.08426246047019958	0.12133525197322552	0.29027997036155756
GCH1	0.08425518125295639	2.8024652371039758	0.2902674309453872
RWDD2B	0.08425118774175644	1.9396268862944384	0.29026055448065985
BET1	0.08424778282642365	2.5267308216828566	0.29025468239885027
ZNF322	0.08423115313053131	2.2188281371043277	0.2902260348405767
KANTR	0.08422693610191345	2.19398832321167	0.29021877889073877
RCN3	0.08419359475374222	1.259893502180393	0.29016133043770437
TREM1	0.08416130393743515	0.13894705359752363	0.29010567967283507
LIMS2	0.08413320034742355	2.0692022763765774	0.29005723098352215
FAM117B	0.08412208408117294	2.918043824342581	0.290038073237605
CTNNAL1	0.08411690592765808	0.9407329077904041	0.2900291467102843
WSB2	0.08406796306371689	2.5934779002116275	0.2899447628310362
PHEX	0.08406431972980499	0.49486283843333906	0.2899384788315528
RILPL2	0.08404888212680817	3.843312373528114	0.28991185391974966
NT5C3B	0.08401857316493988	2.5174975257653456	0.2898595698912518
ANKRD36C	0.08399996161460876	3.6055871706742506	0.2898274715666392
INSL3	0.08393373340368271	1.128779874398158	0.2897131918037394
ZNF212	0.08385654538869858	1.4469570953112383	0.28957995092619576
LIMA1	0.08385451883077621	2.8430760823763332	0.289576441295132
KRT18	0.08384165912866592	1.6782747690494244	0.28955423882592307
SKAP1-AS1	0.08384144306182861	1.383628024504735	0.2895538711846491
SYDE2	0.08380495756864548	1.6408155789742103	0.28949086335698565
MINPP1	0.08380285650491714	1.4827797871369581	0.28948722826497214
PARP4	0.0836891457438469	3.346533078413743	0.2892907686662085
KIAA0825	0.08364895731210709	1.0799005719331594	0.2892212992435675
EMC1-AS1	0.0836479514837265	0.6288667848476996	0.2892195608213851
DOK2	0.08361349999904633	4.2463917548839865	0.28915998620181177
TMEM250	0.08360274136066437	2.8568533658981323	0.2891413902429259
CDKN2C	0.08360184729099274	1.9785593014497023	0.289139844428303
STXBP2	0.08353745192289352	3.382264329836919	0.2890284627543977
PPBP	0.08351945132017136	0.21852535030876213	0.28899731839518933
HNRNPF	0.08351796865463257	4.932554281674898	0.2889947583431046
SNHG8	0.083482526242733	5.762966119326078	0.2889334325269368
MED21	0.08346717804670334	3.1214793003522434	0.28890686123513837
TNFRSF10B	0.08345441520214081	2.2105758098455577	0.2888847798415748
MRPS18A	0.08342496305704117	2.7154862789007335	0.28883380195337244
ATP8A1	0.0834018737077713	2.7924022399462185	0.2887938219048381
SEPTIN10	0.08335832506418228	0.4612497389316559	0.2887184141207164
MARCKSL1	0.08332830667495728	4.207050094237695	0.2886664261641514
TTYH2	0.08328282088041306	1.2775074335244985	0.2885876370492897
LINC00881	0.08320320397615433	0.5034578336546054	0.28844965108544457
RAB29	0.08319176733493805	3.6276732683181763	0.28842982528592787
ACTA2	0.08318884670734406	1.8237029084792504	0.28842476379474835
CHML	0.08317973464727402	2.5455607175827026	0.28840897576867364
CDKN2D	0.08312023431062698	4.458996066680322	0.28830579413257257
SAP25	0.0831095427274704	3.0163072714438806	0.2882872526632887
ADAMTS10	0.08308591693639755	1.5062183348032145	0.2882462832219144
PML	0.0830075740814209	2.850262715266301	0.28811034413113373
ZNF486	0.08295359462499619	1.6718079883318682	0.2880166613951935
SLFN12	0.08290485292673111	1.4636894877140338	0.28793203218836766
TMEM37	0.08285875618457794	0.34211863964222944	0.28785197164782383
RDH13	0.08277057111263275	2.102869744484241	0.28769875080247975
TBXA2R	0.082769975066185	0.759373970902883	0.28769770966714037
GLCCI1	0.08275027573108673	3.222943379328801	0.2876634802735103
LDHA	0.0827314704656601	5.283166005061223	0.28763078744321635
AFF2	0.08272963017225266	0.43032940419820637	0.2876275881998144
HLA-DOA	0.08267714083194733	0.5498039160783474	0.2875363300236062
GATA3	0.08267363160848618	4.120530403577364	0.28753023185180404
TRAF1	0.08266343176364899	2.8881100049385657	0.2875124890354259
ZNF816	0.08261927962303162	1.2075073501238456	0.28743569556696147
CRYZ	0.08260321617126465	1.9755761577532842	0.2874077585985433
GON7	0.0825888141989708	2.59294553903433	0.2873826965722242
SDC4	0.08256484568119049	0.5520928897536718	0.2873409974702195
SLC25A4	0.08255708962678909	1.7625655348484333	0.2873275018181578
TXNDC11	0.08253345638513565	2.8200717705946703	0.2872863710173739
SEC24C	0.08251717686653137	2.3678681346086354	0.2872580347306128
BACH2	0.08247792720794678	3.271785332606389	0.2871897001950828
KRT4	0.0824650451540947	0.11971583962440491	0.2871672796654209
MRPS14	0.08241309225559235	3.0217589415036716	0.2870768015124252
NEK6	0.08239986002445221	0.7809765556683907	0.2870537523119052
CD9	0.08239653706550598	1.1910249430399675	0.2870479742517399
PPM1K	0.08237195014953613	4.257881182890672	0.28700513338265965
PSMB2	0.08234637975692749	4.025747913580674	0.2869605929957232
TNIP1	0.08228325843811035	3.702093784625714	0.28685058165901234
KCNN1	0.08223830908536911	0.5336737509530324	0.2867722296823958
ODC1	0.08223026245832443	3.874435488994305	0.2867581900848866
IL7R	0.08220897614955902	7.16059765448937	0.2867210827408734
GNB5	0.08218177407979965	3.3262649957950297	0.28667363305700866
IRF2BP2	0.08215125650167465	4.408434326832111	0.28662039966984043
ACVR2A	0.08212976157665253	1.680380078462454	0.2865829072642183
SOCS4	0.08212059736251831	2.654909243950477	0.2865669149213554
DCLRE1A	0.08208862692117691	0.9752677724911616	0.2865111304454921
GEN1	0.08208328485488892	1.0623860565515666	0.2865018041207014
NET1	0.08206404000520706	2.101298919090858	0.2864682204201472
ENO2	0.08206208050251007	2.459379805968358	0.28646480271009234
TPPP3	0.0820615366101265	0.18280426760275775	0.28646385302316996
PNMA5	0.08206088095903397	0.8933512912346766	0.28646270307234384
NPAS2	0.08205802738666534	0.8436394437001302	0.2864577279028764
IDH2	0.0819493755698204	3.825576763886672	0.2862680113443301
RETN	0.08194507658481598	0.3912940106999416	0.28626050600839803
IDO1	0.08194268494844437	0.42646336720253414	0.28625632778978044
FTX	0.08192116022109985	4.418343002979572	0.2862187318039237
DIP2A	0.0818793773651123	3.6311176190009484	0.28614572969983665
NAPEPLD	0.08178086578845978	2.2555566796889672	0.28597354372451783
CKAP2	0.08177018165588379	2.8494920272093553	0.28595486406413184
KIF18A	0.08176165074110031	0.7080742430228454	0.28593994780041926
PLAG1	0.08176083862781525	2.1116012059725247	0.28593851799547076
BCAS1	0.08175037801265717	0.36365750446342504	0.28592022415200313
A1BG	0.08174209296703339	3.208519275371845	0.28590574505364397
VIM	0.0817355364561081	6.999752778273362	0.28589426966766324
CD300C	0.08172150701284409	0.15407511205054247	0.28586974104174423
MFHAS1	0.08169785887002945	3.334531774887672	0.2858283777603455
LPCAT4	0.08168196678161621	2.5206420788398156	0.2858005659592821
RNF17	0.08167938888072968	0.19469793405956948	0.28579606613649294
CKAP4	0.08163826912641525	2.060088437337142	0.28572411452243807
LINC00200	0.08163633197546005	0.2038430290010113	0.28572071808977534
XKR8	0.08163166791200638	2.0012898536828847	0.2857125599108805
ZNF483	0.08162686973810196	2.266033722804143	0.285704163932592
TOP1	0.08162170648574829	4.315804784114544	0.28569512227736843
RAP2A	0.08160614967346191	2.2666391684458804	0.2856678966725437
FNBP1L	0.08159837126731873	1.0271556744208703	0.2856542823799886
MZT2B	0.08159646391868591	5.762024604357206	0.2856509476943958
RABIF	0.08158677071332932	2.470356909128336	0.2856339811858273
TRIP13	0.0815667137503624	0.398862066750343	0.28559887495118946
NCKAP1	0.08156376332044601	1.0129750967025757	0.2855937070634768
TIFA	0.08155626803636551	2.7250955471625695	0.28558058136867714
NEIL1	0.08155342936515808	1.8617260226836572	0.28557561061972225
MSANTD4	0.08151327818632126	2.0422724943894606	0.2855053088030795
SLC27A3	0.08147784322500229	1.2333500385284424	0.2854432339489488
TIMM10	0.0814182385802269	3.507008534211379	0.28533881842267894
NMT2	0.08141284435987473	3.7467215336286106	0.2853293591828655
COX17	0.08141174912452698	4.07718367759998	0.28532744024844714
ARHGAP21	0.0813671201467514	2.0181044202584486	0.28524922980619905
CTSF	0.08119398355484009	2.062464095078982	0.2849455787728728
SH3GLB1	0.0811530351638794	4.002845498231741	0.28487371546690515
PLA2G12A	0.08111069351434708	3.0095362113072324	0.2847993929054094
TRIM8	0.08108112215995789	3.451054041202252	0.28474747380137944
CKB	0.08103739470243454	0.6850041328714445	0.2846706820552889
CCR8	0.08102229237556458	0.25000979364491427	0.2846441546506078
SLC38A10	0.08099516481161118	3.0735601003353414	0.2845964892256966
ZNF529-AS1	0.08097799867391586	1.5865618403141315	0.2845663321731239
ZNF213	0.08091360330581665	1.1159325631765218	0.2844531702093146
RAB3A	0.08082056790590286	0.9005272950117404	0.28428958624068207
SBF1	0.08075634390115738	2.770174943483793	0.2841766058297554
CYSTM1	0.08074670284986496	2.0126671424278846	0.284159637586512
RIPOR1	0.08072524517774582	1.4833190120183504	0.2841218814578455
B4GALNT3	0.08070565015077591	0.32895597786857533	0.2840873925120774
CCDC47	0.08064144849777222	3.131366876455454	0.2839743793565002
PPIL3	0.08063088357448578	2.9849797762357273	0.2839557800472151
MT1X	0.08062185347080231	3.783957976561326	0.2839398753292133
LINC02470	0.08056110143661499	0.11705730558158113	0.28383287640563076
CD274	0.0805063247680664	1.1609412615115826	0.28373636790783036
GPR137	0.08044605702161789	2.041963572685535	0.2836301428545035
CETN3	0.0804058164358139	2.3574491968521705	0.2835591904080176
FDX2	0.08040047436952591	2.17603233227363	0.2835497759245374
RPS6KL1	0.08037881553173065	1.052558856514784	0.283511574382342
PIGA	0.08032669126987457	1.778245366536654	0.2834196393545751
PBX2	0.08028841018676758	3.1647638174203725	0.2833520920452454
PRNP	0.08025043457746506	3.301873803138733	0.2832850710402182
CLEC4E	0.08024848997592926	0.1197932305244299	0.2832816383477741
SNX18	0.08024352043867111	2.3862082545573893	0.2832728733779284
MED13L	0.08018016070127487	3.9392116344892063	0.2831610202729164
MIR4458HG	0.08013485372066498	1.977233689564925	0.2830810071126545
SYCP2	0.08006168156862259	1.185153108376723	0.2829517301566503
RRM1	0.08001492917537689	2.77106564778548	0.2828691026947571
DRAIC	0.08000989258289337	0.5457564122401751	0.2828601938037716
DND1	0.08000826835632324	0.6922942869938337	0.28285732374975187
DMGDH	0.07998242974281311	1.2510466277599335	0.28281165460159696
TAP2	0.07995603233575821	3.507450516407306	0.2827649812521481
RNF8	0.07994896173477173	2.7920539654218235	0.2827524795461389
PDE1B	0.07993385195732117	0.9833000416939075	0.2827257479747059
DDX51	0.07992231100797653	2.6834890108842115	0.28270534183857576
EREG	0.07990762591362	0.21678728925494048	0.2826793654850786
PBX4	0.07990757375955582	2.456298731840574	0.2826792756837259
TIMELESS	0.07989206165075302	1.1534291001466603	0.28265183896041884
BCAS4	0.07985684275627136	3.01968422302833	0.28258953201231873
PHTF2	0.07983079552650452	3.3736232977647047	0.2825434434195187
KCTD7	0.07977943867444992	2.3018339643111596	0.282452543780898
CD226	0.07973068207502365	3.903684900357173	0.28236621600894024
UEVLD	0.07969842106103897	1.3545792607160716	0.28230908580206515
CEACAM4	0.07968242466449738	0.46163728532309717	0.28228076131285007
CHMP7	0.07966269552707672	4.060311143214886	0.2822458124639757
TMIE	0.07965682446956635	1.0873171595426707	0.28223540942706354
PRRG2	0.07963884621858597	1.455265625165059	0.28220354975503803
MYO5A	0.07960658520460129	2.6501098687832174	0.2821463898379148
C15orf39	0.07959921658039093	1.5336015499555147	0.28213332785987416
PDPR	0.07958359271287918	2.4809321348483744	0.2821056387262856
SETBP1	0.07954896986484528	0.40207919908257633	0.2820442670810616
GTF2IRD2	0.07951247692108154	2.568497740305387	0.2819795662441309
NABP2	0.07941733300685883	2.490620677287762	0.28181081136561864
YPEL1	0.07941047847270966	1.6381158186839178	0.28179865257095355
RMI2	0.07937491685152054	1.1877983258320735	0.2817355447958782
PSMC2	0.07933923602104187	3.34587025642395	0.2816722196477298
ARPC5	0.07926743477582932	5.371129714525663	0.2815447352083209
RBM4	0.07921873033046722	4.627984395393958	0.2814582184475881
FOXP1	0.0791669487953186	6.021807523874136	0.28136622271197076
NPIPB5	0.07914960384368896	2.9622074457315297	0.2813353973145541
HLA-DOB	0.0791337713599205	0.5815558184224826	0.2813072493116656
ERLIN1	0.07912443578243256	1.576592816756322	0.28129065644779455
FAM20C	0.07905519008636475	0.10636895089052044	0.28116754606302724
ARAP2	0.07903923094272614	3.5410297833956204	0.28113917286372014
SLC16A11	0.07903699576854706	1.1591674570853894	0.28113518613694527
RLF	0.0789976418018341	2.961206188568702	0.2810651928585318
PRR12	0.07893506437540054	3.022535645044767	0.28095385361533987
PCAT1	0.07892800122499466	2.487113824257484	0.28094128107165645
NAGK	0.07888922095298767	3.135682463645935	0.28087225062006677
DPP3	0.07885991781949997	2.1843025409258328	0.28082007447789525
L3MBTL3	0.07884068787097931	2.9340720726893497	0.2807858346368756
GK	0.07883943617343903	1.7235893928087676	0.28078360722570345
AEN	0.07880960404872894	2.5824164702342105	0.280730488949741
CAPN1	0.07878994941711426	3.5476848437235904	0.280695470472149
THRA	0.07877038419246674	2.9233117286975565	0.28066061537536285
STIP1	0.07870694994926453	3.2995463701394887	0.2805475922929728
EPS8L2	0.07868201285600662	2.5611105286158047	0.28050314307027135
ICAM1	0.07866953313350677	0.7890139061671037	0.28048089279015875
PAX8	0.07865937054157257	0.3828084998620817	0.2804627771506249
RHEBL1	0.07864309847354889	1.0969648223656874	0.28043377423925125
CTBP2	0.07864268124103546	0.8732793285296514	0.2804330260363065
RNF212	0.07860562950372696	1.3633322417736053	0.28036695082409213
PHF11	0.07860315591096878	4.2925251722335815	0.2803625413457549
SC5D	0.0785340964794159	2.9270189817135153	0.28023935642115383
TPD52	0.07847519218921661	3.018735252893888	0.2801342403094436
SPINT2	0.0784488096833229	3.6209645087902365	0.28008715050153693
TRIM35	0.07841009646654129	1.7716702681321363	0.280018026727867
C16orf95	0.07840143144130707	0.9688058707576531	0.28000255790187156
BLM	0.07836692780256271	1.7120492091545692	0.27994093612851634
DNAJA1	0.07836376130580902	4.767979676906879	0.27993528200932166
DDX3X	0.0782407894730568	5.487990140914917	0.2797155573289946
PARP3	0.0781283974647522	1.3094367041037633	0.27951457592272105
MPPED2	0.07811081409454346	0.405846645625738	0.2794831216924485
ZNF786	0.07810226082801819	1.751947059081151	0.27946781791471065
PDCD10	0.07809673994779587	4.2323715870197	0.2794579411936177
MAN2C1	0.07809203118085861	2.8702785877081065	0.2794495140490405
SEC23B	0.0780845582485199	2.5308649173149695	0.27943614992091353
SGO2	0.07806271314620972	1.7585907395069416	0.2793970571880922
SLC35G1	0.07805647701025009	1.965600623534276	0.2793858985579936
RECQL	0.07805191725492477	3.828073501586914	0.27937773679478795
PRRG3	0.07803595066070557	0.6573058659067521	0.27934915283127687
IFI27L2	0.0780227929353714	3.730607958940359	0.2793256042075254
PLLP	0.07796874642372131	1.6031352694217975	0.2792288464291604
LTBR	0.07796220481395721	0.38789533307919133	0.2792171273568305
CEMIP2	0.07793819159269333	4.252035434429462	0.27917412683501164
RAPGEF2	0.07784679532051086	1.9484968002025898	0.27901039044691356
PNMA3	0.07784461230039597	0.9503413897294265	0.279006474969834
CHST2	0.07784140110015869	1.6959068545928369	0.2790007184005976
MACF1	0.07781517505645752	4.826881445371187	0.2789537179600814
ITGA2	0.07777328789234161	0.7281235869114215	0.278878627102306
SKIL	0.0777248665690422	2.368114416415875	0.2787917956709656
FMNL1	0.07771599292755127	4.658025411459116	0.27877587729302244
DCPS	0.0776914656162262	2.874241306231572	0.2787318853153872
TPST2	0.07766890525817871	2.985606074333191	0.27869140993415403
ZNF816-ZNF321P	0.07765017449855804	0.11679183978300828	0.2786578031143678
SUSD1	0.07763310521841049	1.3751137783894172	0.278627180643713
GLRX2	0.07759077101945877	2.4803671745153575	0.2785511968474017
GNAS	0.07758090645074844	5.566073491023137	0.27853348777073084
SLCO3A1	0.07757148891687393	3.5109828068659854	0.2785165860451304
ANO9	0.07754762470722198	2.5484926517193136	0.2784737377379947
FLACC1	0.07754644751548767	0.5812084823846817	0.27847162497690187
RPP25	0.07754440605640411	1.186037045258742	0.2784679680282005
ZMIZ1	0.07745925337076187	2.063530669762538	0.27831502856088824
CD79B	0.07740265130996704	3.1150201742465677	0.2782133239076896
TRAT1	0.07738377898931503	4.934904061830961	0.2781793972009409
ZNF600	0.07735850661993027	2.0115724068421583	0.27813397872895357
COMMD4	0.07732401043176651	3.09780583014855	0.2780719463152436
PXN	0.07732070237398148	3.3099717451975894	0.2780660070603614
TTLL10	0.07731825858354568	0.402883652311105	0.278061608140284
ALYREF	0.07730355113744736	3.580512670370249	0.27803516536737516
N4BP1	0.07729600369930267	3.9520619282355676	0.27802158498429586
PLCL1	0.0772932693362236	2.8812938653505764	0.27801666676462833
FUT11	0.0772659033536911	2.1631991817401004	0.2779674442798438
MFSD4B	0.07725849002599716	2.641403152392461	0.2779541119589887
SMARCD2	0.07722873240709305	2.8927395252081065	0.2779005797064834
ABCD2	0.07721580564975739	2.5260655329777646	0.2778773270865367
TLR7	0.0772094577550888	0.24507521537060922	0.27786590299758157
PCYT1A	0.07718829065561295	2.832370272049537	0.2778278036322464
AGPAT2	0.07715627551078796	2.2925010185975294	0.277770183600834
FARSA	0.07714430242776871	2.7329509349969716	0.27774863738197403
ATP11A	0.07712852209806442	2.6854363404787502	0.2777202222770965
MRPL35	0.07711675763130188	2.930576416162344	0.2776990432395913
SFMBT2	0.07709036767482758	2.43196950508998	0.27765151818561656
ADPRH	0.07704008370637894	0.4024580307304859	0.27756094954461163
CASP3	0.07701025903224945	2.748080152731675	0.27750721750776164
NDUFAF1	0.07695505768060684	2.3443607687950134	0.2774077503392339
FCMR	0.07694532722234726	4.844707782451923	0.2773902024472143
ITPKB	0.07694277912378311	3.9080070440585795	0.277385608385962
TIMM8B	0.07693859189748764	3.7030592423218947	0.27737806700473033
NOVA1	0.07693469524383545	0.31312289382689273	0.2773710405877021
ENPP4	0.07691358029842377	1.709050293152149	0.27733297788820643
HAR1B	0.07688472419977188	1.2340800211979792	0.2772809466662138
LRP5L	0.07687488198280334	1.120727002620697	0.27726319534613425
CCNG2	0.07687234878540039	2.512680003276238	0.2772586353989265
OGA	0.07686067372560501	4.550212970146766	0.2772375806378867
C3orf62	0.07683392614126205	2.04353253199504	0.27718933729808193
IMPDH1	0.07683020085096359	2.779235940713149	0.2771826189543199
AEBP1	0.07682381570339203	1.6396880195691035	0.2771710922565269
DPY19L1	0.07676328718662262	1.166571516257066	0.2770618836268913
CHAF1A	0.07674384117126465	1.8722182924930866	0.27702678348592336
KCTD15	0.07673614472150803	0.5666163331614091	0.27701289192760226
ACCS	0.07670430094003677	1.3489822149276733	0.2769554171403566
SERPINB8	0.07669582217931747	1.6420459426366365	0.27694010497409427
HNRNPUL2	0.07668020576238632	3.681777917421781	0.2769119142379693
SETD1B	0.07665488123893738	3.0543498809521017	0.27686618415209946
APBB1	0.07664477080106735	2.972892458622272	0.2768479143169849
ATP8A2	0.07653643935918808	0.8391763189664254	0.2766522024413853
UBXN11	0.0765061229467392	2.776531778849088	0.27659739557118285
C6orf47	0.07648123800754547	2.4222617149353027	0.2765524091674747
PMVK	0.0764683187007904	3.379141385738666	0.27652906081349216
LINC00092	0.07645893096923828	0.40431472616126907	0.2765120875124686
C9orf40	0.07640009373426437	1.5919321316939135	0.27640566987215315
ZNF253	0.07638873159885406	2.1411541379415073	0.2763851181280571
LRRC14	0.07635282725095749	2.4537225594887366	0.27632014880321265
RHCE	0.07630941271781921	0.5436909794807434	0.27624158317168584
PLEKHB1	0.07623825967311859	2.7312622987307034	0.2761127615177953
GTF3C6	0.07618744671344757	4.0735367353145895	0.2760207327468966
TMEM181	0.07617086917161942	2.9622933130997877	0.2759907056426489
GLUL	0.07616811245679855	2.861580573595487	0.275985705132368
GCNT2	0.07616529613733292	1.6381076345076928	0.2759806135304749
GBA2	0.07616373151540756	1.8142897945183973	0.2759777698161892
JDP2	0.0761469379067421	0.3692936235322402	0.27594734163777035
GDI1	0.0761423110961914	2.9239298472037683	0.27593896517465194
MINK1	0.07613552361726761	2.9541309154950657	0.27592666828156
MT-CO2	0.07611363381147385	8.684103012084961	0.2758869967503124
LINC02649	0.07608252018690109	0.544746797818404	0.2758305969099658
SEC24D	0.07605153322219849	2.139759838581085	0.2757744286459097
RPS10	0.07604826986789703	7.348378254817082	0.27576851025176125
UACA	0.07604116201400757	0.31496295232612354	0.27575562049138297
SH3TC1	0.0760289803147316	1.5874022933153005	0.2757335283011517
LINC00539	0.07601100206375122	1.3538756691492522	0.2757009331814999
KIF3B	0.07591978460550308	2.3759343807513895	0.27553545099303095
CAPZA1	0.07591243833303452	4.623702947910015	0.2755221243377267
CDRT4	0.07587304711341858	0.6552730351686478	0.2754506227034049
FSIP2	0.07586707919836044	1.3115071998192713	0.275439790189664
LPIN1	0.07586634159088135	3.524996179800767	0.27543845174206233
SPA17	0.07584831863641739	1.406760770540971	0.27540573870828955
MLF1	0.07583208382129669	1.1042592571331904	0.2753762563865962
PPP1R14B	0.07582445442676544	4.1799605167829075	0.27536240055438543
DAGLB	0.07582307606935501	1.9815060037832994	0.2753599077987436
FBXL16	0.07576100528240204	2.7402765842584462	0.2752471726257823
TRIM46	0.07573152333498001	1.5063532086519094	0.2751936126455983
PZP	0.07571326196193695	0.6843461571977689	0.2751604348211544
ZNF827	0.07568985968828201	2.33630456832739	0.27511790707739053
SH2D3C	0.07568191736936569	2.394738963017097	0.2751034717416974
PCNX1	0.07566799968481064	3.9347413228108334	0.27507817676600593
MIR194-2HG	0.07565651834011078	0.3533426636400131	0.27505729616568364
TOR1A	0.07563987374305725	2.877807323749249	0.2750270479420989
IRF2BPL	0.07556712627410889	2.815846800804138	0.2748947540867626
TTYH3	0.07555137574672699	0.8726889215982877	0.27486610294023195
RNF32	0.0755481868982315	0.624788359953807	0.2748603001831097
TMEM63A	0.07552651315927505	4.073589829298166	0.27482086938138073
SNRK-AS1	0.07550176978111267	0.785893398981828	0.2747758595386374
PHLDB2	0.07548178732395172	0.8858174956761874	0.27473948951771404
APOL2	0.0754699856042862	3.064510317949148	0.2747180071649128
ZDHHC11B	0.07545346766710281	0.4371649952462086	0.27468794285068926
NSD2	0.07543709874153137	2.534525917126582	0.2746581425988488
DGLUCY	0.07542669028043747	3.070361476678115	0.27463920693781013
PSMD6-AS1	0.07542221248149872	1.3959633868474226	0.27463104405207583
TSPAN5	0.07541801780462265	2.8492084649892955	0.27462341495466064
ARMH1	0.07541384547948837	3.844324680475088	0.2746158169204442
TMEM229B	0.07539378851652145	1.3681577673325171	0.2745792944402316
TMOD1	0.07539179176092148	0.8454440969687241	0.27457566114712134
LASP1	0.07538342475891113	3.286448836326599	0.274560423454459
DPYSL2	0.07534553110599518	2.6846913420237026	0.27449141084347445
TSPYL4	0.07533099502325058	3.1266258038007297	0.2744649216103373
NRM	0.07528547197580338	1.4717169083081758	0.2743819754075536
STMN3	0.07526639103889465	4.3791375160217285	0.2743472111474551
NEFH	0.07524270564317703	0.7976991494114583	0.2743040397285685
HYOU1	0.07521824538707733	2.4948706535192637	0.27425945395253154
EVA1C	0.07521138340234756	1.6674138766068678	0.2742469360316051
FBXO30	0.07517418265342712	1.1811588727510893	0.274179103136524
PARP15	0.07512804865837097	3.1891573667526245	0.27409496605011924
HSD11B1-AS1	0.07511524856090546	0.5869431025706805	0.27407161676284086
USF1	0.07510284334421158	2.1733183081333456	0.2740489840376288
KIAA0930	0.07509321719408035	1.700548795553354	0.27403141240989165
AS3MT	0.07503534108400345	0.5398999360891489	0.2739257891594887
TTN-AS1	0.0749543234705925	2.669286067669208	0.2737778715098999
AGAP4	0.07493464648723602	1.4490003196092753	0.2737419390082857
MED31	0.07489405572414398	2.675773868193993	0.2736677854089556
ABCG2	0.07488185167312622	0.35175401574143994	0.27364548672269656
LINC00544	0.07480065524578094	1.0719642822559063	0.27349708892343566
FOXN2	0.07476155459880829	3.315478645838224	0.2734255897580769
OSBPL1A	0.07473570108413696	1.3299457889336805	0.2733783051945749
SH3D19	0.07473321259021759	0.7652698686489692	0.2733737582035041
KDM5C	0.07473178207874298	3.0058390360612135	0.2733711471453312
ZNF267	0.07471485435962677	3.0131524251057553	0.2733401856829811
REL	0.07470127940177917	3.689762518956111	0.273315349695094
TPRG1	0.07468612492084503	0.9704906688286707	0.2732876204947057
SH3PXD2A	0.0746784508228302	1.8395291796097388	0.2732735878331405
KIAA0040	0.07467399537563324	3.5969999570112963	0.2732654247832324
GPR146	0.07466411590576172	1.99661824794916	0.27324734894932945
ETS1	0.07465226948261261	6.172773397885836	0.273225679455561
SKA1	0.07463503628969193	0.44266427480257475	0.27319413982206747
SLC22A23	0.07458096742630005	1.302668204674354	0.2730951669430934
ITGAL	0.074565090239048	3.98764758843642	0.27306609226118816
GALNT7	0.07451976835727692	2.499014368424049	0.27298309296157425
CDC14B	0.07450482994318008	1.7221025778697088	0.27295573221357045
EIF4E3	0.0744929388165474	3.53428629728464	0.2729339393487432
VRK2	0.07449174672365189	2.270309874644646	0.2729317635889977
CD101	0.07448022812604904	0.6935070145588654	0.27291065307967444
RRBP1	0.07446291297674179	3.082759288641123	0.27287893769486765
DBH-AS1	0.07444921135902405	0.49277202097269207	0.2728538344308235
MYZAP	0.07441999018192291	0.3676718201201696	0.2728002684348074
GREM2	0.07440169155597687	0.4645718175631303	0.27276673578326316
ARHGAP10	0.07438844442367554	2.1771834034186144	0.2727424573531106
RHOXF1	0.0743572786450386	0.3434807271338426	0.2726853116916182
CLDND1	0.07435092329978943	4.206817443554218	0.27267366342091504
SPTLC2	0.07434619963169098	2.7592721168811503	0.2726649945610093
MRPL58	0.07431785762310028	3.11354660987854	0.27261301274485117
CELF2	0.07428450882434845	5.395194237048809	0.27255184836558666
CEP192	0.07423969358205795	2.703592162865859	0.2724696187581383
USP3-AS1	0.07422757148742676	1.3702488243579865	0.2724473711902536
HFE	0.07421374320983887	0.6736496085157762	0.27242198802797685
RDH10	0.07416055351495743	1.2158235403207631	0.27232434718244314
PPA2	0.07412512600421906	3.1484020398213315	0.27225929740136745
MRFAP1L1	0.07412391155958176	3.3934867748847375	0.27225707372552577
GPR183	0.07408257573843002	4.783331871032715	0.2721811416913709
TBCD	0.07407766580581665	2.8001711460260243	0.27217213186903677
PSPH	0.07406686991453171	1.2556943343235896	0.27215228777595807
DDTL	0.07405509054660797	0.5327503621005095	0.2721306521191862
COTL1	0.07402556389570236	5.337630143532386	0.2720763960590914
LAPTM4B	0.07400959730148315	1.8064361535585844	0.27204704680173597
SNTB1	0.0739188939332962	2.0828886994948754	0.271880292710207
SOX13	0.07386096566915512	0.4345758222043514	0.2717737340892613
NAT1	0.07385135442018509	0.9651380089613107	0.2717560573549512
GALNT10	0.073832668364048	2.687775125870338	0.2717216705258643
HSBP1L1	0.07379887998104095	3.073132111476018	0.2716594932633855
USP28	0.07377265393733978	2.1430841913590064	0.2716112206204902
SPECC1	0.07376276701688766	1.3647361626991859	0.27159301250910045
USP6	0.0737573429942131	0.1732423507536833	0.2715830286346065
GGT7	0.07373654842376709	2.0653890600571265	0.2715447390300434
ARHGAP24	0.07372284680604935	0.262236037864708	0.2715195123729013
CCDC127	0.07371126115322113	2.460035475400778	0.27149817223237754
EMB	0.07370702177286148	4.79755135682913	0.2714903698553293
DHX32	0.07368993014097214	1.6491061311501722	0.27145889839745224
F11R	0.07367125153541565	2.0323368723575888	0.2714244887244756
DOHH	0.07361844182014465	2.056199440589318	0.27132717913809085
TSG101	0.0735994204878807	3.0092631303347073	0.2712921287005105
MAN1A1	0.07358790934085846	2.195636354959928	0.27127092164657346
LEPROTL1	0.07357855141162872	5.724431478060209	0.2712536705562127
CRYGN	0.07356701046228409	0.38911688041228515	0.2712323926979338
ZDHHC14	0.0735623836517334	1.1035517729245699	0.27122385946547994
ANKRD22	0.07353032380342484	0.39360688110956776	0.2711647553502425
LINC00632	0.07352682203054428	0.5928904816078452	0.27115829227107036
RPA3	0.07352112233638763	3.8897262444862952	0.27114778768860276
ADGRE5	0.07350068539381027	4.181726299799406	0.2711100927922537
CPQ	0.07347162067890167	2.6965423272206235	0.27105649251160985
MYO16	0.07346731424331665	0.38829383053458655	0.2710485487325056
CDK11A	0.07345254719257355	3.914305952879099	0.27102130844365446
LINC02605	0.0734485313296318	0.18307070229918912	0.27101389651248436
DBP	0.07343611121177673	3.5088492448513326	0.27099098485843814
TMX2	0.07343602180480957	3.1056099029687734	0.27099082094847365
TLR9	0.07343119382858276	0.3316392990259024	0.2709819014923197
SMC6	0.07342156767845154	2.8809927060053897	0.2709641467425879
LINC01116	0.07341694086790085	1.0995262586153471	0.270955605564086
FANCF	0.0733744353055954	2.4587209087151747	0.2708771571659674
RAB5IF	0.07336142659187317	3.9353242103870096	0.2708531423257807
BUD13	0.07335013151168823	2.143783587675828	0.270832297693029
FASN	0.07328816503286362	1.9842956111981318	0.2707178707610165
SNAPIN	0.07328693568706512	2.8965997145726132	0.27071560069531736
SHKBP1	0.07326522469520569	3.560897157742427	0.2706754923952216
DCLRE1C	0.07326404750347137	2.9682417007593007	0.2706733221665491
MAP4K1	0.07323229312896729	3.0584495801192064	0.2706146596762736
MED11	0.07316163182258606	3.1376486007983866	0.2704840652849741
CD2	0.07315206527709961	5.624129625467154	0.27046638540042484
HILPDA	0.07309664785861969	1.0050574288918421	0.2703639220160906
AMMECR1	0.07303530722856522	3.105852805651151	0.2702504507523023
NLRP3	0.07301237434148788	0.6422994996492679	0.27020802504267677
LINC02848	0.07299377024173737	0.5628366057689373	0.27017358797696345
ACVR2B	0.07298078387975693	1.9271162564937885	0.2701495555687821
C6orf62	0.07296232134103775	4.282755072300251	0.2701153846212131
DHFR2	0.07296145707368851	1.5786087146172156	0.2701137830473344
LIX1L-AS1	0.07296043634414673	1.6740254347140973	0.27011190008093605
RUFY4	0.07294486463069916	0.21284994798210952	0.2700830727228433
NAP1L3	0.07292017340660095	1.1383069318074446	0.27003735577968835
CIT	0.07291925698518753	0.46763970187077153	0.2700356589335388
POLE2	0.07288838177919388	0.6104050141114455	0.2699784900016508
CFLAR	0.0728716179728508	4.898082146277795	0.2699474327672668
NOP10	0.0728544071316719	4.570060271483201	0.26991555431146685
EIF4G1	0.07284523546695709	3.2161820851839504	0.2698985605677644
NT5C3A	0.07281332463026047	3.9860896238913903	0.26983944251179276
TSPAN13	0.0728122666478157	0.2673732273710462	0.2698374752955716
RAB8A	0.07278527319431305	3.978411399401151	0.26978746463853615
ATP10A	0.07275816798210144	2.5109660717157216	0.2697372240884251
SESN2	0.07274984568357468	1.2252663717820094	0.2697217926630351
LINC01473	0.07274270057678223	1.7247400558911836	0.26970855393998794
LIPC	0.07268960028886795	0.5587022224297891	0.2696100849836085
TMEM245	0.07265789806842804	3.387503614792457	0.26955129312308324
SYMPK	0.07258544117212296	3.0102573541494517	0.2694168484300738
RAB1B	0.07256892323493958	3.1405299443465013	0.26938620179438144
ZNF606	0.07256270200014114	1.9677571195822496	0.2693746470243122
DARS2	0.07255693525075912	1.5682684435294225	0.26936394489480053
GCA	0.07254420220851898	2.6194827556610107	0.2693403123068957
APOL3	0.07251916080713272	3.4422155068470883	0.2692938160989286
LRRC8C	0.072482630610466	3.3508397249075084	0.26922598108278345
POLM	0.07245860993862152	2.793031720014719	0.2691813662846415
PDXDC1	0.07242909073829651	3.0524430091564474	0.26912653650671536
DIP2C	0.07238675653934479	1.2661630052786608	0.2690478728956256
SEC61B	0.07238635420799255	5.097565394181472	0.2690471218695173
NBN	0.07238326966762543	3.147890705328721	0.2690413864366478
SBK1	0.07235213369131088	2.4574925761956434	0.2689835153050115
SRP54	0.0723346695303917	3.5017167971684384	0.26895105701721045
XRCC2	0.0722740888595581	0.6540824312430161	0.2688384005368447
TSHZ3	0.07227072864770889	0.3962486251615561	0.2688321569410537
SLC43A3	0.07226642966270447	1.2625062259343953	0.2688241550420846
LINC01588	0.07225944101810455	2.519692796927232	0.26881116469714544
FRG1-DT	0.07224543392658234	0.75260817947296	0.2687851121039237
RRAS	0.07223387062549591	2.823028087615967	0.268763602393386
IDS	0.07222652435302734	4.47591390976539	0.268749928052059
PRELID2	0.07221686840057373	0.6911748475753344	0.2687319620280114
CSTB	0.07219557464122772	4.919317392202524	0.2686923398069786
MIS18BP1	0.07219425588846207	3.901000609764686	0.2686898843831763
TTC24	0.0721631795167923	0.6294018448545382	0.2686320551605523
RCN1	0.07215413451194763	1.95250626710745	0.2686152225147456
PCIF1	0.07214963436126709	3.4953582745331984	0.268606842150307
APIP	0.07213243097066879	2.9154517375505886	0.2685748174896874
ARHGAP35	0.07211839407682419	2.598981893979586	0.2685486865758008
CD2BP2	0.07210756838321686	3.281024401004498	0.26852852168851993
ZC3HAV1L	0.07208138704299927	0.3256018365231844	0.26847976955878067
RAB11FIP5	0.07205113023519516	1.3926350359733288	0.2684234202294431
LINC01237	0.072028748691082	0.5582354538715802	0.2683817170326995
MOSPD2	0.0720253512263298	2.2089094748863807	0.2683753938063225
ELF4	0.07199503481388092	1.8356913649118864	0.26831889872664355
CBFA2T3	0.07195495069026947	0.2303280093922065	0.26824420194285764
SORT1	0.07193446904420853	0.198020830248984	0.26820602415198336
NOMO1	0.07192850112915039	1.3355712340428278	0.26819488859147145
MBNL1-AS1	0.0719207301735878	1.728465749667241	0.26818040794581866
CCDC88A	0.07186062633991241	2.5034519250576315	0.2680683262192569
GPAT2	0.07185754179954529	0.563376828455008	0.26806257650318277
LINC00877	0.07181119173765182	0.22098925509131873	0.2679761079518183
FGF9	0.0717954933643341	0.8090692093739142	0.2679468083490408
CC2D1A	0.07179462909698486	2.30982329753729	0.2679451962463284
UNKL	0.07176424562931061	2.6001269817352295	0.2678885002287512
AFF1	0.07172727584838867	3.387957297838651	0.2678194902305695
MIR222HG	0.07172675430774689	1.0863497188458076	0.26781851523372296
PCNX4	0.0717213898897171	3.1511871172831607	0.26780848869759544
TACO1	0.0717054158449173	2.61658422763531	0.26777867338071687
HERPUD1	0.0717041939496994	4.15300206037668	0.2677763821536391
DYRK1B	0.07169204950332642	1.8087309690622182	0.2677537125787863
CCNF	0.07169042527675629	0.8877855149599222	0.2677506747814032
PFKFB3	0.07168515026569366	1.8649497903310335	0.2677408272902808
FN3K	0.07168101519346237	0.9001598564478067	0.26773309938907874
RGS19	0.07165252417325974	4.049716729384202	0.2676798885392371
TREML2	0.07160349190235138	0.5080230055520167	0.2675882913149696
INTS13	0.0715838223695755	2.493119281071883	0.2675515279109989
AK6	0.07153503596782684	3.0420219072928796	0.26746034599178575
RPP38	0.07153431326150894	2.9286760000082164	0.26745900023606534
C16orf54	0.0714792013168335	4.101023976619427	0.2673559511848493
MDFIC	0.07147245854139328	4.376733449789194	0.2673433279763377
ZMIZ2	0.07143931090831757	2.409550877717825	0.2672813367229559
UTRN	0.07141990959644318	4.6130843712733345	0.26724503072567757
IER3	0.07140473276376724	2.3110626615010776	0.2672166399470194
EPHA4	0.07138987630605698	2.597500966145442	0.2671888376710268
IL12RB1	0.07138478755950928	2.9395648607840905	0.26717932318763354
MANF	0.07131896167993546	3.7415353059768677	0.26705610244088634
CYB561D1	0.07129235565662384	2.4835295585485606	0.2670062792865137
SPDL1	0.07124726474285126	1.768523083283351	0.26692183496846683
SLC25A25-AS1	0.07124006003141403	1.8336334687012892	0.2669083401992697
ZNF496	0.07119301706552505	1.2550733983516693	0.2668201972202672
RRAS2	0.071184441447258	2.0597864526968737	0.2668041294282696
PSMA4	0.07118181139230728	4.373743203970102	0.26679919075814834
CD320	0.07114072889089584	3.474883427986732	0.2667221893432047
LAX1	0.07110113650560379	2.654156198868385	0.2666479618066214
TNRC6C	0.07109645754098892	3.9649288746026845	0.26663918963224736
HIP1	0.07106321305036545	0.9956435309006617	0.2665768379330363
OBSCN	0.07106241583824158	2.9209752633021426	0.26657535037688684
METTL27	0.07104749232530594	0.5979219365578431	0.26654734902605676
LCP1	0.07104642689228058	5.401747575173011	0.26654535947456887
RLIM	0.0710359588265419	3.0553787855001597	0.26652572392569773
HEATR5B	0.07101359963417053	3.0057211105640116	0.26648376561723797
KRTCAP2	0.07094871252775192	5.199941396713257	0.266362000670483
GSDMB	0.07091094553470612	1.9902401245557344	0.26629109403827345
ATOX1	0.07085274904966354	3.4717981265141415	0.2661817970120364
STX16-NPEPL1	0.07084435224533081	0.11218830484610337	0.2661660243931886
KIFC2	0.07077685743570328	1.8279379239449134	0.2660391970649774
C7orf50	0.0707690417766571	3.543390026459327	0.2660245119361123
ASCC3	0.07075797766447067	3.4612146615982056	0.2660037220869696
MRPL18	0.07074540108442307	3.795624778820918	0.2659800797446944
SNX10	0.07073896378278732	2.446632247704726	0.26596797260606364
NPIPA1	0.07070988416671753	1.322547930937547	0.26591330554216064
ARHGEF26	0.07066510617733002	0.9843996786154233	0.26582908661837473
CLDN15	0.07066089659929276	1.8315833119245677	0.265821178217843
ATP6V1D	0.07065725326538086	3.325608170949496	0.26581431787219195
TRIM26	0.0706455409526825	2.6101282376509447	0.265792284332457
PSAP	0.07061778753995895	4.086424112319946	0.26574006851200216
FBLIM1	0.07059144228696823	1.1206253812863276	0.2656905006474925
ATF6B	0.07058850675821304	3.9204428379352274	0.2656849754450851
UCP2	0.07058130949735641	5.315219438993013	0.26567143711735247
VAMP1	0.07055041193962097	2.7616704243880053	0.2656132713925556
WWC2	0.07054455578327179	1.032267769941917	0.2656022546801892
ABCG1	0.0705094039440155	2.2587527357614956	0.2655360742893134
ODF2L	0.07050365209579468	4.622427390171931	0.2655252375005887
BCL9L	0.07042441517114639	3.9273530336526723	0.2653759951779317
BRD8	0.07039350271224976	2.915580446903522	0.2653177435280014
HIP1R	0.07038597762584686	2.2955963015556335	0.2653035564819443
TINF2	0.07035314291715622	3.4141628375420203	0.26524167583394664
VPS37B	0.07033798843622208	2.9443416136961718	0.2652130976427185
TCEAL2	0.07033102214336395	0.3010569765017583	0.2651999607091623
PDCD1LG2	0.07031989097595215	0.37055693136957973	0.26517898063862705
ZNF324	0.07029564678668976	2.2232050941540646	0.26513326844258306
PRKD2	0.07027994096279144	2.999507922392625	0.26510363613198507
DDI2	0.07025109976530075	2.7368598717909594	0.2650492468149107
ARMT1	0.07023920118808746	2.5352432269316454	0.2650267897608519
DENND4B	0.07022209465503693	2.952668932768015	0.2649945145158485
ABCA5	0.07018792629241943	2.7467942329553456	0.2649300442710158
MICAL1	0.0701795220375061	2.6920475317881656	0.26491417673186646
ZFYVE9	0.07014787942171097	1.1447224892102754	0.264854448039949
BCL10	0.07014666497707367	3.3337273689416738	0.26485216064673783
RHEB	0.07014165818691254	3.6885320223294773	0.264842708945589
STIM2-AS1	0.07012743502855301	0.4323987645598558	0.264815850244333
TLN1	0.07010579109191895	4.7171439207517185	0.2647749883893942
SAYSD1	0.07003992795944214	2.485661690051739	0.26465057890286686
POP1	0.07003829628229141	1.557149433172666	0.2646474904078756
DHRS3	0.07000268250703812	3.021678145115192	0.26458019972180363
TLE1	0.06998863816261292	0.9932838196937854	0.26455366301379385
BTBD19	0.06998064368963242	0.539475003687235	0.26453855249570213
YWHAE	0.06997251510620117	4.141905885476333	0.2645231893859402
DHRS7	0.06994817405939102	4.162343960541945	0.2644771696275489
DBT	0.06992945820093155	2.733948377462534	0.26444177900155114
AGO4	0.069923996925354	2.3259818783173194	0.2644314545990825
TNFRSF10D	0.06992212682962418	1.7113348153921275	0.26442792504878376
C11orf68	0.06992193311452866	2.700366423680232	0.2644275551869375
CPOX	0.06988173723220825	2.015279783652379	0.264351545577493
IL17RA	0.06987554579973221	3.332036201770489	0.2643398344172524
MAGED2	0.06986568123102188	3.4690016508102417	0.26432117262944327
MRPL12	0.06978273391723633	2.905294115726764	0.2641642247284134
NRARP	0.06977646797895432	0.3239101998221416	0.26415236250324176
ZNF808	0.06977429986000061	2.025291791329017	0.2641482511337535
DMWD	0.06976992636919022	2.169705867767334	0.2641399700203472
IWS1	0.06973674148321152	3.3510388227609487	0.2640771501851157
HES1	0.06971145421266556	0.34203771587747794	0.26402927059051234
NOMO3	0.06971020251512527	1.5346411512448237	0.26402690124766326
IL6R	0.06969250738620758	3.7793023586273193	0.26399338731263494
TRIM38	0.06969122588634491	4.184431296128493	0.2639909518713857
GAK	0.06968795508146286	3.146913638481727	0.26398476845646823
UCK2	0.06968581676483154	0.6396034199457902	0.2639807158161493
GAB2	0.06967552751302719	0.710897853741279	0.2639612268976949
C1orf216	0.06967417895793915	1.5152932451321528	0.26395867202890577
ATP2B1	0.06963023543357849	4.21650059406574	0.2638754110129895
LPP	0.06960241496562958	3.5878594563557553	0.26382269220093224
ACP5	0.0695883259177208	2.538700892375066	0.26379598692686074
ZNF620	0.06955286115407944	1.170582195887199	0.2637287694151718
HASPIN	0.0695452019572258	0.1291574383011231	0.26371424540946165
TMEM208	0.06954347342252731	3.566334531857417	0.2637109639031378
SDF2	0.06952431797981262	3.4257266338054952	0.26367463963522464
GUCA1B	0.06949025392532349	0.6373353205048121	0.26361004100745455
MRPL10	0.0694483295083046	3.0804602274527917	0.2635305122478036
TCEAL4	0.06944791227579117	3.1439237411205587	0.26352972327833846
NDUFV2	0.06937945634126663	4.669489457057073	0.2633998018397565
ZNF852	0.06933978945016861	1.3142528602710137	0.26332449282581727
SP110	0.06931961327791214	4.951620652125432	0.26328617449635516
ZAP70	0.06929061561822891	4.2456128138762255	0.26323110525846083
MAD2L1	0.06924828886985779	2.5718546280494103	0.2631506919271769
CPTP	0.06923311203718185	2.483287004324106	0.26312186073784555
NCK1-DT	0.06921293586492538	2.0997943373826833	0.26308351525363627
GPR174	0.0691983699798584	3.6083427851016703	0.26305582676451883
KNSTRN	0.06919656693935394	1.188994322831814	0.26305240342862946
TMC8	0.06918970495462418	4.412583681253286	0.26303936662640653
RFLNB	0.06915292888879776	4.382608065238366	0.2629694488884593
LINC01572	0.06913377344608307	0.6379717038227961	0.2629330138948098
TLR8	0.06912712007761002	0.12310120592323634	0.2629203627453141
MID1IP1	0.06909982860088348	3.0107067273213315	0.2628684672872719
CLHC1	0.0690997987985611	1.6047319632310133	0.2628683992724521
SRA1	0.06904629617929459	3.167154853160565	0.26276661449392424
PLD6	0.06903684884309769	1.8975028945849493	0.2627486459071151
C3orf18	0.06903332471847534	1.344337027806502	0.26274193432262394
POP7	0.06901339441537857	2.7948143298809347	0.2627040079094335
RPL26L1	0.06898261606693268	3.224021398104154	0.26264542214408376
CAMSAP2	0.06896312534809113	1.4626619517803192	0.2626083161679892
NIPA1	0.06893923878669739	1.6174130898255568	0.26256283454313367
GNAO1	0.06893888115882874	0.964766725897789	0.2625621432228084
SETX	0.06885930150747299	4.099927553763757	0.2624105575851461
TNFSF12	0.06884559988975525	3.7091515889534583	0.26238444361354596
TLNRD1	0.06880982220172882	2.804049308483417	0.262316265958304
NSMF	0.06879281252622604	2.1884762048721313	0.2622838362217041
IDI1	0.06878867745399475	3.7551975341943593	0.2622759614071612
ALS2CL	0.06878384202718735	1.6946071844834547	0.2622667343524673
RN7SL832P	0.06876757740974426	0.7801282107830048	0.26223573381148857
CHMP2A	0.06874270737171173	4.377873173126807	0.26218830429131357
USP8	0.06873497366905212	4.025171518325806	0.2621735591175363
CMTR1	0.06873276829719543	2.529737032376803	0.2621693548155355
CYB561D2	0.06868630647659302	3.1991527263934794	0.26208072154552553
MED25	0.06868287920951843	2.4769365787506104	0.262074184187965
NADK	0.06868021190166473	2.435063197062566	0.2620690917885457
SMN1	0.06865306943655014	1.966095126592196	0.2620173143122338
SPPL2A	0.06863224506378174	3.4658710956573486	0.2619775661272075
MROH1	0.06859885901212692	2.4373795986175537	0.26191383708648797
BAZ2B	0.06858967244625092	3.1290845229075503	0.26189629476966586
TYK2	0.06856958568096161	2.558307721064641	0.26185794815761687
RNF5	0.06856676191091537	3.3450609262172994	0.2618525561114919
SHROOM1	0.06854426115751266	1.0551380469248846	0.2618095845434467
CLCF1	0.068531334400177	0.533737605294356	0.2617848944055788
ADGRL1	0.06852355599403381	1.835392837341015	0.261770039260858
GSDMD	0.06850448250770569	4.145701124117925	0.261733614475945
STK39	0.06849119812250137	2.688995590576759	0.261708228470274
RNASE2	0.06842835992574692	0.13502103161926454	0.2615881562682808
IFFO2	0.06838974356651306	2.2429427137741675	0.2615143324084935
EVI5	0.06838928908109665	1.037678367816485	0.26151345553995464
ZNF200	0.06837788224220276	1.7937217629872835	0.26149164494983396
APOA1	0.06836776435375214	0.9297778870050724	0.26147230205307903
HDAC5	0.06836573034524918	2.7154092513597927	0.2614684137593701
BCL7A	0.06831648200750351	2.004454479767726	0.26137422490868106
TANK	0.0683082714676857	3.8066954154234667	0.26135851838350355
REEP4	0.06830756366252899	1.7865028243798475	0.26135715737201326
PTCH1	0.06829456984996796	1.3724875289660234	0.26133230316715106
FHL3	0.06829264760017395	1.6583532966100252	0.261328618980225
FAAH2	0.06827283650636673	1.9047806400519152	0.26129071602939424
EPHA1	0.0682520791888237	1.5544867102916424	0.26125099215524866
GPR137B	0.06823132187128067	1.6087570190429688	0.2612112607138644
BIK	0.06822708994150162	0.9887151397191561	0.2612031536391188
MRPL23	0.06821808964014053	3.779482227105361	0.2611859308723259
MANEA	0.06821618974208832	1.9251474050375132	0.26118229045090324
COL5A2	0.06820755451917648	0.21877901141460127	0.26116575534585834
CCT5	0.06819680333137512	4.276565230809725	0.2611451728061477
LINC00265	0.06817948818206787	0.7003119450349075	0.2611120287747503
FTCDNL1	0.0681791827082634	1.1089520053221629	0.2611114330407894
SEM1	0.06814634054899216	4.6565591005178595	0.26104854209154216
MCRS1	0.06812407076358795	2.8996394047370324	0.26100588129817126
LINC01011	0.0681127980351448	1.7125084950373723	0.2609842908177563
SCCPDH	0.06808740645647049	1.7928699851036072	0.2609356416299599
LINC01772	0.06808191537857056	1.8640530751301692	0.2609251077118311
ARL11	0.06807342916727066	0.5976174015265244	0.26090885127932467
LINC01550	0.06807038933038712	3.8152615473820615	0.2609030296682994
ZNF397	0.06806071847677231	3.0304213212086606	0.26088449971204786
EFNA1	0.06805559247732162	0.7258950941837751	0.26087466598818376
EPGN	0.06800853461027145	0.22882695481754267	0.2607844629167448
FAM13A-AS1	0.06797955185174942	2.2133595851751475	0.26072888769748565
FHOD1	0.06796285510063171	1.7920271433316743	0.2606968691933104
AP3D1	0.06796161085367203	3.2474839962445774	0.26069447527459505
FERMT3	0.06794214993715286	4.058244475951562	0.26065714620842323
EIF1AX	0.06794160604476929	4.925921751902654	0.26065610545361556
MGAT1	0.06791909039020538	3.608675534908588	0.2606129091862947
TET1	0.0679018646478653	1.625082566187932	0.2605798634187495
DNAJB11	0.06786739826202393	3.1428998617025523	0.2605137180598562
LINC00662	0.06786417961120605	2.98619597691756	0.2605075388134521
AKIP1	0.06783674657344818	2.363414617685171	0.2604548783682023
IL11RA	0.06779581308364868	2.418059147321261	0.2603762892738817
GRAMD1A	0.06779240816831589	3.849631988085233	0.26036974739975166
AKNA	0.06778780370950699	4.314535938776457	0.26036090375208887
DRAP1	0.06773556023836136	5.082035046357375	0.26026055895751554
PBDC1	0.06772809475660324	3.536745172280532	0.26024622200385095
NAGA	0.06772324442863464	1.5457100730675917	0.2602369073233649
ANKRD33B	0.06770878285169601	0.4460846810386731	0.26020911591608725
CLTC	0.06770450621843338	3.312942596582266	0.2602008941055945
RNF181	0.06770138442516327	3.914516907471877	0.260194902971312
VOPP1	0.06770078092813492	3.768737169412466	0.26019374251004834
RIN1	0.06768887490034103	0.903871320761167	0.2601708626411634
ZNF337	0.0676855817437172	2.235253311120547	0.2601645342848962
ATP6V1A	0.06767702847719193	2.32128021808771	0.26014809085721863
SMC1A	0.06764795631170273	3.885431931569026	0.26009221014142375
CNNM3	0.0676431953907013	2.7203587752122145	0.2600830543411825
PARPBP	0.0676351860165596	1.0914528255279248	0.26006765934425197
CCZ1	0.06760535389184952	3.859059691429138	0.26001030276433856
ABR	0.06758183985948563	2.5844626334997325	0.25996507366933463
CSRP1	0.06757672876119614	2.951678074323214	0.2599552433589766
ADA	0.06756792962551117	3.123934351480924	0.25993832262486183
BAG3	0.0675559937953949	2.3575011629324694	0.259915360441564
SHMT1	0.06755247712135315	1.753998114512517	0.2599085964526712
GABBR1	0.06754101067781448	2.5591447353363037	0.25988652944795204
HDAC10	0.06753727048635483	2.815937564923213	0.25987933506734345
MAP4K2	0.06753325462341309	3.478234107677753	0.2598716102428346
SEMA4C	0.06752123683691025	1.7450145070369427	0.2598484933910589
REV3L	0.0675194263458252	3.4068471101614146	0.2598450104279468
PATJ	0.06750544160604477	3.360140030200665	0.25981809697114416
JMY	0.06747346371412277	3.3577659588593702	0.2597565536593079
OR4D9	0.06744434684515	0.6624600428801316	0.25970049867273887
PDE7A	0.06743976473808289	4.4226002509777365	0.2596916778125175
DUSP7	0.0674235001206398	2.1251450272706838	0.25966035796700276
MYLIP	0.067416712641716	3.6825024439738345	0.25964728469639076
PTRH1	0.06738319993019104	2.335886528858772	0.25958273795624354
PIGBOS1	0.06737969070672989	3.1496941401408267	0.2595759757996828
LRIG1	0.06734281778335571	2.415359928057744	0.2595049503541866
YBEY	0.06734079867601395	2.9822908548208384	0.2595010624752522
ZNF37A	0.06731431186199188	3.2365549986179056	0.25945001328219003
PYGM	0.06729990988969803	0.9468390299723699	0.259422263711919
MESD	0.06727097928524017	4.042035653040959	0.2593664910465769
SHISA5	0.06721379607915878	4.2974598132647	0.2592562423681974
CHSY1	0.06718344241380692	1.5507671535015106	0.25919768495975376
HMGCL	0.06715738773345947	2.485001481496371	0.25914742266936786
OR2A1-AS1	0.06713917851448059	1.435398491529318	0.25911229402187147
MMRN1	0.06713104248046875	0.3312141355843498	0.25909659317496164
DUSP16	0.06709972023963928	3.1367125511169434	0.25903614250629003
SMARCA4	0.06709156185388565	3.5320873168798594	0.25902039236973445
PLCD1	0.06708936393260956	1.8735506626275868	0.259016144419153
CSGALNACT1	0.06708575785160065	3.483981957802406	0.2590091876663066
TMF1	0.06706415116786957	4.243463387856116	0.2589674683779729
NFATC2IP	0.06701917201280594	4.066646099090576	0.2588806170269592
ASB15	0.06701593846082687	0.5184352644360982	0.25887436979874723
NME4	0.06699490547180176	3.296306004891029	0.2588337353030424
TFE3	0.06698452681303024	1.7870108576921315	0.25881369033549106
NCAPD2	0.06696293503046036	2.5440533619660597	0.2587719678848069
ACAA2	0.0669582337141037	3.296760843350337	0.2587628978219854
PIF1	0.06695199012756348	0.3868768851344402	0.2587508325540282
PIK3CG	0.06694948673248291	2.4321145919653087	0.25874598569501084
TNNT3	0.06693819910287857	0.6662315204739571	0.25872417072034176
MRPS23	0.06690168380737305	3.397220877500681	0.25865359764527834
TMEM50B	0.06688523292541504	3.5359236918962917	0.2586217891960308
PLEKHB2	0.06688035279512405	3.2206426033606896	0.2586123651879921
ZBTB7A	0.066868357360363	4.171784180861253	0.2585891685044498
SLC16A5	0.0668441653251648	0.9965388545623193	0.2585423809226147
ARSA	0.06682490557432175	2.6764524166400614	0.2585051313348876
LZTS1	0.06681516021490097	0.44721885312062043	0.2584862827815472
ZNF286B	0.06678757071495056	0.10722591097538288	0.258432916309565
ENTPD7	0.06678292155265808	0.9321884535826169	0.258423918360198
ZNF415	0.06670030951499939	0.5020060570767293	0.2582640247954389
HNRNPH1	0.06668528914451599	5.615673340283907	0.25823494239214945
HAPLN3	0.06666916608810425	3.3870305923315196	0.2582037333893266
PLAGL1	0.06660806387662888	1.232337935612752	0.25808537832114387
ZBTB6	0.06659378111362457	1.6221318474182715	0.25805771013707224
CEP152	0.06659276783466339	1.9590943134748018	0.25805574864754766
DOK3	0.0665878877043724	0.2012372539163782	0.2580462882009861
YWHAQ	0.06657770276069641	4.50131958264571	0.25802655180373757
SLC35F2	0.06655237823724747	1.4993323316940894	0.2579774697221192
GPKOW	0.0665256604552269	2.8069527791096616	0.2579256883585825
RAPGEF1	0.06652451306581497	3.2234630034520078	0.25792345801159106
PFKL	0.0665091872215271	3.4230906596550574	0.25789375314017926
MED20	0.06650859862565994	0.820164082142023	0.25789261186304874
NMU	0.06649711728096008	0.4054042629611034	0.2578703447902236
TMEM135	0.06649423390626907	2.0574801701765795	0.25786476042575174
GTDC1	0.06648816913366318	1.9169912246557383	0.2578529979795787
ARHGAP25	0.06645733118057251	3.823974508505601	0.2577931891582863
CARHSP1	0.06645402312278748	3.6371310490828295	0.2577867830091412
TWF2	0.06644020974636078	4.016825263316814	0.2577599835850194
ACTL6A	0.06639470160007477	2.86554217338562	0.25767169077422764
PGBD2	0.06637245416641235	1.7644660564569326	0.25762851981216056
TUBG1	0.06637227535247803	1.4138919390164888	0.257628174308611
C16orf87	0.06635236740112305	3.3288071338947	0.2575895271308082
DEPDC1	0.0663413405418396	0.18169562375316253	0.2575681230448119
GFOD2	0.06634029000997543	2.0982366295961232	0.25756609237534156
CCNE1	0.0663246288895607	1.1169451177120209	0.2575356894295575
MTMR11	0.06631657481193542	0.2267425167016112	0.257520054201398
PER3	0.06629246473312378	1.5364716007159307	0.25747323095763686
HEBP1	0.06625527888536453	2.7475052705177894	0.2574010045785143
GTF2E1	0.06624329090118408	2.032730675660647	0.25737772007806886
YIPF3	0.06623519957065582	3.3563539615044227	0.25736200224583555
TAF4B	0.06622738391160965	2.022197792163262	0.2573468210095614
CLIC4	0.06621622294187546	0.30617344479721326	0.25732513717884126
ELOVL1	0.06621238589286804	2.848500600227943	0.25731766903007897
FLYWCH1	0.06621105968952179	2.349875945311326	0.2573150983757206
WIPI1	0.06619498878717422	1.2569325039019952	0.2572838736846492
SEC31B	0.06619393825531006	2.242234372175657	0.2572818273960301
HEXIM2	0.06616916507482529	0.9950243784831121	0.25723368015504705
PPP1CA	0.06616409868001938	4.895030351785513	0.25722383086448486
RPS6KA4	0.06615981459617615	2.182398864856133	0.25721549966788465
METTL22	0.06615197658538818	1.706716959293072	0.2572002690059697
MANBAL	0.06614892184734344	1.7559404785816486	0.25719432046937507
STIL	0.06613099575042725	0.6134884495001572	0.2571594700810385
UBALD1	0.06605317443609238	2.0565438866615295	0.2570081167823328
ANLN	0.0660417228937149	0.20099733934666103	0.2569858446492625
AP3M2	0.0660117045044899	4.195043756411626	0.2569274346475916
ARMH2	0.06599918007850647	0.7242545336484909	0.256903058607217
PLCH2	0.06599880009889603	1.087008141554319	0.25690231512592204
GSR	0.06592154502868652	2.6674803220308743	0.25675191421005267
CTSB	0.06590468436479568	3.627876116679265	0.25671908257990067
HRH2	0.0658755898475647	2.4811850511110745	0.2566624064990025
C2CD4D	0.06587234139442444	0.5598443517318139	0.25665607606670965
TSPAN14	0.06582742929458618	4.322124444521391	0.2565685597918002
TEP1	0.06582238525152206	1.870413798552293	0.2565587332087922
E2F3	0.06578432023525238	2.426012832384843	0.2564845425517828
ZDHHC21	0.0657682940363884	2.540846347808838	0.2564533035645595
ITGB2-AS1	0.06575442105531693	3.8185857075911303	0.25642624808109293
AIMP2	0.06575243920087814	2.0865335785425625	0.2564223901838192
SLC15A4	0.06573931127786636	1.9257385042997508	0.2563967858452261
TAF1B	0.06573870033025742	2.7605798886372495	0.2563955886713523
CHORDC1	0.06573788076639175	3.819829610677866	0.25639399863995693
FLCN	0.06572290509939194	2.4288295094783487	0.25636479393743183
ANKRD11	0.06571231782436371	5.122522060687725	0.25634413446838544
MEG8	0.06570292264223099	1.1070743684585278	0.25632580896394286
MED16	0.06568171083927155	3.1029662168942966	0.25628444065179307
KCNAB2	0.06566470116376877	3.6835066997087917	0.2562512509957767
LINC02728	0.0656450092792511	0.5242297626458682	0.25621281806448
TXLNB	0.06562847644090652	0.9551876405110726	0.25618055099233766
STAM	0.06562836468219757	2.983101432140057	0.2561803363705037
TSPAN17	0.06559863686561584	2.204809995797964	0.2561223091112774
ASH1L	0.06558839231729507	4.524763950934777	0.2561023028526462
PLCE1	0.06555058807134628	1.6735184697004466	0.2560284965774661
CD99	0.06551862508058548	5.208346128463745	0.2559660572631941
MICA	0.06551463901996613	2.141407696100382	0.25595827191321785
ERP27	0.06549941748380661	1.3002027915074275	0.2559285461420565
YES1	0.06548776477575302	1.633577858026211	0.2559057708480684
POMP	0.06547575443983078	4.52815473996676	0.2558823051544399
IMPA2	0.06547114253044128	1.170746704706779	0.2558732898387854
TOMM34	0.06542635709047318	1.566506734261146	0.25578575926599784
POLA1	0.06534133851528168	1.506120461684007	0.25561951675553357
VNN2	0.06532247364521027	1.9440852770438561	0.2555826158289773
SLF1	0.06530597805976868	3.049088331369253	0.25555035008521765
NBPF3	0.06530250608921051	0.9183189834539707	0.2555435451847487
PKIG	0.06529588997364044	0.8526708678557322	0.2555306035688565
ADAP1	0.06526931375265121	1.3589353492626777	0.2554785923747817
CCDC65	0.06526429206132889	2.2989200216073256	0.25546877561583975
ENGASE	0.06525047868490219	2.1789917120566735	0.25544173531717157
MYEF2	0.0652373880147934	2.242997802220858	0.25541611022689453
FLT3LG	0.0652303546667099	4.792213054803701	0.2554023323633677
GPR82	0.06519077718257904	2.5908156725076528	0.2553248517785501
WDCP	0.06514947861433029	1.3668155028269842	0.25524396184401876
ZMPSTE24	0.06514739990234375	2.438423055868882	0.25523989275819686
GIN1	0.06513909250497818	2.0449072076724124	0.25522360671853794
ZNF628	0.06512217968702316	1.471898106428293	0.2551904720670512
REXO1	0.06505779176950455	2.933817276587853	0.25506428580212637
CEP112	0.0650566890835762	0.77779342348759	0.2550621267229151
SPAG1	0.06504515558481216	1.0586266403014843	0.25503951696516824
STBD1	0.06504415720701218	0.27277799280217063	0.2550375651886532
VPS33A	0.0650402158498764	3.066653847694397	0.25502983136145485
SPTY2D1	0.06499636173248291	3.2865155201691847	0.25494383565259765
PDCD5	0.06497952342033386	4.437235722175012	0.2549108089279702
TLE4	0.06496941298246384	4.488572395764864	0.2548909820102031
SCD	0.06496848911046982	0.6098867150453421	0.2548891654134083
DIXDC1	0.06492996960878372	0.7161748099785584	0.25481359247994445
MTFR2	0.06492072343826294	0.4757220160502654	0.2547954508720181
RFPL2	0.06491626799106598	0.45767820798433745	0.25478671519894575
GALNT6	0.06488492339849472	1.7892185953947215	0.2547251980586762
ECI2	0.06483595073223114	3.2395187341249905	0.2546290401098065
LIG4	0.06482046842575073	1.711579244870406	0.2545986350522779
CBFB	0.06481973081827164	3.4185786063854513	0.2545971985226702
SYCE1L	0.06481874734163284	2.1575737045361447	0.2545952620139261
TATDN2	0.06480524688959122	2.8010696998009315	0.2545687522959318
PLEKHA2	0.06478571146726608	3.223571172127357	0.25453037730310857
LINC00115	0.06478564441204071	1.2298417481092305	0.2545302456750363
MRPS17	0.06477072089910507	2.6351631054511437	0.254500927581566
LMBR1L	0.06476123631000519	3.2319341531166663	0.2544822870352948
RELT	0.06475237011909485	1.636471674992488	0.2544648745511074
ORC1	0.0647309422492981	0.3675649117391843	0.2544227568311627
SEC61A1	0.06472713500261307	3.081484684577355	0.2544152770229209
CPSF2	0.06472473591566086	3.009753401462848	0.25441056874579127
FBXO48	0.06471767276525497	1.7981841976826007	0.2543966855486334
MIR155HG	0.06471099704504013	1.567517807850471	0.25438355919370587
CTPS1	0.06470434367656708	2.6709529161453247	0.254370485399618
SCAI	0.06470272690057755	3.0562620804860043	0.25436731282966374
SPOPL	0.0647001788020134	1.793373942375183	0.2543622977085601
SLC22A31	0.06466732174158096	0.5334595315731488	0.2542977061315837
CCDC180	0.06463830173015594	1.3989374454204853	0.2542406418781018
TRIB3	0.06463760137557983	1.526252100100884	0.2542392644503004
EIF4G3	0.06463467329740524	2.732326104090764	0.25423350042041787
SLC26A11	0.06462423503398895	2.382121938925523	0.25421297507903146
RUNX3	0.06462370604276657	3.9656248734547543	0.2542119340452557
EML3	0.06459508091211319	2.7195940842995276	0.25415561869678194
LINS1	0.06459082663059235	3.7887698136843166	0.2541472554687869
MYLK-AS1	0.06456638127565384	1.3997325667968163	0.2540991619043652
FBXL18	0.06453089416027069	1.4421281585326562	0.25402931653589816
ZNF793	0.06450621038675308	1.9320112741910493	0.25398073563302975
ZSWIM6	0.06443999707698822	2.0803768864044776	0.25385033682203223
NCOA7	0.0644124373793602	3.9640055986551137	0.2537960500023676
GPR18	0.06440497934818268	2.230320462813744	0.25378136399561474
SLC16A1	0.06438890844583511	2.069352924823761	0.2537496992294537
CAPN15	0.06438573449850082	2.618584027657142	0.25374344083173833
VPS25	0.0643644854426384	2.788440438417288	0.2537015700508803
IRF2	0.06436368823051453	4.097858474804805	0.2537000009930017
FAM66B	0.06436358392238617	0.5981126396128764	0.2536997971588958
GLIS3	0.0643446072936058	0.3139878319433102	0.2536623894771668
ZNF484	0.0643240436911583	1.8442361950874329	0.25362184869516496
ARMCX2	0.06430205702781677	1.0002732936006327	0.2535784963687607
EIF3A	0.06428281962871552	4.972293193523701	0.2535405721642496
CCND1	0.06426655501127243	0.6709206173053155	0.2535084865542552
UAP1L1	0.06422760337591171	0.9760207923559042	0.25343164796384826
NPM2	0.06420528143644333	0.47659629726639163	0.2533876118027258
IQSEC1	0.06418568640947342	3.3223331708174486	0.2533489403792958
CISD1	0.06416124105453491	3.0872986133282003	0.25330069181702863
RUBCN	0.06413178890943527	2.771293887725243	0.2532425519341727
COA4	0.06412344425916672	3.6199225095602183	0.2532260722718237
COPG1	0.06408891081809998	2.6393889555564294	0.2531578803813493
GNAQ	0.06408748775720596	3.580649632673997	0.25315507286026045
OR4D1	0.06407531350851059	1.7183390259742737	0.2531310208138091
PFKFB2	0.06406080722808838	0.6786441046458024	0.2531023617611178
BLVRB	0.06405724585056305	2.587328681579003	0.2530953354457191
PHF1	0.06403748691082001	3.9323204388985267	0.2530562853752232
BCDIN3D	0.06403325498104095	1.8860939190937922	0.25304792321061176
FCGR3B	0.06402678787708282	0.10761515925136897	0.2530351579833247
NAPA	0.06402387470006943	3.551135439139146	0.2530293924831798
CASK	0.06402327120304108	3.4469852906007032	0.25302820177201757
PSMC4	0.06401170045137405	3.784964286364042	0.25300533155146404
VAMP5	0.06399527937173843	4.2802104308055	0.2529728756064472
HPS5	0.06398884207010269	2.379585866744702	0.252960165620981
IGFBP7	0.06397082656621933	0.24659910590316242	0.2529245472126214
MYO9B	0.06395430117845535	3.4688120713600745	0.25289187623651627
NDUFB3	0.06392691284418106	4.3502592123471775	0.2528377197492424
PEA15	0.06389886885881424	1.8006532467328584	0.2527822540032713
ZNF594	0.06388788670301437	1.2135810920825372	0.2527605295579143
NCOR2	0.0638776421546936	2.933272966971764	0.25274027267199445
WDHD1	0.06387608498334885	1.1331625626637385	0.2527371785425269
ZP1	0.06387532502412796	0.3171245940029621	0.25273568396236346
GPHN	0.06386861205101013	1.9274472777660077	0.2527224069516137
FAM86B1	0.06386740505695343	0.7332958636375574	0.25272001696847113
TDRD12	0.06385888159275055	0.49240292837986577	0.25270315383389536
WHAMM	0.06385118514299393	3.844457873931298	0.252687922675787
INSR	0.0638497918844223	0.7526146276639059	0.2526851702908555
TMEM62	0.06383530050516129	1.398835267011936	0.2526564928867151
CAPNS1	0.06383143365383148	4.162140516134409	0.25264884146452343
PHACTR1	0.06380047649145126	1.2681000186846807	0.2525875684785322
RAD51D	0.06377928704023361	2.33138377391375	0.25254562049040186
CNPY4	0.06375201791524887	2.4215418925652137	0.25249161558154976
DYNC1I2	0.0637480616569519	3.8947212604375987	0.25248378515863235
SCAF1	0.06373554468154907	2.3433830508818994	0.25245899125653193
SERF1A	0.06373310834169388	1.3042033796127026	0.25245417608111304
CORO1B	0.0637316107749939	4.784221685849703	0.252451201705768
SEC11C	0.06372891366481781	4.3547461583064155	0.25244585627452637
SERPINI1	0.06372798979282379	1.7457974874056303	0.25244403362113976
SLC7A5	0.06369267404079437	1.5386667159887462	0.2523740692505475
TAPBPL	0.06365042179822922	2.780344302837665	0.252290348380098
PSME1	0.06364281475543976	5.863020291695228	0.2522752793524864
TIMD4	0.06363390386104584	0.56649577159148	0.2522576167984657
CSNK1E	0.06357565522193909	3.0697232484817505	0.25214213812538006
KCNMB4	0.0635630190372467	1.3314961401315837	0.2521170761015743
TMEM64	0.06355880200862885	1.7033501267433167	0.2521087144160085
RACGAP1	0.06355857104063034	1.1863869657883277	0.2521082504184786
TUBB	0.06355778872966766	4.2654281579531155	0.25210670118792416
PNPLA6	0.06354962289333344	2.4936427978368907	0.2520905035731232
MRPL28	0.06354550272226334	3.312541127204895	0.25208233176662986
APEX2	0.06352273374795914	1.8639653691878686	0.2520371639349125
ARHGAP5	0.06350523233413696	3.5398302169946523	0.252002444815177
ZDHHC12	0.06348561495542526	3.436226826447707	0.2519635128676485
NAF1	0.0634680837392807	2.4846921333899865	0.25192872151205725
ITPK1	0.06346530467271805	2.0118061166543226	0.25192321234167414
RGPD2	0.06345614045858383	0.5485363175662664	0.25190501846950414
COX5A	0.06344661861658096	4.674779103352473	0.2518861193028736
UTP25	0.06342703849077225	2.4591055925075826	0.25184725521571605
UFSP1	0.06340208649635315	0.5273939778025334	0.2517977043593672
PHF19	0.06339763849973679	3.1808153115786038	0.2517888707442068
SLC4A2	0.06338421255350113	1.7602010369300842	0.2517622162965094
POU5F2	0.06338030844926834	2.0723630694242625	0.25175446609006885
SLBP	0.06336767971515656	3.5632012348908644	0.25172937876363183
CIAO1	0.06336207687854767	3.6629047210399923	0.25171825637632633
ISYNA1	0.06335091590881348	2.2316991228323717	0.25169608098629337
PRG4	0.06334525346755981	0.5766016176113715	0.2516848361349146
GPR132	0.06331171095371246	2.0640841401540317	0.25161818231418154
ZNF292	0.0633111372590065	4.642889206226055	0.25161703956558723
FCRL1	0.06330768018960953	0.27016612543509555	0.2516101739996091
LINC01934	0.06330025941133499	3.1074537405600915	0.25159543288265773
PCF11-AS1	0.06328118592500687	0.9154302431986883	0.25155752742291476
USP44	0.06327957659959793	1.6602254601625295	0.2515543175549355
BAZ1B	0.06323748826980591	3.9146126417013316	0.25147064909313593
PRR5	0.0632360428571701	3.067383353526776	0.25146777180131663
EEF2KMT	0.06323005259037018	1.8575226435294518	0.2514558624616438
MCTP2	0.06320000439882278	1.762490565960224	0.25139611246333626
PLCG1	0.06319969147443771	2.9042142629623413	0.2513954930505787
MCTP1	0.0631963238120079	1.0925952849479823	0.25138879578340567
PNPLA2	0.06316347420215607	3.4794066960995016	0.25132344666156087
ZNF609	0.06313315033912659	3.3424377899903517	0.25126310363439813
FAM111A-DT	0.06311504542827606	1.5342318484416375	0.2512270749389997
SIRPG	0.06307618319988251	3.569472606365497	0.25114972206969316
TRIP12	0.06307201832532883	3.7260923385620117	0.2511414330293192
HNRNPAB	0.06306084990501404	4.0445854021952705	0.25111920163123574
VTA1	0.06305472552776337	2.9586234918007484	0.2511069949667124
SNPH	0.06305314600467682	1.225513586631188	0.25110384862455715
CHD2	0.06304807215929031	5.020215016144973	0.25109375382136356
PFN1	0.06303685903549194	6.849484076866736	0.2510714193341633
MFSD6	0.06303051114082336	2.411461114883423	0.25105877702506113
NMNAT3	0.0630243718624115	1.3341165781021118	0.2510465518081615
ZBTB18	0.06302224099636078	2.4791519825275126	0.25104231613376243
PEAK1	0.0629895031452179	1.4686089914578657	0.25097709251472033
YPEL2	0.06298661231994629	3.432098388671875	0.250971337268307
TBC1D2	0.06293444335460663	1.1376765668392181	0.25086738358218597
HEXB	0.06289178878068924	2.7947755318421583	0.25078235760524925
FLNB	0.06289087235927582	2.860094088774461	0.25078053261884536
IPO9	0.06287220865488052	3.0524170582111063	0.2507433170655134
KRTAP5-2	0.06286054849624634	0.1823982476400068	0.2507200555470726
MYCBPAP	0.06284662336111069	0.6946720188626876	0.25069228282539296
MGAT5	0.06278660893440247	2.712208335216229	0.25057256428946034
LY96	0.06277786940336227	2.8845827762897196	0.2505551159635415
ZDHHC23	0.0627748966217041	1.0528962130729969	0.25054919533133396
TULP4	0.06276139616966248	3.424032376362727	0.25052224155033664
LNX1	0.06275952607393265	1.163571366896996	0.2505185150111746
INPP4B	0.0627317950129509	4.397633891839248	0.2504631563661291
WASHC3	0.06272280216217041	3.7690162383593044	0.25044520359396744
CHD1	0.06271439045667648	4.282684922218323	0.2504284180449256
SYNGR2	0.06270065158605576	3.3044523826012244	0.2504009872001579
C12orf42	0.06267848610877991	1.8172836074462304	0.25035671835767526
CLIP1	0.06267078220844269	3.8437066811781664	0.2503413307370196
RPA2	0.06265149265527725	3.9743474538509664	0.25030279797794486
HAUS1	0.06265085190534592	3.101112329042875	0.2503015189396445
UBA1	0.06264910846948624	3.2628459471922655	0.2502980444436856
CASP2	0.06264236569404602	3.1121873213694644	0.2502845724744189
CCDC117	0.06260541826486588	2.401061644920936	0.25021074303758084
MRPL50	0.06259983777999878	2.983342565022982	0.2501995930592697
ZNF420	0.06259530782699585	2.14733958702821	0.25019054494519377
DSTYK	0.06258707493543625	2.9701324242811937	0.25017409575332844
RFX5	0.06258219480514526	2.192092111477485	0.25016432817236484
GTPBP2	0.062579445540905	1.8637595497644865	0.2501588419262475
MPZL3	0.06257808953523636	2.198991665473351	0.25015612802915244
RFX7	0.06257688999176025	2.4347684475091786	0.25015372630457056
TPRA1	0.06257222592830658	1.9091134346448457	0.2501444105381156
STAM2	0.06253107637166977	2.0851639188252964	0.2500621413296943
SPEN	0.06251417845487595	3.684898486504188	0.2500283485932397
HCG18	0.06250288337469101	3.648413667312035	0.2500057693932923
THADA	0.06248630955815315	2.885396856528062	0.24997261879027832
RAD9A	0.06246001645922661	2.8288782009711633	0.24992002232886318
TTC21A	0.06245001405477524	0.7093325841885346	0.2499000054950832
AFMID	0.06242910027503967	0.8395443237744845	0.2498581602025447
YWHAG	0.062419384717941284	2.642804769369272	0.24983871418176878
ZNF445	0.06241747736930847	2.590218722820282	0.24983489839351125
CRPPA	0.06240924075245857	0.4918953547110924	0.24981841591768175
PIK3R5	0.06240716204047203	2.8808309389994693	0.24981425466057502
DNAJC1	0.06238270550966263	3.3658278355231652	0.24976529823820687
HAR1A	0.06236617639660835	1.6515999665627112	0.24973220587330675
SOX8	0.06233912706375122	0.7479640681010026	0.24967805006701546
HSPH1	0.06233282759785652	3.564953620617206	0.24966542825031562
TRAPPC2B	0.062328461557626724	2.651729565400344	0.24965668527376214
MRPL17	0.06231396272778511	3.126434958898104	0.2496276499617228
ALDH9A1	0.06231125816702843	3.3796203228143544	0.24962223323301977
CYP2J2	0.06230977177619934	0.42503987582257163	0.24961925676318453
SMS	0.062303654849529266	3.592513533738943	0.2496070028269973
SUPT3H	0.06227342039346695	3.2919595883442807	0.24954642758367213
DIAPH2	0.06223929300904274	2.767940695469196	0.24947803955498457
KBTBD11	0.06223220005631447	1.4707575623805706	0.2494638253780383
CD40	0.06223215162754059	0.8049419843233548	0.24946372621909488
LAMTOR2	0.06222408264875412	3.8848247803174534	0.249447552965395
AKAP11	0.06219581142067909	3.187986364731422	0.24939087918856728
NTN4	0.06217756122350693	0.4092194533978517	0.24935429216655802
CCDC90B	0.06216898933053017	3.6080766182679396	0.2493370968475656
RBM38	0.06215839087963104	4.065860381493201	0.2493158481883986
MKRN3	0.062141645699739456	0.4242090330674098	0.2492822588237258
IL16	0.06213633343577385	4.3889308617665215	0.24927160770016396
TXNRD1	0.062127429991960526	2.899546192242549	0.24925374469015454
XYLB	0.06210050731897354	0.6323954944427197	0.2491997336637175
TRIM5	0.06208144873380661	2.7128957968491774	0.24916148922654294
DOCK8	0.062038443982601166	4.623790190770076	0.24907517894189324
ATP6V1E1	0.062034234404563904	3.509790851519658	0.24906672727082216
TGFB1I1	0.06201164796948433	0.45925943782696355	0.24902138031106166
ARHGDIA	0.06199970468878746	4.562882386721098	0.24899739615311778
ARPC5L	0.0619986429810524	4.0857250690460205	0.24899526872455816
ZDHHC18	0.06199270859360695	2.795642165037302	0.2489833489084651
CRAMP1	0.061971455812454224	1.8316519673054035	0.24894066505064227
CD2AP	0.06197069585323334	3.4463383692961473	0.24893914384152946
DCAF12	0.06196235120296478	2.129930716294509	0.2489223802649948
CD200	0.06190844625234604	0.9293862260304965	0.24881408273049593
IL2RG	0.06188248470425606	5.529748183030349	0.248761903521638
CEP350	0.06188000738620758	4.200205720387972	0.24875692574285463
PLPP1	0.0618782564997673	1.903349335377033	0.24875340406933225
ORC6	0.061871904879808426	1.4658410319915185	0.2487406380871272
NOXA1	0.061865661293268204	0.9097235879072776	0.2487280889661557
EED	0.06186522915959358	2.980945660517766	0.2487272207101369
IFI27L1	0.061848416924476624	1.9695616960525513	0.2486934228970535
SORBS3	0.061840008944272995	2.610822375004108	0.24867651630057985
GHRLOS	0.06183838099241257	1.0168092869795287	0.24867323770409305
POP4	0.06182541698217392	3.0478988885879517	0.2486471705155805
LATS2	0.06181059405207634	0.5752338973375467	0.24861736150810257
MAVS	0.06180848181247711	3.0021235392643857	0.24861311398327898
NMRAL1	0.0617874339222908	3.0623347209050107	0.2485707824689463
RPS27L	0.06177518144249916	5.0400563570169306	0.24854613598266165
XXYLT1-AS2	0.061769999563694	0.34425194274920684	0.24853570948529366
PCNT	0.06175057962536812	2.6357900087650004	0.2484966410257175
RPN1	0.06174392253160477	3.3609803915023804	0.2484832422102492
TPP1	0.061738163232803345	3.152287859183091	0.2484716514144742
SLC35D2	0.06173766776919365	3.0217375663610606	0.24847066108130278
RNASEH2A	0.061724163591861725	0.9815135735731858	0.2484434835770095
SLC35E2B	0.061717379838228226	2.955792408723098	0.24842982613448847
DYNC2H1	0.06171352416276932	1.0388046503067017	0.24842206988490456
NRBF2	0.06169303134083748	3.197754218028142	0.2483808195402577
PLPP2	0.06160103157162666	0.36781037068710876	0.2481955533817782
SLC8B1	0.06159769371151924	3.155600767869216	0.24818882340544457
ANKFY1	0.061594922095537186	2.8929394758664646	0.24818324655393065
PNPT1	0.06157797574996948	3.440334971134479	0.24814909995470114
PITPNM1	0.06157570704817772	2.6323091250199537	0.24814452796929518
EXOSC4	0.06157473102211952	1.842352949655973	0.2481425641399981
NPTXR	0.06156112998723984	0.8873464648540204	0.24811515560435637
ATF7IP2	0.061546020209789276	4.406438002219567	0.24808470550945932
PTPRE	0.06148853152990341	2.8102599382400513	0.24796881294722636
ZNF506	0.06148266792297363	3.6808920548512387	0.24795698970227106
SGSM2	0.061477888375520706	2.429943029697125	0.24794734966654133
LINC00847	0.061468128114938736	2.397964275800265	0.24792766939709637
SPDYA	0.06146050617098808	0.7201918420883325	0.24791229184504227
FAM171A2	0.06145602837204933	0.6454790137135066	0.24790326760544085
OXT	0.06144171953201294	0.796394902926225	0.24787440555575133
SNAPC3	0.06143700331449509	2.4275888296274037	0.2478648897123309
EIF4E2	0.061401546001434326	3.5729113267018247	0.2477933540652783
ARAP1	0.06139183044433594	2.4076147629664493	0.24777374975170524
GLIPR1	0.06139124929904938	3.9951179944551907	0.24777257489236604
CLEC4C	0.06136331334710121	0.11032064348602524	0.24771619567637873
CAHM	0.061363134533166885	1.3477694850701551	0.24771583390491717
CKS1B	0.06135636940598488	2.7139686804551344	0.24770217691732185
CDH23	0.061354078352451324	1.0156777913753803	0.24769755395898901
RAB35	0.06133771687746048	2.446430252148555	0.2476645211726004
OSER1	0.06133268401026726	3.275272094286405	0.2476543666207003
TTL	0.061322249472141266	2.3933854607435374	0.24763329555821254
CERNA1	0.06127052381634712	1.665623706120711	0.24752883094856393
ICOSLG	0.06125149503350258	1.0874454860503857	0.2474903920192708
B3GALNT2	0.06124716252088547	2.0428845515617957	0.2474816441734155
FCHSD1	0.061243921518325806	1.9987194308867822	0.2474750946986811
HSPA5	0.061243634670972824	4.7641574419461765	0.24747451246395896
AGAP5	0.061196792870759964	0.9609917929539313	0.24737985475576763
IPO4	0.06114829704165459	1.7595497140517602	0.24728181773949176
ATP6V0D1	0.06114160642027855	3.194816699394813	0.24726828560414582
AR	0.06112454831600189	0.3066555575396006	0.24723379324329203
ISG20L2	0.06107714772224426	3.098760696557852	0.2471379118551183
ATAD5	0.06106679514050484	2.3529776426462026	0.24711696667017702
LXN	0.061064448207616806	2.2178541742838345	0.2471122185550336
XRN1	0.06105314567685127	4.227188752247737	0.24708934382318862
ADAMTSL4	0.061040449887514114	0.457016728245295	0.24706365741757275
POLR3E	0.061031609773635864	3.150644008929913	0.24704576243103182
TCL1A	0.0610153004527092	0.2477125903734794	0.24701275377624282
ELMO2	0.06096721068024635	2.075454436815702	0.24691539198224968
GNG5	0.06096401810646057	4.858057829049917	0.24690892718443985
ALPK1	0.06092327460646629	2.17510842359983	0.24682640694100602
PRKCB	0.060906991362571716	4.343631845254165	0.24679342025130807
PSTPIP2	0.060881029814481735	2.3025252589812646	0.24674081273952128
LRP2BP	0.060842063277959824	1.6829487222891588	0.24666184288548954
TNFRSF6B	0.06080041080713272	0.45687680404919845	0.24657739043622803
AP1S1	0.06075640395283699	2.8297922427837667	0.24648814422592158
ZKSCAN4	0.060753487050533295	1.3280772864818573	0.24648222616045903
PTPN11	0.06074504181742668	3.2925238517614512	0.24646508955008903
STAT3	0.06074165180325508	4.960975316854624	0.24645821748105945
LRRFIP1	0.06065996363759041	5.419102925520677	0.24629243715944402
IKZF5	0.06064402312040329	2.8518154346025906	0.24626007353012364
SSR3	0.06063926964998245	4.288501592782827	0.2462504239046878
WWC3	0.060637399554252625	2.419076497738178	0.24624662615718285
CEP164	0.06063208356499672	3.187097952916072	0.2462358321213937
LINC00865	0.06062818318605423	0.6219353767541739	0.24622790978189613
SERTAD3	0.06061968207359314	1.7681696369097784	0.2462106439570003
SLC12A6	0.060616716742515564	3.299717692228464	0.24620462119885286
LRRCC1	0.06061568483710289	1.5632712565935576	0.24620252886915028
CYB5B	0.060592327266931534	3.436771484521719	0.24615508748896284
NPEPPS	0.06058567762374878	3.577876778749319	0.2461415770448256
FKBP11	0.060563668608665466	4.237714932515071	0.24609686801789524
OXNAD1	0.06056046485900879	4.79299286695627	0.2460903582279581
SMARCAD1	0.06055457144975662	2.811441953365619	0.2460783848986136
MAN2A2	0.06052062660455704	2.129105352438413	0.24600940567560245
BEX3	0.06051899492740631	3.8265326023101807	0.24600608687992784
CCDC184	0.06051412224769592	0.32015420654072213	0.24599618201346884
DPP9	0.06048865243792534	2.871313351851243	0.24594441287985788
ZRSR2	0.06047731265425682	3.7686318159103394	0.24592135488293718
AREL1	0.06047371029853821	1.8517283568015466	0.24591402692568903
DYNLT1	0.06046720966696739	4.188176228449895	0.24590081110757342
BCAT1	0.06046552211046219	0.33528242260217667	0.24589738502539468
PIP5KL1	0.060461681336164474	0.3890761715861467	0.24588957224940786
TMEM50A	0.06045350432395935	4.681120505699744	0.2458729412815366
ENDOG	0.060436517000198364	2.6270658740630517	0.24583839378487177
ANGPT2	0.06040011718869209	2.122150943829463	0.24576435541602096
C2orf49	0.06039024144411087	3.204518886712881	0.24574426398511004
HDAC4	0.060385528951883316	2.7342406878104577	0.24573467069115998
ANKIB1	0.060381971299648285	3.1535244171436014	0.24572743145630033
PPP4R1	0.06035779044032097	2.125198075404534	0.24567822257696717
SREBF1	0.060357220470905304	2.486874153980842	0.24567706541680442
ITGA5	0.0603555403649807	2.4124055734047523	0.24567364735150365
MTHFS	0.060346197336912155	3.1880045854128323	0.2456546300092809
FAM241A	0.06030168756842613	2.495566331423246	0.2455640221804495
MVP	0.060299817472696304	3.796371340751648	0.245560214904727
CASP4	0.06029729172587395	4.358668162272527	0.24555507065267215
NEBL	0.06027942895889282	0.30525894549030524	0.24551869445494237
TMED5	0.06025034561753273	3.386400369497446	0.2454594589015525
TSC2	0.06023886054754257	3.0641748813482432	0.24543606483543703
BRD4	0.06021299585700035	4.329523104887742	0.2453833679996446
PEF1	0.06021255627274513	3.220335767819331	0.2453824723809173
USP42	0.06020687520503998	2.5902217626571655	0.24537089138151022
SRSF2	0.06020404025912285	5.12220208461468	0.24536511785842938
GYPC	0.060148511081933975	5.408758676969088	0.24525193360870706
TPI1	0.06010773777961731	4.804147371878991	0.24516879240120346
FMNL3	0.06010691449046135	2.411903060399569	0.24516711427648882
ARHGEF37	0.06010487675666809	1.406395504107842	0.2451629575572501
ZNF302	0.06008194386959076	3.5538610495053806	0.24511618065159602
SMYD4	0.06007544696331024	2.667008409133324	0.24510292973287595
CP	0.06005146726965904	0.5387385418781867	0.24505401036562924
RBM7	0.06004410237073898	3.4657124189230113	0.24503898503476898
KMT2B	0.06004289537668228	3.5249199867248535	0.24503651748552083
GAS6	0.060032714158296585	0.51198410987854	0.24501574049384267
FOXM1	0.06002764776349068	0.7963121051971729	0.2450054014027968
SLC6A6	0.060016874223947525	2.536748950298016	0.24498341769137164
RUVBL1	0.06001242995262146	3.45135825413924	0.24497434808553
BFSP1	0.06000615656375885	0.39256395485538703	0.24496154092789096
CHRNB1	0.06000055745244026	2.3360595611425548	0.244950112208275
TTC7A	0.05999837815761566	2.198326674791483	0.24494566365647621
RABGAP1L	0.05998425558209419	3.875381194628202	0.24491683528803404
POLRMT	0.05996975675225258	2.3823127838281484	0.24488723192261155
MR1	0.05995865538716316	2.7478347833339987	0.24486456445038965
RASGEF1B	0.0599517822265625	1.5988571047782898	0.2448505317691923
MCPH1-AS1	0.05993753299117088	0.6970686247715583	0.24482143092291656
PLEKHG1	0.05992688983678818	0.603746235370636	0.2447996947491767
VSIR	0.05992373451590538	4.311216372710008	0.24479324772279323
IGSF8	0.05986971780657768	2.9696142856891337	0.2446828898713229
TMCO1	0.05986437574028969	4.2587706584196825	0.24467197336780985
NEXMIF	0.05986126884818077	0.46835615743811315	0.24466562378421455
PON2	0.05985836312174797	1.2410258306906774	0.2446596901519947
MMP23B	0.05985647067427635	0.605790604192477	0.24465581960031368
ADPGK	0.05984978377819061	3.402438475535466	0.24464215621032984
DDX28	0.05982889235019684	2.365602997633127	0.24459945224575788
STK10	0.059815168380737305	4.335413868610676	0.2445713980813756
CNKSR3	0.05979513004422188	0.45586485874194366	0.2445304275639596
BTN3A3	0.05977794528007507	3.313134954525874	0.244495290092596
DCAF8	0.05977112054824829	3.364314473592318	0.24448133019304175
ABHD3	0.05976393073797226	3.1228587260613074	0.24446662429389585
NOC3L	0.059720396995544434	3.1885919112425585	0.24437757288185208
SLC20A1	0.05969922989606857	3.202040745661809	0.24433425954119953
GNG7	0.059679582715034485	1.6312781664041371	0.24429404680123185
LMCD1	0.059661176055669785	0.49080251443844575	0.24425637721586316
NIPAL3	0.05963616818189621	3.7368388084264903	0.2442051740354884
SAMHD1	0.05963461101055145	5.373773684868445	0.24420198676913088
PYGO2	0.059625156223773956	2.4640543094048133	0.24418263242211125
LBH	0.059623681008815765	4.959904175538283	0.24417960620469867
AGAP2	0.05957430228590965	2.640349415632395	0.2440784744351996
TNRC18	0.05954856798052788	2.2283026484342723	0.2440257511392036
STAT6	0.05953880771994591	3.4626721969017615	0.24400575511146172
TECPR1	0.05953458696603775	3.512009804065411	0.2439971018202777
DLGAP1-AS3	0.05951420217752457	0.17562760197772428	0.2439553312065933
AGER	0.05948181822896004	2.1295100083717933	0.24388894725615215
MTIF3	0.05945152789354324	4.006961052234356	0.24382684289751055
UBR4	0.05940525606274605	3.0417236731602597	0.24373193156601528
F12	0.05940159782767296	0.6740218355105474	0.24372442843548398
ALDH16A1	0.05938570946455002	2.8488845274998593	0.24369183496250224
LRRK1	0.05935366451740265	0.17499442133479393	0.24362607216467075
L3MBTL1	0.059352003037929535	1.7144546462939336	0.2436226663657434
TSC22D4	0.059350285679101944	4.186729192733765	0.24361914099675172
NUP62	0.059323832392692566	3.0742767315644484	0.24356483857657002
PRKG2	0.05932115763425827	0.4952204671616738	0.24355934844009725
IQGAP1	0.05931548774242401	4.6525553189791164	0.2435477113431694
CTU1	0.05930468440055847	2.663345850431002	0.24352553129678567
ZDHHC5	0.0592799037694931	2.6112834581962	0.24347464592513446
SNX25	0.05927226319909096	1.5858521530261407	0.24345895515038413
ARSG	0.05926419422030449	2.3114306789178114	0.24344238479356448
RNF170	0.05926021933555603	2.6543472363398624	0.24343422285556945
ATG101	0.05925516039133072	2.806039195794326	0.243423828238884
FCHO2	0.05922503396868706	0.773521424486087	0.24336194264412345
C2orf74	0.05921688675880432	3.047958933390104	0.24334520027260703
C17orf58	0.05921332165598869	0.528881199657917	0.24333787717039498
IRAK1BP1	0.0591951347887516	1.6154855627280016	0.24330050657856253
APBA3	0.05919297784566879	2.3562514231755185	0.2432960738720776
LRWD1	0.05918567627668381	1.9999939799308777	0.24328106508366418
ZNF883	0.059171516448259354	0.952943178323599	0.2432519621522572
TANGO2	0.0591711588203907	2.1873958569306593	0.24325122798425425
PIK3R1	0.05916775017976761	5.039918477718647	0.24324422043105912
PNPLA7	0.05916276574134827	1.1829988956451416	0.24323397685893086
PDCD2L	0.05915055051445961	1.9046742411760182	0.24320886028899646
RHBDD2	0.05914822593331337	2.938087665117704	0.24320408453330888
COQ5	0.059145037084817886	2.5264815183786244	0.24319752729420882
FPGT	0.05913526192307472	1.3913604342020476	0.2431774291453625
UTP3	0.059132929891347885	3.439726316011869	0.24317263118506494
AP2A1	0.05913054570555687	2.86969138108767	0.24316773388357446
TMEM255B	0.05912516266107559	0.17493624283144107	0.24315666368948197
TMEM14C	0.059113357216119766	4.013165455598098	0.24313238527835979
THNSL1	0.05910065770149231	1.290111129100506	0.24310626797598375
TMEM30B	0.05909836292266846	1.2512621214756598	0.243101545025798
TMEM259	0.05907820910215378	4.182994384032029	0.24306009249986163
MILR1	0.059069111943244934	0.45186489075422287	0.24304138257888014
SLC18A2	0.05905009061098099	0.4112047773714249	0.24300224664778253
SNCA	0.05901215597987175	0.2734548914461182	0.2429241768128048
CCPG1	0.059006549417972565	3.1974002673075748	0.24291263551644157
FIGNL1	0.059000805020332336	2.1275143577502322	0.24290081165834068
MFGE8	0.058980461210012436	2.552929841555082	0.24285893532962352
CDHR3	0.0589749813079834	1.495781068618481	0.24284764847586587
FAM83G	0.05893707647919655	0.8362681349882712	0.24276959224104536
ATP6AP1L	0.0589200034737587	0.7899309224807299	0.2427344267124834
IRF2BP1	0.058893896639347076	2.104692491201254	0.24268064678542778
SPG11	0.05888831987977028	3.338481701337374	0.24266915742023937
MED24	0.058882348239421844	2.4182024827370276	0.24265685197079837
GGPS1	0.058869604021310806	3.1157385385953464	0.24263059484239327
RAB37	0.05886754393577576	3.0687269339194665	0.24262634797957372
AJM1	0.05886651948094368	0.5754994165438873	0.24262423477636655
MRPS12	0.05885990336537361	3.680823271091168	0.2426106028689669
RTN1	0.058859843760728836	0.13127461806512797	0.24261048093977525
SFT2D1	0.058850083500146866	3.3725022902855506	0.24259035968309967
SLFN11	0.05884392559528351	1.7956335269487822	0.24257766699635727
ZSCAN21	0.05883626267313957	1.3166456268383906	0.24256187084287684
CD55	0.05883374810218811	4.4818271306844855	0.24255668771640437
TEDC1	0.058827318251132965	1.9736681076196523	0.242543437646146
HAGHL	0.0588124580681324	1.8984151161634004	0.24251279819998564
SRD5A3	0.05879611521959305	1.578178149003249	0.24247910017991414
CLDN7	0.058793626725673676	0.747493578837468	0.24247397365747808
RETREG1	0.05878477171063423	3.923661846380967	0.24245570824271467
KMT5A	0.058783143758773804	2.7583170395631056	0.24245235327577427
GEMIN5	0.05876724794507027	1.9407637761189387	0.24241957356285448
RHOG	0.058763179928064346	4.370438639934246	0.2424111820782437
ZNF783	0.058760952204465866	2.220235677865835	0.2424065866791011
SLC37A1	0.05875389650464058	1.9172590099848235	0.2423920291722504
MLYCD	0.058719173073768616	2.165590767677014	0.2423203966861212
EPHB6	0.05870445817708969	3.3678485338504496	0.2422900264885687
ZFAND5	0.058702901005744934	3.8449040926419773	0.2422868133369433
EMC2	0.05867810919880867	2.9265330112897434	0.24223565091636612
CCT6B	0.058653611689805984	0.9091373223524827	0.24218507387745858
MINDY2	0.05865153297781944	3.19660052886376	0.24218078294337705
FLII	0.05863848328590393	3.299694483096783	0.24215384568684417
ACAP3	0.05863552168011665	2.362053041274731	0.24214772749746163
HEATR3	0.05861799791455269	2.053680896759033	0.24211153691846501
INTS6	0.0586034320294857	4.195713410010705	0.24208145884839383
KIF2A	0.05855313688516617	4.823585235155546	0.2419775562423457
CARNS1	0.0585317388176918	1.0825956555513234	0.24193333389498778
UNC13D	0.05852830037474632	3.110947535588191	0.24192623248243916
RABGGTA	0.05852074176073074	2.2686635026564965	0.24191060548172397
AFAP1L2	0.058516424149274826	0.6759129189527951	0.24190168593875827
SETD2	0.05850647762417793	3.863681618983929	0.24188112512835097
SSBP2	0.05850347876548767	3.5007895598044763	0.24187492207411407
ZFP36L1	0.058488599956035614	4.7917855152717	0.24184416585240864
POLR1A	0.05848734453320503	1.8006848371945894	0.2418415686386876
PAK4	0.058486804366111755	1.332614751962515	0.24184045375560526
PARP11	0.05848204717040062	3.061084646445054	0.24183061385758153
ZMYM6	0.05846681073307991	2.532596482680394	0.2417991126577959
ARL14EP	0.05843415483832359	4.061943081709055	0.24173157661079506
UBQLN2	0.058419957756996155	3.690017746045039	0.24170221215155044
RNF145	0.05839454010128975	3.8510354940707865	0.24164961935610046
ETV6	0.05837928503751755	3.1499963265198927	0.24161805604750095
ZNF714	0.058359112590551376	2.4312816766592174	0.24157630518130505
TRIP6	0.05835135281085968	1.4965943785814138	0.24156024654445665
SERTAD2	0.05834478512406349	2.917945311619685	0.24154665416567056
ENO1	0.05833367258310318	5.3468895141895	0.24152364626657974
JUP	0.0583263523876667	0.22165536221403342	0.2415084929277497
IGIP	0.058311689645051956	1.5087105173331041	0.24147813800274806
CLEC2D	0.05829792097210884	5.375411620506873	0.24144962256965016
B4GALT2	0.0582926869392395	0.43359669441213977	0.24143878149104142
MSANTD2	0.05829233676195145	1.6853165855774512	0.2414380577757446
ANPEP	0.05828087404370308	0.12274191761389375	0.24141431807028166
RINL	0.05826405808329582	3.174688751880939	0.2413794884076994
KCNK12	0.05824873596429825	1.7123460953052227	0.2413477506451425
GRAPL	0.05822097510099411	0.7684393846071683	0.24129023031449545
CAND2	0.05821673572063446	0.5935424486031899	0.24128144578864757
ARHGEF2	0.058212365955114365	3.1504807013731737	0.24127238866146009
FAM201A	0.058195944875478745	0.705273530804194	0.241238356753026
WIPF2	0.058175913989543915	3.006020500109746	0.24119683624041366
SAMD4B	0.0581747330725193	2.915904136804434	0.24119438595351475
RPS6KA1	0.058173466473817825	3.426791191101074	0.24119176652530538
MCM7	0.058162715286016464	2.8818247501666727	0.2411694715637199
WDFY4	0.05814995616674423	0.18068248126655817	0.241143023810225
ZNF672	0.05812911316752434	2.0802599971111	0.2410998001416691
QSER1	0.058117832988500595	2.1449029720746555	0.24107640726681778
CDC123	0.058099862188100815	3.6501203225209164	0.2410391332988922
IL1R1	0.058063212782144547	0.6323091049606984	0.24096309245811953
THEM6	0.05806099995970726	2.352537994201367	0.24095849896598917
TXLNA	0.058038562536239624	2.844605702620286	0.24091194056991883
ZFYVE16	0.058032531291246414	2.809961484028743	0.2408994179488939
SETD5	0.05798843130469322	3.7387599669969998	0.24080787068213538
ORAI3	0.057934850454330444	1.9994396475645213	0.2406965964261252
TP53I11	0.05793319270014763	0.510085035688602	0.24069314801059774
NRIP1	0.057899247854948044	3.0850037794846754	0.24062262496591583
ALDH3B1	0.057885196059942245	0.26219775384435284	0.24059342616022927
SMPD1	0.05786959081888199	2.798945353581355	0.24056099214556023
RCBTB2	0.057865697890520096	3.060683534695552	0.24055289709014693
HEATR6	0.05785203352570534	1.9979088535675635	0.24052449357625375
APOA1-AS	0.05782698467373848	0.5016838683245274	0.2404724219782499
YRDC	0.057820387184619904	3.0089283081201406	0.240458704301062
ACTG2	0.05781073495745659	0.14785078167915344	0.24043863258912096
KRBA2	0.05780594423413277	1.7405848594812245	0.2404286711717027
CLEC18A	0.0578019842505455	0.5815284853944411	0.24042043340710487
RTL6	0.05777259171009064	1.1727796540810511	0.24035929995673685
SLIRP	0.057766836136579514	3.9138807333432712	0.24034732705098186
NTHL1	0.057753223925828934	2.4725751876831055	0.2403190053953579
CD244	0.0577489510178566	0.6881231728654641	0.24031011113344394
CCNL1	0.05773278698325157	5.576272799418523	0.2402764819821798
SSH3	0.05771224945783615	1.0429034393567305	0.24023374019242263
GIGYF2	0.057703208178281784	3.3576109409332275	0.2402149200357752
GPR65	0.05768703296780586	3.480974655884963	0.24018125097508106
NTNG2	0.05768411234021187	1.3964446553817162	0.2401751674591624
KNTC1	0.05768021568655968	1.6324170965414782	0.24016706068610827
THAP8	0.057665228843688965	0.9811403659673837	0.24013585240237076
SPTBN1	0.05766022577881813	4.296229710945716	0.24012543652968282
PSD4	0.05762811377644539	3.1628314531766453	0.24005856240178458
PPP2R1A	0.057619933038949966	3.5917209478525014	0.24004152122173145
HOOK1	0.05761118233203888	2.3842581052046556	0.24002329690677587
LPAR2	0.05760863795876503	2.614021741426908	0.2400179933733759
CALY	0.057603780180215836	0.8128063294749993	0.24000787523856448
MRPL14	0.05755407735705376	3.8703818137829122	0.23990430943621563
C12orf60	0.05753200873732567	1.332504084477058	0.2398583084279103
GMPPA	0.057510849088430405	2.1787765622138977	0.23981419551161404
CLSTN1	0.057503994554281235	3.48497906097999	0.23979990791580513
OAF	0.05749848112463951	0.6623510603721325	0.23978840718355737
SLAIN2	0.05749363824725151	3.554972144273611	0.23977831251338658
BTN3A1	0.05747666209936142	3.7216990269147434	0.23974290601910783
PNPLA4	0.05747068300843239	2.076291996699113	0.2397304354402488
ZNF621	0.057469408959150314	2.2866797538904042	0.23972778403618614
CYBA	0.05746820196509361	6.101608441426204	0.23972526521031792
KLHL3	0.057466622442007065	2.0503682173215427	0.2397219716738356
NME1	0.05743192508816719	3.3194058124835673	0.23964959096193836
PARP8	0.057420652359724045	4.018709283608657	0.23962606665585967
CDK5	0.057414501905441284	1.8187907063044035	0.23961323777793117
TOP1MT	0.05740887671709061	2.429150090767787	0.2396014982457946
MEGF9	0.05740753561258316	2.3975469057376566	0.23959869991338484
SCOC-AS1	0.05738835036754608	1.2581310753638928	0.2395586545028725
SLC29A1	0.057384759187698364	0.43826582769934946	0.23955116154802386
TMX4	0.05736558511853218	3.9428081695850077	0.23951113782083897
TRPV2	0.057350851595401764	3.1406863010846653	0.23948038178863934
SOBP	0.05735083296895027	0.315540891713821	0.23948034326623316
LINC02315	0.057346589863300323	0.2506979268330794	0.23947148135131716
UVSSA	0.05734614282846451	2.4280827137140126	0.23947054406923945
ETV3	0.057344064116477966	2.3918920571987448	0.2394662032971703
HSPG2	0.057324960827827454	0.4620206201305756	0.2394263169036581
MKKS	0.057319507002830505	2.3877577827526975	0.23941492298331543
SLC39A1	0.05731026828289032	2.520223149886498	0.23939562910050394
VDAC1	0.05730189010500908	4.205845841994653	0.23937813494326646
SH3BP5L	0.05728255584836006	1.5271951808379247	0.2393377429452969
TCF7	0.05725092440843582	5.773100907985981	0.2392716543146214
SNHG22	0.05722663924098015	1.1099525414980376	0.23922089791591641
ZNF500	0.057225052267313004	2.0207110322438755	0.23921758673002044
IL1RN	0.05720623955130577	0.1627263155622551	0.23917825640796966
HM13	0.05715947598218918	3.9061617025962243	0.23908047743725266
H6PD	0.057156242430210114	2.3814530601868262	0.2390737140899024
HDHD3	0.057148002088069916	2.5176054468521705	0.23905648343808614
CDK16	0.05714770033955574	2.247657821728633	0.23905585461536608
DDB2	0.057144563645124435	3.254902087725126	0.23904928983746282
ZNF853	0.05714192986488342	1.0645766051915975	0.2390437799028591
OPA3	0.05712638050317764	2.1732314779208255	0.2390112535713115
CASC9	0.05708368122577667	0.3083728728815913	0.23892191565686496
FBXO10	0.05705520883202553	0.567605771124363	0.23886232524907317
ABCD1	0.05704556405544281	1.388270446887383	0.23884213241759383
MZT2A	0.05704348161816597	5.070236297754141	0.23883777333841902
CSK	0.05703352019190788	4.436270576256972	0.238816920835189
B4GALT1	0.05702763423323631	3.49671340905703	0.23880459520406785
CMC1	0.05701698735356331	3.100329435788668	0.23878229993186406
PCNX3	0.057006169110536575	2.0471437069085927	0.2387596484165728
ADAMTSL5	0.05699964240193367	0.8003112501822985	0.238745979438753
MRPS9	0.0569930262863636	3.008870940942031	0.2387321261222
XCL2	0.05695734918117523	0.32738629313042533	0.23865738552641697
RNF149	0.056954555213451385	4.053253357227032	0.238651532194389
GSTK1	0.05695454776287079	5.721130792911236	0.23865151639365198
ZNF738	0.05693988874554634	2.2789990993646474	0.2386208024675556
ASNSD1	0.05693405866622925	2.9786275075032163	0.23860858521813683
RIF1	0.056929055601358414	3.9031636806634755	0.23859810309817187
ITK	0.05692639946937561	4.548459328137911	0.2385925367595676
CD53	0.056909434497356415	5.099014905782846	0.23855698450330165
PCTP	0.05690835416316986	0.7867452089603131	0.23855471588755733
LTBP3	0.056902263313531876	3.346032591966482	0.2385419563513939
NFATC1	0.056898489594459534	2.9279752786342916	0.23853404411802817
SUPT16H	0.056872960180044174	4.082087470934941	0.23848052085700638
TMEM184C	0.05684540793299675	1.721559199003073	0.23842274849704803
GTPBP10	0.05684491619467735	2.8292488822570214	0.23842172285585433
TP53I3	0.056829310953617096	0.3030341167289477	0.23838899215192577
GCLM	0.05682865157723427	2.8286136113680325	0.23838760425980712
HOTAIRM1	0.056821197271347046	2.7559546874119687	0.23837196900758187
TMEM14A	0.05680931732058525	2.544926505822402	0.23834705382171767
MLLT3	0.05679616332054138	4.219180483084458	0.23831945264234866
ARHGEF39	0.05677016079425812	0.5964802004970037	0.23826489543597168
P2RX1	0.056767452508211136	0.15075409380145943	0.23825921620581197
C11orf54	0.056761596351861954	2.7304836236513577	0.23824692411629902
CD164	0.056756921112537384	4.697963219422561	0.2382371074691944
PSMA3	0.05674580857157707	4.051331978577834	0.2382137903030494
MAFK	0.05674196779727936	2.0164767045241137	0.2382057235512668
KBTBD7	0.056741368025541306	1.7475474797762358	0.23820446608690043
UMPS	0.0567275770008564	2.582208353739518	0.23817551574196855
KCNC4	0.056718774139881134	1.4496046350552485	0.23815703899873125
STAMBPL1	0.05667590722441673	2.8483694149897647	0.2380670249257118
CRTC2	0.0566704086959362	2.6652433505425086	0.2380554762848081
TMTC2	0.05665800720453262	0.9054605628435428	0.238029427501941
LIPT2	0.05665791034698486	1.7940637927788954	0.23802922172263247
LINC02709	0.056614283472299576	0.3534483823638696	0.23793755853589987
CASP10	0.05661016330122948	2.8627882462281447	0.23792890590930812
PAN3	0.05660605430603027	3.6531456342110267	0.23792026713045902
RETSAT	0.056573428213596344	1.5994229408410878	0.2378516969229987
ZNF90	0.05656878650188446	1.6327057710060706	0.23784193406670145
NDUFA8	0.05656527727842331	3.3803701309057383	0.23783455739841267
INPPL1	0.056553177535533905	1.972131412762862	0.23780912096930168
SELP	0.05654601752758026	0.581590979718245	0.23779406599664568
N4BP3	0.056541476398706436	0.7931312357003872	0.23778451911118106
LPCAT3	0.05653192475438118	2.14697488454672	0.23776443217444687
SAMSN1	0.05653093010187149	3.6987911462783813	0.23776234193381893
C5AR2	0.05652628466486931	0.4727194463977447	0.23775257328542218
ATP6V0E1	0.05648946017026901	5.328728437423706	0.2376751141758995
TMEM170B	0.05648845061659813	0.7005259073697604	0.2376729922775803
HDAC8	0.05648178607225418	2.8659470081329346	0.2376589677915381
CCDC7	0.0564734973013401	2.9312595954308143	0.23764153436244012
TRMT6	0.05645659193396568	2.8814059862723718	0.2376059608649244
ATP23	0.05644373595714569	2.1525930166244507	0.23757890274724258
MANEA-DT	0.0564255453646183	2.5299107157267056	0.23754061975590873
NAAA	0.05642504617571831	3.6619864793924184	0.23753956868806814
ZNF181	0.056409768760204315	2.1724307170281043	0.23750740691489866
EML2	0.05640776455402374	2.5356722336549025	0.23750318631257405
RCSD1	0.05639507248997688	4.631723202191866	0.23747646617483892
SCPEP1	0.056392852216959	2.474332460990319	0.23747179134058233
ULK1	0.05637383088469505	2.1706278966023373	0.23743173937030837
TMA16	0.056370947510004044	3.171273763363178	0.23742566967008913
LPAR3	0.056353602558374405	0.3089229968877939	0.23738913703372536
GNPDA1	0.05635099858045578	2.8135715539638815	0.23738365345060577
UCHL3	0.05634251981973648	3.0723117131453295	0.2373657926574427
AKAP10	0.05633722245693207	2.989439304058368	0.23735463474477825
KIAA2013	0.056329917162656784	2.890580388215872	0.23733924224924774
ZNF260	0.05632391571998596	1.9763203951028676	0.23732659964135322
YEATS2	0.056315865367650986	2.3207959486888003	0.23730964342931898
RASGRF2	0.05630985647439957	2.469486493330735	0.23729697821532214
SERINC5	0.056309718638658524	4.5740368733039265	0.23729668762869166
ARHGAP27	0.056303683668375015	2.34587130179772	0.23728397535147086
HIVEP1	0.05629041790962219	2.933726219030527	0.2372560204998266
MYL12A	0.05626397952437401	6.786966507251446	0.23720029046788596
RBAK	0.056243568658828735	2.27705389719743	0.2371572659066648
STAC3	0.05622035264968872	0.569540071945924	0.23710831346659256
LRRC59	0.05621786043047905	2.7384199637633104	0.2371030554441455
ARCN1	0.056208640336990356	3.469692065165593	0.23708361199339575
APLP2	0.056175388395786285	3.2531820627359243	0.23701347594118868
LINC00562	0.05612801015377045	1.1612486747594981	0.2369135108284567
GRINA	0.056106891483068466	2.435798223202045	0.23686893580739832
PICALM	0.05609223246574402	3.094966769218445	0.23683798802548384
ECE1	0.05609138682484627	3.114596962928772	0.23683620604890968
KPNA6	0.05608589947223663	3.425818819266099	0.23682461541404998
CDCA4	0.05606565997004509	2.023927473104917	0.23678188377892626
NSUN2	0.05604850873351097	2.4721375703811646	0.23674566542566639
UQCC1	0.0560380220413208	2.1827277678709764	0.23672351147114695
EXO1	0.05603314936161041	0.18718959047244146	0.2367132228044791
RALA	0.05602316930890083	3.743616956930894	0.23669214190102603
EIF3L	0.05602209270000458	5.138567649401152	0.23668986445239457
TGFB1	0.056019771844148636	4.769009608488816	0.23668496247479906
OSBPL7	0.056014370173215866	2.057948800233694	0.23667355175237859
PHGDH	0.056012656539678574	1.503286980665647	0.23666992944018592
LLGL2	0.056006621569395065	2.5039631128311157	0.23665718335862845
ADCY7	0.05596967786550522	3.0646706911233754	0.23657911784391183
AMPD2	0.055966489017009735	2.2821735372910132	0.23657237444298182
RPL7	0.055959444493055344	7.724291801452637	0.23655748667219056
DNAH11	0.05594732612371445	0.43570473388983655	0.2365318738618876
CCDC107	0.05594182759523392	4.097614315839914	0.23652025019414877
CBX7	0.055931925773620605	3.238246963574336	0.23649931474941852
MBOAT2	0.05592668429017067	0.6428340409810727	0.23648823075217235
ZNF785	0.05591845512390137	1.920623316214635	0.23647083590249313
LAYN	0.05587475374341011	0.44962205852453524	0.2363784099378923
CMTM1	0.055858198553323746	0.4788935147225857	0.2363433931808132
ECPAS	0.05583404377102852	2.4702913761138916	0.2362922830464195
MPP1	0.055799152702093124	2.014091661343208	0.2362184393309609
KDELR2	0.055798619985580444	3.7345975087239194	0.23621731124720535
MAP10	0.05578651279211044	1.1485852163571577	0.23619168775818444
LGMN	0.05578207969665527	1.659234908910898	0.23618230313713892
LHFPL4	0.05577956512570381	0.6181950867176056	0.23617698081739466
ARID1A	0.055766649544239044	4.092018283330477	0.23614963221944152
PFDN6	0.05575505644083023	3.5735713793681216	0.23612508496296708
ENTPD1-AS1	0.05573347955942154	2.5035570676510153	0.23607939321795435
TAGAP	0.05572738125920296	4.401016152822054	0.23606647436161177
UBASH3B	0.055716339498758316	2.419731983771691	0.2360430898237332
MFSD14B	0.05571521073579788	2.5798817781301646	0.2360406981625313
GGH	0.05569601431488991	0.8184155019430014	0.23600003223243435
SNX11	0.055680591613054276	2.0118579222605777	0.23596735551724377
MIR2052HG	0.05567501112818718	0.10354985690747316	0.2359555271509962
SLC5A3	0.055673159658908844	3.158244802401616	0.23595160454173164
SCAMP4	0.055670201778411865	2.6799715849069448	0.23594533719874874
