feature_id	source_population_variance_log1p_cpm	source_mean_log1p_cpm	source_scale_log1p_cpm
IFI27	3.064301013946533	3.533138767569915	1.7505145015735126
RPS4Y1	3.013887643814087	1.1179472618518662	1.73605522323381
ZNF90	2.845731735229492	3.3521641313572954	1.6869296719616875
DONSON	2.829357147216797	1.882650774785842	1.682069338384638
HBB	2.588675022125244	3.1228287948502436	1.6089359820948685
NACA2	1.9703701734542847	2.2131416415688636	1.4036987446631946
HBA2	1.9454442262649536	2.6760719987738635	1.394791812624955
IFI44L	1.662767767906189	3.881763385630202	1.2894835496351966
NBEAL1	1.345129370689392	5.013675392815893	1.159797109403261
SCGB3A1	1.2512702941894531	0.8580700688606477	1.1186019387220694
ACVR2B	1.1749024391174316	1.296448091494626	1.083929165188792
UTS2	1.1552332639694214	1.724873562996415	1.0748178066353007
IFIT3	1.1545438766479492	2.1575343270868177	1.074497059370204
KRT1	1.1533772945404053	0.9943255212914441	1.0739540638245304
HBA1	1.0925188064575195	2.1765430056386523	1.0452362629413918
FMN1	1.057154655456543	1.5151316825571646	1.0281802506840927
PRDM6	1.0229558944702148	0.5594906482089068	1.0114128258918462
FAM184B	1.0206172466278076	1.5358574353872132	1.0102560088384798
EIF1AY	1.0063549280166626	0.3872077405110173	1.0031724094707062
RPS26	0.9576972126960754	7.190907978920188	0.9786200517573764
DDX3Y	0.9531052112579346	0.42544244563785094	0.9762710600110337
USP18	0.9435180425643921	2.348268842331751	0.9713485607989354
SPATS2L	0.9225608706474304	2.1987852897223843	0.9605003136454092
SLC2A14	0.8789872527122498	0.6522659583452561	0.9375432002471562
IFIT1	0.876620888710022	1.6373490370895671	0.9362803615119568
OAS1	0.851073682308197	2.6742277476522656	0.9225365575599972
CISH	0.845437228679657	2.367292297754251	0.9194766002038879
C20orf204	0.8289464712142944	1.1497759202430988	0.9104649701153497
RSAD2	0.8233590126037598	1.6629221336594944	0.9073913139306186
IL1B	0.8106490969657898	1.649650285527167	0.9003605465989694
SOX4	0.8094756603240967	2.958064887601297	0.8997086369272553
ATP5MGL	0.7902772426605225	1.6713122504538502	0.8889753990196274
GABRE	0.7801565527915955	0.4890904204199141	0.8832647175767661
EPSTI1	0.7357666492462158	3.811521411398818	0.8577684091605088
EEF1G	0.7345961928367615	3.7319937410025763	0.8570858597990992
LERFS	0.7277427911758423	0.7347697853699497	0.8530784304372644
SULF2	0.7198790907859802	2.6879251652978846	0.848456902885289
TIPIN	0.6883825063705444	2.5031600439228776	0.8296882017591314
IFITM1	0.6871808171272278	5.418443602163673	0.8289636866584734
CMPK2	0.6818310618400574	1.704441284425414	0.8257306232078803
UTY	0.6752254962921143	0.28911817290773795	0.8217210396979454
CPA5	0.6698630452156067	1.45487230570837	0.818451626905118
ARHGEF10	0.6628327369689941	1.004139960782738	0.8141454171455753
ISG15	0.6489488482475281	5.155901825747727	0.8055735965859113
LINC01954	0.6486327052116394	0.44819956018778556	0.8053773696910014
MX1	0.6466507315635681	3.494694917138052	0.804145969565679
RGS1	0.6235311627388	4.224999641549998	0.7896399070140434
DDX39B	0.6191913485527039	3.7764226504212597	0.7868871236733422
RPS17	0.6184314489364624	2.698194287745889	0.7864041258034037
SH3D19	0.6076688170433044	1.6375795437230005	0.7795311478593846
GABARAP	0.5976272821426392	3.554455353839187	0.7730635795602863
PABPC3	0.5952214598655701	0.9010921326176874	0.7715059712904297
PNRC2	0.5928608179092407	2.1102871565983214	0.7699745467154158
IFI44	0.5785036087036133	3.27063544682616	0.7605942620972086
TTC39C-AS1	0.5775854587554932	2.4699307253077567	0.7599904334911947
LAIR2	0.5702028870582581	2.2320481046634617	0.7551177893986141
NME2	0.5697924494743347	2.0983020989830923	0.7548459778892312
IGFL2	0.5565395355224609	0.5611065408336249	0.7460157761756566
EIF2S3B	0.5552511215209961	0.8927550783445095	0.7451517485933703
CH25H	0.5536758899688721	0.6532492228851464	0.7440940124183728
CLDN5	0.5486506223678589	0.9691996400840438	0.7407095485043932
GBP7	0.5474706888198853	0.6940689410343481	0.7399126214934347
NOG	0.5460742712020874	1.705094801397616	0.7389683919160572
OASL	0.5419660210609436	1.7297438083937342	0.7361834082306212
IFI6	0.5403046011924744	4.877820884587664	0.7350541450496542
CENPK	0.5368806719779968	3.355117152020392	0.7327214217728804
CRIP1	0.5323023796081543	5.279756039951953	0.7295905546102819
EIF5AL1	0.5253412127494812	2.369734414007472	0.7248042382895106
XAF1	0.5244996547698975	3.788268527765384	0.7242234875810657
NR4A2	0.5203755497932434	3.688966103897241	0.7213705882842858
MYOM2	0.519425630569458	1.8565671023737882	0.7207118939573516
LAMP3	0.5129214525222778	0.8215414305356727	0.7161853586762873
AREG	0.5103289484977722	1.4132873293197932	0.7143730989297334
XIST	0.5050536394119263	5.191083443575892	0.7106712727529534
LINC00513	0.4990082085132599	2.7563792711473516	0.706405122341007
HERC5	0.4977763295173645	2.834982692966973	0.7055326582229641
FAM13A	0.49123331904411316	3.198485795565492	0.7008803862515052
RGS16	0.4798903465270996	1.210889973631307	0.6927411921020875
LMNA	0.4798600971698761	2.7314722652179526	0.6927193546437511
FAM118A	0.47851744294166565	3.2101431742481803	0.6917495548604455
COL18A1	0.4758394956588745	1.8819452926116884	0.6898112135338548
LINC02446	0.4740666151046753	2.025604507589706	0.6885249622899008
HERC6	0.47294411063194275	2.3940930471566446	0.6877093175408635
OAS3	0.4713429808616638	2.20676412048011	0.6865442341160662
CHRNA1	0.47083795070648193	0.9391756191335875	0.6861763242725893
SOCS2	0.46881887316703796	2.6306986521030296	0.6847034844039486
MT1E	0.4683181345462799	2.0222516272259856	0.6843377363495041
FHIT	0.4649503231048584	4.215374746085127	0.6818726614896752
S100B	0.4639604091644287	1.7194988122388322	0.6811463919277039
ETV7	0.4631313383579254	0.9897623573968694	0.6805375449159331
IGFLR1	0.460814505815506	1.9307031730810802	0.6788331867419497
DUSP4	0.4604669511318207	1.9577090568926143	0.678577159515373
CELA1	0.46035486459732056	2.1607674238097165	0.6784945592945626
ESR2	0.4582501947879791	0.9042067430713624	0.6769417939099223
ZBTB16	0.45774057507514954	1.8086027046273039	0.6765652784730735
LRRN3	0.45536476373672485	2.600872590624053	0.6748071938794622
NMUR1	0.4542026221752167	0.9281767103749673	0.6739455546033352
HNRNPA1L2	0.45396772027015686	3.2180203062364425	0.6737712568348471
GSTM3	0.447607159614563	2.222031372831242	0.6690345034201971
JCHAIN	0.44744789600372314	2.5638164400597643	0.6689154639252806
TNFRSF4	0.4467966556549072	3.437189966782756	0.6684284998149859
DST	0.4406912624835968	1.4477347511212943	0.6638458231144626
TGM1	0.4406834542751312	0.606541069388618	0.6638399376983577
NPDC1	0.4401102066040039	2.956753645820179	0.663408022841542
CFH	0.43851199746131897	1.443609855069968	0.6622023861804804
TSIX	0.4366266131401062	1.355341999809404	0.6607772688231647
KDM5D	0.43606680631637573	0.21936056351867214	0.6603535504383137
CTLA4	0.43519750237464905	1.8831863412455123	0.6596950177632736
FUT7	0.4347197115421295	1.602649953687328	0.659332785742232
PAM16	0.43358978629112244	1.1281839224342185	0.6584753437828498
TNFRSF18	0.4287852644920349	2.4494672824139796	0.6548169708502691
TTN	0.42686590552330017	2.507400868496219	0.6533497561905269
CRYBB2	0.4237361252307892	0.5239245226728049	0.6509501814674371
TIGIT	0.4227660298347473	2.940933137104429	0.6502046082572931
HLA-G	0.42099136114120483	1.0105466408176897	0.6488384797746171
GADD45G	0.41819828748703003	1.6738477716957472	0.6466825298314935
CD70	0.4094170033931732	1.1666972789042753	0.6398570087747856
CITED4	0.40877997875213623	1.8620739903486552	0.6393590415451909
CXCL8	0.40686169266700745	2.497043470313266	0.637857116529275
DDX60	0.40623167157173157	2.7568731664241044	0.637363061359608
CDO1	0.40549516677856445	0.45933689628067603	0.6367850300603837
CHN1	0.40325117111206055	1.783988370064118	0.6350206019785659
LINC01116	0.4015830457210541	1.9906672042905142	0.6337058027929823
ICA1	0.3966873288154602	2.1202408876912346	0.6298312006362072
CCDC144A	0.39588356018066406	1.1981975312890678	0.6291927831668771
PMAIP1	0.3940812349319458	3.6881151386604456	0.6277588868989079
PRR7-AS1	0.39243432879447937	0.7860578264884108	0.6264457913327416
IFNG	0.3918255567550659	1.5125030582892027	0.625959697260939
ADTRP	0.391620397567749	3.2995963471145924	0.6257958202563151
EIF2AK2	0.38980379700660706	3.9056657721713126	0.6243426975740957
C1orf56	0.38807082176208496	4.729073196535366	0.6229532958837933
DND1	0.38763952255249023	0.6596191214304774	0.6226070304001433
MCOLN3	0.38670164346694946	1.1843789239267737	0.6218533909640913
BHLHE40	0.38348475098609924	2.435641019052016	0.6192614623038818
LRRC7	0.38271528482437134	1.2177834350944021	0.6186398568706128
HELZ2	0.38247767090797424	2.0959487685298552	0.6184477868362389
OSBPL10	0.38217124342918396	2.4193744554373495	0.6181999938165135
IGFBP3	0.38191190361976624	1.2544685517691105	0.617990205319161
OSM	0.37877294421195984	2.374011100708753	0.6154453330639261
NPIPB5	0.3756604790687561	2.280106732443375	0.6129114855912282
HIPK1-AS1	0.3753005266189575	2.836458181512767	0.6126177726120955
SERTAD1	0.37312719225883484	2.624027051688154	0.6108413886152958
LAMB1	0.37020736932754517	1.1118571214748982	0.6084466828447102
MYB	0.36942610144615173	1.13443378961406	0.6078043325979259
ID1	0.367218941450119	1.636823522062594	0.6059859318093974
DDX11	0.3669585883617401	1.5578597797744576	0.6057710623506062
CCR10	0.36581888794898987	1.532704770679218	0.6048296245608812
PHLDA1	0.3637533485889435	1.6715660091789288	0.6031196683409081
RNF43	0.36340272426605225	1.4809663669131268	0.602828938953646
CHI3L2	0.36150848865509033	2.5754670610373047	0.6012557671019632
SAMD9L	0.358549565076828	3.4141534667362197	0.5987900804930476
KRT73-AS1	0.3571053445339203	1.8672015010397096	0.5975829251999323
MB21D2	0.3567507565021515	1.5220016100625882	0.5972861538802903
HDGFL3	0.3554915487766266	1.340725474773239	0.5962311105641435
AIRE	0.3550409972667694	1.002517188874241	0.5958531562812741
NIBAN1	0.3548067808151245	2.755305919153937	0.5956565886068874
USP9Y	0.35463806986808777	0.17556541584346486	0.5955149527921901
PPFIBP2	0.35416698455810547	0.9928294195297578	0.5951192927712325
AFF3	0.35333141684532166	1.4209972907756936	0.594416871700924
PLSCR1	0.353246808052063	3.0668217884626423	0.5943456881763275
GSTM4	0.35308605432510376	1.5287067342649474	0.5942104410448205
SPINK2	0.350897878408432	1.774687658096182	0.592366347478625
LYPD3	0.3499480187892914	1.6031875885537759	0.591564032975016
SPARC	0.3493061363697052	1.92148671684594	0.5910212763198662
PASK	0.34874820709228516	3.607838212758645	0.5905490797965544
ZNF667-AS1	0.3477393686771393	1.4282646727287907	0.5896942979258305
TNFAIP3	0.34746789932250977	4.8818873473054145	0.5894640886884306
CEACAM1	0.3465445935726166	1.2175773515212582	0.5886803762310665
NEXN	0.34518176317214966	1.2649786692697884	0.5875217082107861
PI16	0.344137042760849	1.8523994040215153	0.5866319390154804
CCR4	0.34387314319610596	1.3688660718472068	0.5864069666540211
TUBB2A	0.3436011075973511	1.859804937894317	0.5861749781048682
A2M-AS1	0.3429420590400696	1.7207346969637378	0.5856125396725108
PTGIR	0.34281253814697266	1.678299124441841	0.5855019592803186
SIK1	0.34200039505958557	2.3520462291450794	0.5848080008266124
ZNF462	0.34134429693222046	0.8224696332010729	0.584246780562472
FCRL3	0.3403240740299225	1.4781760701274507	0.5833730037981142
SIDT1-AS1	0.3399810791015625	2.174090364198575	0.5830789580972378
CCR6	0.33959102630615234	2.3611384109518996	0.5827443794114746
IRF7	0.33858001232147217	3.403519811301396	0.5818762771590477
MYADM	0.33773359656333923	3.19230573159068	0.5811485232695771
CA6	0.33759263157844543	1.154383177158933	0.5810272303971569
AFDN	0.33734017610549927	1.0390147340708766	0.5808099304262029
BLK	0.3356509208679199	1.0436782625671548	0.5793538839903352
BCL2L14	0.334125280380249	0.7737595596532713	0.5780356997816206
CRB1	0.33368241786956787	0.8377317436239272	0.5776524990812503
ENTPD1	0.33361053466796875	1.5944689065788897	0.5775902838987619
ANKRD55	0.33100056648254395	2.6013161348200393	0.5753264842125608
ADGRE1	0.3297620713710785	1.4298167693432264	0.5742491256587182
SNX22	0.3294707238674164	1.0227865375207301	0.5739954033393722
EGR1	0.32906535267829895	1.8391455230356633	0.5736421715564942
PGAP1	0.32817691564559937	2.177001210236458	0.5728672874464005
HPGD	0.3276214003562927	2.2587847504122505	0.5723822162875472
UBE2V1	0.3271619975566864	3.089445358035208	0.5719807744745111
SERPINE2	0.32711732387542725	1.3432723609195358	0.5719417184101996
CREM	0.32407230138778687	3.6250671563934094	0.5692734742397126
BDH1	0.32340008020401	2.5399755166408204	0.568682756833319
GREM2	0.3223819136619568	0.790131960792103	0.5677868454280872
SOCS1	0.32083407044410706	3.1422755220383976	0.5664221757717632
MYL9	0.3208073079586029	1.781656277134044	0.5663985395190619
RNF207	0.320100873708725	0.7549621560450258	0.5657745679754252
CDK5R1	0.31981363892555237	1.283118502390339	0.565520670900687
TMEM273	0.3190601170063019	1.642937525478816	0.564854068467117
PLSCR3	0.31883504986763	1.087886991343279	0.5646547941481498
TRAPPC5	0.3182544708251953	1.5076704845117883	0.5641404798598512
REG4	0.31819966435432434	1.07333904504776	0.5640918833956889
JAKMIP1	0.3172858953475952	1.6189196756059638	0.5632813636632548
GTSCR1	0.3165144920349121	1.5235679219280622	0.5625961966632965
SMN2	0.31645265221595764	1.265912341888837	0.5625412347434852
PDCD1	0.3164118826389313	1.0828237517583417	0.5625050051998125
ST6GALNAC1	0.31524255871772766	1.7333506226996351	0.5614646669111509
ICA1L	0.31486475467681885	2.3156311758633317	0.5611281040126591
DLGAP1	0.3145943284034729	0.46380822643123826	0.5608870884169718
TLR5	0.3141183853149414	1.2038589550389185	0.5604626480753778
ZFP57	0.31355687975883484	0.5061132210767132	0.5599615008263923
HES4	0.31346338987350464	1.5498401510076047	0.5598780109773739
IFIT2	0.31294918060302734	2.0245165379568077	0.5594186163944614
BEST1	0.3125778138637543	2.7746165072780915	0.5590865878862052
ATF3	0.31159570813179016	1.0926634749233495	0.5582075956769257
PTGER2	0.31151312589645386	3.772733713018483	0.558133612038478
MDGA1	0.311502605676651	0.8193471203361892	0.5581241910695335
JAKMIP2	0.3110113739967346	1.0261804867407371	0.5576839489401014
IKZF3	0.31077682971954346	2.0511228967443738	0.5574736151943243
MYO1F	0.3105519711971283	3.893042954448539	0.5572718995807564
CIITA	0.3104651868343353	1.1292527576059217	0.557194019562855
DACT1	0.31028324365615845	0.9254203984563835	0.5570307331197614
TRIM73	0.3089331388473511	2.202095380688079	0.5558175325465483
RPL39L	0.3086576461791992	1.8854588462018418	0.55556964762756
HSPA1B	0.3086005449295044	0.9310585934083581	0.5555182595482667
PLAAT2	0.3077886402606964	0.5658784258639675	0.5547870180527251
TNF	0.307407021522522	1.9114895175243247	0.5544429793332213
COCH	0.30701711773872375	0.9600022492851791	0.5540912460599874
CD22	0.3070021867752075	1.0440016581866018	0.5540777737571566
IRF9	0.3069441616535187	3.586992615027446	0.5540254066274493
NPIPB13	0.3057928681373596	0.7652503519222654	0.552985427223948
HLA-DQA2	0.30486735701560974	1.0063030322963706	0.5521479611454987
CD200R1	0.30474919080734253	1.7381635062767629	0.5520409355192947
CD83	0.3045710325241089	2.2183449809578644	0.5518795420714514
DCK	0.303006649017334	3.8592079256686214	0.550460389505153
RWDD3	0.30166205763816833	1.3515238898924027	0.5492377141957858
OTOF	0.30086272954940796	0.556414834327168	0.5485095426249026
MRPL53	0.3007450997829437	2.602511119568485	0.5484023111382773
OAS2	0.300063818693161	2.5580107329905717	0.5477808057014165
HACD1	0.29890456795692444	1.171766878430414	0.5467216645269828
GZMK	0.2981948256492615	3.5821946927870827	0.5460721871979586
BANK1	0.2973409593105316	1.3625551322867586	0.545289792312293
PTGER4	0.29733720421791077	3.8696039599933845	0.5452863627363714
FRMD4B	0.2971302568912506	2.3202984017887336	0.5450965514205071
FBLN5	0.2964456379413605	2.8305517389399797	0.5444682225847933
ELL2	0.29630038142204285	1.3148539285550171	0.5443348115791888
SPATC1L	0.29571056365966797	2.2481822114566277	0.5437927611049291
PARP9	0.29569703340530396	3.0473508793732216	0.5437803112788467
PTPN13	0.29534482955932617	0.7749294415401773	0.5434563770848428
C2orf74	0.2951212227344513	1.141511072372568	0.5432506154396269
KRT72	0.2949628233909607	0.8666549747474349	0.5431047922526352
SPA17	0.29400333762168884	1.2889772082653996	0.5422207466753158
NRGN	0.29341399669647217	2.9905493396452103	0.5416770116864297
MYH11	0.29331496357917786	1.702457570938315	0.5415856113303433
PTCH2	0.2932977080345154	1.8172556655160312	0.5415696733563903
OPRM1	0.2930837869644165	0.5937081719266957	0.5413721364089288
ZNF683	0.2927633225917816	1.0023191830435931	0.5410760769986819
IATPR	0.29259592294692993	1.3836774355607016	0.5409213677009932
IGSF9B	0.29258179664611816	1.0547277712730612	0.5409083171492082
ZNF737	0.29165107011795044	1.2164193645290944	0.5400472759232741
ZNF578	0.2915585935115814	0.6372558171379155	0.5399616598676255
SUSD4	0.2915211319923401	1.7319368503102854	0.5399269604955945
SGK1	0.29142481088638306	2.625657885239042	0.5398377693843609
ZNF584	0.2908623516559601	1.4985548208728148	0.5393165662297071
TRIM56	0.29082393646240234	2.575206522283883	0.5392809560841572
GNG10	0.2907760441303253	1.0955190304595392	0.5392365330795788
KANSL1-AS1	0.29077059030532837	3.1744436112400214	0.5392314910350134
FOXP3	0.2906286418437958	1.3853195070992028	0.5390998496861785
TREML1	0.29031720757484436	1.5082307327752826	0.5388109106735376
MDS2	0.29009145498275757	2.7961396214149006	0.5386013950539477
NPIPB11	0.2900714874267578	1.085321522421307	0.538582852920657
LINC02195	0.29006877541542053	0.646920695301445	0.5385803443451641
ATG2A	0.2897413969039917	3.305443066290055	0.538276324223861
SLC16A10	0.28964996337890625	1.6950017152161434	0.5381913745852254
ARHGEF37	0.2892492413520813	1.5906410438804335	0.5378189729480711
IKZF2	0.28888756036758423	1.6199525612980927	0.5374826091944277
PDE4D	0.28813424706459045	3.2017382378779153	0.5367813892161959
DUSP10	0.2870453894138336	2.14994448720267	0.535766160174961
PCLAF	0.286445289850235	1.094959053271575	0.5352058405620704
GNG8	0.2863079905509949	0.9154469481601569	0.5350775685486489
MAFF	0.2855093479156494	1.7970560757136436	0.53433075177844
NEU1	0.2853471338748932	2.341534025139279	0.534178921619002
PNMA5	0.2848883271217346	0.943011081652623	0.5337493221313586
TP53INP2	0.28478875756263733	0.8070914409055564	0.5336560322897892
RDH13	0.2844543159008026	1.4668016023791155	0.5333425934405304
SYT11	0.2841011881828308	1.6948646295573062	0.5330114340820814
GHRL	0.28405529260635376	1.2599863450531759	0.5329683735588844
APOBEC3H	0.28386378288269043	1.0939052252248787	0.5327886801533916
ST8SIA1	0.28378212451934814	1.3970533035038988	0.5327120507966204
ACOT2	0.28367605805397034	1.2363656222591912	0.5326124961994707
MIAT	0.28352153301239014	2.3410401088524595	0.5324674069490877
C18orf32	0.28338107466697693	2.8664777530107464	0.5323355041934604
CXCR3	0.28318431973457336	2.213315433469312	0.5321506509279177
UPK3BL1	0.28230050206184387	0.48422551648941076	0.5313195920008451
DSEL	0.28227224946022034	1.4596643518670764	0.5312930006253519
NCAPG2	0.28210216760635376	1.0901545010421467	0.5311329209635091
ANKDD1A	0.2816425561904907	0.8172103838559768	0.5307000605122918
NSG1	0.2814282476902008	2.659805631500551	0.530498113883345
LRRC75A	0.28120946884155273	2.660067575644716	0.5302918645311555
PRKAR2B	0.2810746729373932	1.3446408723734349	0.5301647698279552
EDA	0.28079256415367126	1.3789312943416536	0.5298986359175096
CRTAM	0.28050339221954346	1.4786592711662423	0.5296257050931459
ZNF460	0.28034889698028564	1.2743539040572798	0.529479846115393
PRDM1	0.2795226573944092	3.487254168795443	0.528699026967336
LAG3	0.27945128083229065	1.7741687909853412	0.5286315136510559
FANK1	0.279171347618103	0.9907035164506499	0.5283666696070787
HES1	0.2783176302909851	0.6345989597939897	0.5275581772430206
ID3	0.2783142924308777	2.69338191743098	0.5275550146372614
PPP1R15A	0.2781575918197632	4.7070871897584174	0.5274064819711309
CRIP2	0.27810874581336975	3.216407327816404	0.527360174267455
RTKN2	0.2777474820613861	3.4391487539956396	0.5270175376900037
FOS	0.27699312567710876	6.458865114555505	0.5263013502087662
CLEC11A	0.2767486274242401	2.626835483700836	0.5260690272767591
CALHM6	0.27645716071128845	2.721891292210283	0.5257919447322411
CDKN2A	0.2756548821926117	1.23211203412763	0.5250284673780901
CCL20	0.2755589485168457	0.6038247635766464	0.5249370993373369
WNT10A	0.2750951945781708	1.3095968330271857	0.5244951917261294
RNF175	0.2749851644039154	0.7309570779517236	0.5243902746589566
RTP4	0.2749847173690796	1.6573364792884082	0.5243898400763085
BEND7	0.27487894892692566	0.8484078737054291	0.5242889973263778
WASHC2C	0.27482467889785767	2.092078209608451	0.5242372285083787
ZFY	0.2747928500175476	0.16018196960404457	0.5242068766564634
MIR4435-2HG	0.2747635245323181	2.5516434898778395	0.5241789048919164
LINC01644	0.2744266986846924	0.6176267779535718	0.5238575121124893
FAM153A	0.274063378572464	1.5662104338978442	0.5235106272444282
AGAP9	0.2736574411392212	0.7868674090881457	0.523122778890951
FOSB	0.27308550477027893	4.679021018675004	0.5225758462561417
MCOLN2	0.2730483412742615	1.3005741642809463	0.5225402686740439
CCDC50	0.2722904682159424	1.999326924254611	0.5218145976655353
CGAS	0.2720155715942383	2.016560920696149	0.5215511192211622
PLAG1	0.27193546295166016	1.8161095058780976	0.5214743227380978
MZB1	0.2717592120170593	1.424490863792741	0.5213052903543444
NAPRT	0.2714454233646393	2.949000796824123	0.5210042410616593
LINC00339	0.27138552069664	1.7352703274209837	0.5209467544321089
GNA15	0.2713148593902588	1.3311715862531772	0.5208789203168082
DNAH6	0.27117136120796204	1.22472456011964	0.5207411615022012
SLC16A4	0.2710234522819519	1.2196992273760026	0.5205991279611656
LDLR	0.2709857225418091	1.420111434783972	0.5205628785191584
KLF5	0.2708933353424072	1.115238242679172	0.5204741542275796
KLRB1	0.27075788378715515	5.500447169117544	0.5203440126053394
IFIH1	0.2704191505908966	2.3381056630291703	0.520018417534536
FXYD2	0.27029314637184143	1.5972051638753022	0.5198972568746452
ZNF844	0.26997146010398865	1.5148390357407573	0.5195877884444802
SYNM	0.2699624001979828	0.7862839435594748	0.519579068322267
NBL1	0.2698754072189331	1.4577239160336755	0.519495350915514
EIF3C	0.26964980363845825	1.2748520124232632	0.5192781573601202
FRY-AS1	0.2691255211830139	1.2160366644576135	0.5187730802766157
CCSAP	0.2689268887042999	1.4929127593835194	0.5185816064968976
FGFR1	0.268622487783432	1.2464589083788495	0.5182880300188749
TENM1	0.26845526695251465	0.9300821143776977	0.5181266948977776
ZNF708	0.2683287262916565	2.544198728155816	0.5180045521803022
ARHGAP11A	0.26823529601097107	0.9492701727083359	0.5179143783643126
GBP1	0.2676726281642914	3.3562877899842243	0.5173708713016368
CD8A	0.26766130328178406	2.6818225447702226	0.5173599396380956
KLF6	0.267593115568161	5.511079802823706	0.5172940450321415
PLK2	0.2675287425518036	0.9853429785747637	0.5172318067660744
GBP5	0.26744475960731506	3.1186551431129717	0.5171506037375933
GPRIN3	0.26741155982017517	3.046385454035353	0.5171185220675147
PLD4	0.26715534925460815	0.884715775762938	0.5168707357024447
TET1	0.26688557863235474	1.0790080666770423	0.5166096863568387
CAPN10-DT	0.26681914925575256	0.9653107270998059	0.5165454036710028
IGFBP4	0.2665726840496063	0.785610725996138	0.5163067741758095
SLC25A20	0.266508013010025	1.418633715574312	0.5162441417723834
CMTM8	0.266104519367218	2.7507267011993233	0.5158531879565579
ENKUR	0.2660461366176605	0.9679421012314801	0.5157965911615217
OPA3	0.2658322751522064	1.7696894877715128	0.5155892438378139
STRADA	0.265748530626297	0.9591718632371032	0.5155080423595619
BCKDHA	0.2656545042991638	1.0541874390680672	0.5154168356280553
ZNF100	0.2655870020389557	1.339921515106698	0.5153513499527053
NBPF1	0.2655348479747772	2.0046730623848137	0.5153007245011286
TREM1	0.2650532126426697	1.3054185199098112	0.5148331862761155
F5	0.2649424076080322	1.6618333261360154	0.5147255523107681
G0S2	0.26480168104171753	2.4693117835969303	0.5145888589791476
ERMN	0.26453647017478943	1.150289258851859	0.5143311036754346
TMEM156	0.2642178237438202	3.5328352693396967	0.5140212346092082
TRIM69	0.26398152112960815	2.5432499418770216	0.5137913298696286
RALGPS2	0.26371797919273376	2.03687259954511	0.5135347936949166
PRSS21	0.26290205121040344	0.8976864534433774	0.5127397535351121
CDCA7L	0.26279839873313904	2.452865072593835	0.5126386750598511
DUSP5	0.2627253234386444	1.9914063633173362	0.5125673834093785
AUTS2	0.26259613037109375	1.2199686046304374	0.5124413348036392
LINC01871	0.2619225084781647	3.6406658088567156	0.5117836545011013
DNLZ	0.26181313395500183	0.7728740403364445	0.5116767928705489
RAMP1	0.26167261600494385	0.8995286783496083	0.5115394480325616
HYOU1	0.2614329755306244	2.0658894889199413	0.5113051634488746
PF4	0.26068297028541565	3.6680611696279826	0.510571205573833
HBG2	0.2606563866138458	0.7135405620966835	0.5105451923519618
LINC00926	0.2603709399700165	1.2992521381697892	0.510265563467663
YBX3	0.2603674829006195	2.656652273346181	0.5102621730843024
AIM2	0.2602700889110565	0.9076957793413908	0.5101667172116342
ZNF354B	0.26009005308151245	1.7058838006408734	0.5099902578710535
EFCAB13	0.2599622905254364	1.1840230788307629	0.5098649749407027
MAP1A	0.25986340641975403	0.9231756214209443	0.5097679982598529
BICDL1	0.25952139496803284	1.746475497653201	0.5094324099816893
RNASEK-C17orf49	0.2594218850135803	0.5386148796798625	0.5093347372972975
LINC00665	0.25913408398628235	0.9971129762943677	0.5090521386570978
FTX	0.25867778062820435	2.266604413246286	0.5086037668792311
USP46	0.25857654213905334	2.084211033194458	0.5085042322263473
RGPD5	0.2585351765155792	1.4253365959244213	0.5084635562461972
CTSW	0.25840502977371216	4.1560777905343596	0.5083355479202065
SNURF	0.25836750864982605	1.4381838146297412	0.5082986318105696
TENT5C	0.25815021991729736	2.8151680185420305	0.5080848425943248
RHBDL1	0.25791415572166443	0.8789997192749118	0.5078524904493852
IGF1R	0.25787121057510376	1.6003327091078192	0.5078102027651779
IFI30	0.2577584683895111	1.3992879852024531	0.507699191418257
MCRIP1	0.2575322091579437	0.7925855888489106	0.5074763019660321
PAQR8	0.25737738609313965	1.4815115697995913	0.5073237540851053
ZNF43	0.25701406598091125	2.3457696593127486	0.5069655427471592
CDCA7	0.2569339871406555	1.4419337504211514	0.5068865585467688
ABCB1	0.2569175362586975	1.3740714887777965	0.5068703462247324
TMEM45B	0.2565104067325592	1.4162145883872592	0.5064685732161975
OCLN	0.2564941942691803	1.0421825744411497	0.5064525564468277
LINC00944	0.2564341127872467	1.1091837745117046	0.5063932372449085
ADAM28	0.25642725825309753	0.8267964970220552	0.506386460367848
ERAP2	0.25601914525032043	3.6297688237551986	0.5059833387232451
AVPI1	0.2559279501438141	1.392974773814395	0.5058932296460993
GSTM2	0.2555585205554962	1.0021296994211117	0.5055279706215597
MZF1-AS1	0.2555300295352936	2.50873473092514	0.5054997737526082
IER5	0.25548192858695984	2.416961995121163	0.5054522027617294
LAPTM4B	0.25530555844306946	1.1171149940326297	0.5052777056976626
PCNT	0.2549932301044464	2.0908682022058187	0.5049685519955336
SNX15	0.2544699013233185	0.6170788193228601	0.5044501093613112
ITGA1	0.2542842626571655	1.0862125434067058	0.5042660699187188
NUAK2	0.25423967838287354	1.6938317945633812	0.5042218618935741
IL18R1	0.25415703654289246	1.4568293112333708	0.5041399055684512
BRCA2	0.25396081805229187	1.3034873291907183	0.5039452454237506
ZNF484	0.2537177503108978	1.2224475196723281	0.5037040228362929
ITPKB-AS1	0.25345665216445923	1.4033201843842693	0.5034447880987335
CAVIN2	0.2531558573246002	2.8527707309101733	0.5031459683376288
PMCH	0.2531372606754303	0.32949109098577867	0.5031274776726937
LINC01891	0.2529396712779999	0.7039781023830289	0.5029310824921844
NGRN	0.2528740167617798	1.1285340410311104	0.5028658131368414
PRKX	0.25279930233955383	3.5973485534675276	0.5027915159307964
MCF2L2	0.2527683675289154	0.9957991652904342	0.5027607588890144
IRF1	0.25269627571105957	4.7166934223467365	0.5026890509234543
SPSB2	0.2526933550834656	2.0756434259286785	0.5026861384035317
SAC3D1	0.252325177192688	1.4611996191899894	0.5023197998505612
DDX47	0.25220027565956116	1.197041445650817	0.5021954467645092
CHPT1	0.25208884477615356	2.344043998425948	0.5020845107234481
ARRDC5	0.2516630291938782	1.4531334304033112	0.5016602734638891
POLR2J3	0.251606285572052	4.039594354300664	0.5016037176717479
ZNF585A	0.25158143043518066	1.2207995709103185	0.501578949831091
TCEAL9	0.25119268894195557	0.9586521347135419	0.5011912663693742
KRTCAP3	0.2511276602745056	1.185085437820789	0.5011264038332282
RIPK2	0.25099605321884155	2.5491860648224636	0.5009950695410096
ABHD16A	0.2505754232406616	0.842218317690937	0.5005750804955547
SYT5	0.25057151913642883	0.8077787136894533	0.5005711782323151
ZNF331	0.2501447796821594	3.6913256316349425	0.5001447534172476
DUOX1	0.25000980496406555	1.3516089939066276	0.5000097979165541
FCRL1	0.24981272220611572	0.7520186347865511	0.49981268411971275
FAM43A	0.24963848292827606	0.9895027350077684	0.49963835431831505
GPR160	0.2494574636220932	1.7604368724128752	0.4994571725375542
SAP30	0.24914656579494476	1.251811251215551	0.4991458320491936
NAIP	0.24863740801811218	2.112190855417215	0.4986355536926565
IFNG-AS1	0.24858824908733368	1.046754986276115	0.49858624979226457
TSPAN15	0.24851089715957642	0.9382028164648918	0.4985086759205674
NIBAN3	0.24848860502243042	0.8234412110628296	0.4984863063790695
NPIPB4	0.24837875366210938	1.0364642470960872	0.4983761111644947
CLU	0.24835868179798126	2.9271324749650627	0.4983559841060232
KRT73	0.24835607409477234	0.7442614714761346	0.49835335536620307
CA2	0.24830055236816406	1.2999519197648512	0.498297657962448
C14orf119	0.2481556534767151	2.614592450560281	0.49815224317751855
GTF2H2	0.24813906848430634	2.437915505577321	0.4981355976212166
ZFP36	0.2481161504983902	5.084180019824441	0.4981125840918677
FBXL8	0.248108372092247	1.8774784668652034	0.4981047727865665
MCC	0.247756689786911	1.242979587723012	0.4977516294765299
LCN2	0.24750277400016785	0.9687538483818828	0.49749650073221996
PERP	0.2472054660320282	1.9343292475660185	0.4971976134180729
GPR174	0.24707898497581482	1.101202639583427	0.49707039657046126
C12orf60	0.2470235526561737	1.236826706035384	0.49701464333718554
CEACAM21	0.24697573482990265	1.8452709592393532	0.49696654015992875
LINC02273	0.24689003825187683	3.1260043839385228	0.496880304117799
SH3PXD2A	0.2461780160665512	1.1933233235530927	0.49616329927393515
ELOVL4	0.24598942697048187	0.7703769893824369	0.495973209849869
TUBB4B	0.24582265317440033	3.1894765781716825	0.4958050483652449
CCZ1B	0.24570123851299286	1.9649825235436247	0.4956825913427691
SOCS3	0.24534259736537933	4.1900084402369355	0.49532070421169644
ZP3	0.24532270431518555	0.9564387548243862	0.49530061507374923
IL2	0.24526865780353546	0.6337433129377749	0.49524605599806115
PTGDS	0.2452680915594101	1.5780507274742783	0.4952454798737909
CARD8-AS1	0.24522526562213898	1.763178720899012	0.49520224669739515
MTFP1	0.2451217770576477	3.143899819403316	0.49509774397410866
HDAC9	0.24505554139614105	0.9202757806042602	0.49503084797294916
LRP1	0.2449728101491928	1.2141832723014656	0.4949472876289559
ZNF107	0.2444707602262497	2.2114305315803295	0.494439847199826
GADD45A	0.2442759871482849	2.8709746845837296	0.49424284929761947
CD69	0.24426227807998657	6.091119627386218	0.49422897126462295
GP1BA	0.2441757470369339	0.84453960493835	0.4941414201683846
MYO6	0.24415598809719086	0.9065664964389071	0.49412142632395734
RGS18	0.2440175563097	2.875872683936152	0.4939813325795269
ADGRG1	0.24391646683216095	0.8744303409966473	0.49387900342350183
NAP1L3	0.24343419075012207	1.299505142530719	0.4933905028841958
PPIL1	0.24334855377674103	1.7727436210917331	0.4933037195583246
ALKBH8	0.24314816296100616	1.277005387791272	0.49310056336192587
GIMAP8	0.24259376525878906	1.9066899418830872	0.49253808492804596
MT2A	0.2425537258386612	5.162386704221996	0.49249743187106304
RELL1	0.24239009618759155	1.170166679725793	0.49233129373185003
SETD9	0.2423187643289566	1.3492365961330604	0.49225884362962
ANGPT2	0.2421923726797104	1.6153086314256164	0.49213044012874874
MT-ATP8	0.24207445979118347	2.8678802050849943	0.49201063478853063
LINC00987	0.2419610172510147	1.146338583294916	0.4918953270366601
ZNF564	0.24189873039722443	1.1965115846801992	0.49183200968273005
CR1	0.24185651540756226	1.0102768856104307	0.49178909491883355
AFAP1	0.24175502359867096	1.2745968036039579	0.49168590648050886
WASHC2A	0.24158915877342224	1.5819531386839476	0.4915172066782023
LY6E	0.24157080054283142	5.6498423189038975	0.49149853069168453
ACCS	0.2411896288394928	1.1440079007797315	0.4911106037864745
ARL17A	0.24112501740455627	2.332987686226651	0.4910448286878307
CAPN12	0.24090303480625153	1.4194565303480944	0.49081873963683315
LGALS3BP	0.24065335094928741	3.3815472034658964	0.4905643223843024
HEXIM1	0.240437313914299	3.1991957362127486	0.49034408209230645
VAV3	0.2401770055294037	1.7183215661523898	0.490078569013467
ZNF510	0.24003379046916962	1.2773001615343422	0.4899324394489497
MIR181A1HG	0.23974038660526276	1.8424615394109967	0.48963290876129884
ZNF749	0.23967954516410828	0.7517771145393108	0.4895707690682133
HOPX	0.23960109055042267	3.187473747008605	0.48949063645727947
TNFSF14	0.23949338495731354	0.8761366075368676	0.48938060805157585
KLRC4	0.23876352608203888	0.7873145346440574	0.48863435565369284
PGBD4	0.23857362568378448	1.7095431009471644	0.4884399858077216
LIMS2	0.2385408580303192	1.4188557678255542	0.4884064490629627
EXOSC6	0.23835138976573944	2.0420188625196842	0.48821244283546905
POLA1	0.23818078637123108	1.3289396122269246	0.48803768230821254
ZNF92	0.23797138035297394	2.5379686136355346	0.4878231046126691
ZNF441	0.23795086145401	1.2325686888904863	0.4878020694758936
IL24	0.23785246908664703	0.5227199051229433	0.4877012158799307
LANCL2	0.23752838373184204	1.0331462846633575	0.4873688419466048
LINC00309	0.237463116645813	0.5744431846386171	0.4873018771556971
GP9	0.23740290105342865	1.243758713262748	0.4872400909497334
CEMIP2	0.23692689836025238	3.429965698856047	0.48675137479023783
TMEM121	0.23674143850803375	1.2430845017177392	0.4865608273967742
LTK	0.2366492599248886	0.5466391382546261	0.4864660939961614
PPP2R2B	0.23664741218090057	1.0505016118402226	0.48646419486931497
IL4I1	0.23660990595817566	0.6265460293297567	0.4864256431463342
CYB561	0.2364121377468109	1.999143715105751	0.4862223125998194
SYNGR1	0.23629948496818542	1.2230847860433132	0.48610645424784493
YES1	0.23625986278057098	1.3250371354749833	0.48606569695443097
CPT1A	0.23617760837078094	1.992181333545524	0.48598107252979306
JUN	0.23603355884552002	6.301063692889451	0.4858328558081124
CALHM2	0.2359805554151535	1.5582434839900883	0.48577830439527125
IFITM3	0.23592059314250946	4.198020417114784	0.48571657041649896
KRT2	0.235801100730896	1.053733145939436	0.4855935548682131
BCL2L15	0.23576116561889648	0.6322403696304993	0.4855524280789152
FBLIM1	0.2357534021139145	0.8846358401108518	0.4855444360845132
ACRBP	0.23572060465812683	2.030669505797127	0.48551066050028
RTN1	0.23550185561180115	0.7391202642771476	0.48528533538469437
LRRC37A2	0.23550046980381012	1.4955148233307733	0.48528391345527894
CCDC144NL	0.235321044921875	0.5665581435307689	0.4850990054967946
ZNF184	0.23531067371368408	1.3596534065588224	0.48508831992614887
GNAI1	0.23530253767967224	0.8027209668095541	0.4850799225089264
SARDH	0.23529542982578278	1.3284870032149714	0.485072604233537
ITPRIP	0.2350744903087616	1.4369769679860593	0.4848448048974205
DAB2	0.23500552773475647	0.9403898735384375	0.4847736881691514
PCK2	0.2348862737417221	1.4252482971240734	0.48465067910263104
CTSL	0.23454956710338593	1.753315054022946	0.48430317694686004
FRAT2	0.23451432585716248	1.3288370068274238	0.48426678784331434
KCNQ5	0.23432014882564545	0.5527125827654111	0.4840662603979987
KLRC1	0.23428486287593842	1.023038684636697	0.48402981999720424
EML2-AS1	0.23428446054458618	0.9958170293277251	0.4840294001117198
TNFRSF10D	0.23427291214466095	0.9760160772736501	0.48401746759837755
TMEM220	0.2342706322669983	1.142591487573481	0.48401511761706345
LINC01772	0.23417116701602936	1.2339588382006605	0.48391235388849513
CDK5RAP2	0.2337532788515091	2.6209335578355755	0.4834803884403672
LINC02802	0.23374007642269135	0.8582026378405049	0.4834667235225784
CD58	0.23337587714195251	2.5582559679659846	0.4830899215522896
IRF8	0.23333603143692017	1.7367882443113802	0.48304868303588044
CASS4	0.23316994309425354	1.030361588601865	0.482876731748862
LINC00863	0.23316451907157898	0.9167833070759572	0.48287111583255965
CD38	0.23300166428089142	1.6500133727017035	0.48270245341387746
CYTOR	0.23295530676841736	3.7147668312335838	0.48265444573146105
GTSF1	0.23292462527751923	1.516419200833273	0.48262265629556816
KIF5C	0.23281864821910858	1.4411732927821148	0.4825128546098767
CSRNP1	0.23270587623119354	2.918224900618367	0.48239597376342036
ZNF407	0.232465922832489	1.8341132581690718	0.48214719431506686
PRRG2	0.2322213053703308	1.0621245427492478	0.4818934544782562
RAB24	0.23190458118915558	1.6933300460892162	0.4815647209860827
TPRG1	0.2315978705883026	1.0076056361426795	0.48124616027209416
MAN2B1	0.2315368801355362	1.4545250122802924	0.4811827912991866
PHLDA2	0.2314714938402176	1.0630495931339448	0.4811148413218688
XRRA1	0.2313053011894226	3.00718657267048	0.4809420909693839
PHACTR1	0.23118530213832855	1.0241545309737268	0.48081732146767164
PLEKHA5	0.2311277538537979	1.2404813320586507	0.48075748397444407
VSIG10	0.2310127317905426	0.7523065684398929	0.4806378361735452
CDC14A	0.23094972968101501	2.9949088288449692	0.4805722895346081
BMERB1	0.23087450861930847	0.8089142511402511	0.4804940186876493
MRPS24	0.23074449598789215	1.439886784644876	0.48035872336817387
TRIB1	0.23059003055095673	1.163474490816109	0.4801979036566709
MAN1A1	0.23026666045188904	1.4077915432809414	0.4798610868435616
SIGLEC1	0.22996501624584198	0.7838072212434363	0.47954667845206594
LTC4S	0.22976820170879364	0.8820095033709574	0.4793414273481289
OLFM2	0.22965875267982483	1.2797777893671132	0.47922725309901854
LILRB3	0.22930094599723816	0.9974912423283661	0.4788537771075646
PLEKHA8	0.22924739122390747	1.2404222951995	0.4787978627093632
MEG8	0.2291988879442215	0.6561576248471308	0.4787471994271769
ZDBF2	0.2291042059659958	1.461634271788871	0.47864831776729444
PHGDH	0.22904443740844727	1.1620523744616016	0.4785858756619156
SC5D	0.229001984000206	2.725478811282308	0.47854152051162313
FBF1	0.22898128628730774	1.5640483548814765	0.4785198985481266
KLRG1	0.22896936535835266	3.0652813285703404	0.47850742949117275
COPG2	0.22886458039283752	1.1242233405738955	0.4783979313139217
MX2	0.2288573831319809	3.5154447327171705	0.4783904066323788
KANK1	0.2286631315946579	1.2858708080660795	0.4781873341504236
RHOBTB3	0.22863996028900146	0.6857965504072635	0.4781631125732603
ITGA2B	0.22858072817325592	1.2539423454081875	0.4781011653605187
AKAP5	0.22854435443878174	0.9215182765918674	0.4780631296785016
HSD17B14	0.22834549844264984	0.9383541409254531	0.47785510244083945
FER	0.22825519740581512	1.5920920608372524	0.4777605991965536
NFKBIA	0.2280930131673813	5.659861855123235	0.4775908460490021
ADAM19	0.22799688577651978	2.3610352179556515	0.4774901867984483
GCNT1	0.2277681529521942	0.8504935490445615	0.47725061367171406
RORC	0.2276884764432907	0.5943147805002	0.47716713295881386
GCAT	0.22748881578445435	0.9885633297806955	0.47695786892316566
LINC00910	0.2274646759033203	1.292081969793729	0.47693256502914794
AFF1	0.22730423510074615	2.695740166751818	0.47676433756801534
DIPK2A	0.22729532420635223	1.58818629521063	0.47675499843275176
MAVS	0.22714310884475708	1.4226497601275243	0.47659533320058534
DUSP8	0.2270975559949875	0.8684820059501348	0.47654753546721573
PDK1	0.22701618075370789	2.955702175582506	0.4764621521554631
PIBF1	0.2270035296678543	2.993137170071803	0.4764488806880543
IKZF4	0.22696907818317413	0.9814823454823988	0.4764127112813651
RNF187	0.22688481211662292	2.802917096349928	0.47632427570285196
ADAMTS6	0.22656427323818207	1.4210107746708895	0.4759876782151362
EREG	0.22637833654880524	0.9818710828078661	0.47579231808891087
IL2RA	0.2256469875574112	2.8458607575902537	0.4750231479230997
TM9SF1	0.2256029099225998	1.297186739371654	0.47497674183675337
TCEANC2	0.22550620138645172	1.7306640894933678	0.47487493982443124
FKBP5	0.22549742460250854	3.997249068885014	0.4748656970475957
GPRC5D-AS1	0.22545702755451202	0.46335425119404594	0.4748231529825743
SAMD12	0.22544395923614502	1.490162283067959	0.47480939818960954
TCAF2	0.22541341185569763	1.608558192221141	0.4747772184534258
STAP1	0.22536282241344452	1.3553435512429453	0.47472394589941314
SPECC1L	0.22525575757026672	1.601098400194526	0.4746111689588119
LIMD1	0.22520530223846436	1.2093477351912136	0.4745580013095186
STAT1	0.2251605987548828	4.277952363207879	0.47451090172166477
TTC4	0.22509995102882385	1.3854227691774623	0.47444699843882154
APOL1	0.22499366104602814	1.8129608617431816	0.47433496332608804
FLVCR1-DT	0.2248607724905014	1.374078483074561	0.4741948678081345
SMARCAD1	0.22481001913547516	2.5615668584560525	0.47414134894448
ZNF718	0.2246764898300171	1.2522168777226488	0.47400051316096226
MIR22HG	0.22465063631534576	1.5543469324194152	0.47397324555853493
COL6A2	0.2244383543729782	1.1901663843242603	0.4737492460604028
METRNL	0.22439372539520264	1.3593044548199094	0.4737021454262902
NREP	0.22420987486839294	0.8093272780435752	0.47350804471462626
B3GALT2	0.22405174374580383	0.6071870609033153	0.47334104923226755
RGS3	0.22380490601062775	1.038232576573032	0.4730802268743643
IGLL5	0.22378529608249664	2.7547540500246246	0.473059512527964
ALOX5	0.2237686812877655	1.5955540245520201	0.47304194531077015
BCL11A	0.22376422584056854	0.9839809940007455	0.4730372346142631
LDB1	0.22368094325065613	1.427303897352511	0.4729491978706157
ZHX3	0.2236633151769638	0.7627163881657224	0.47293056281201723
KIF13B	0.22355917096138	1.5999945057306253	0.4728204366433184
MAFB	0.22351129353046417	1.5660658672851622	0.47276980832495274
ZNF85	0.22345952689647675	1.2612735452094754	0.4727150659647304
LINC01641	0.2233666479587555	0.4519303902355647	0.47261680480710405
TAFA1	0.22317197918891907	0.9872461467182042	0.4724108103880141
ZNF141	0.2230992466211319	2.003045362759367	0.4723338301453158
DDN-AS1	0.22307376563549042	1.06063061198969	0.4723068587428491
BEND5	0.2230355143547058	1.040793520737425	0.472266366328227
PLEKHG3	0.2229432612657547	1.1699616339243235	0.4721686744666613
NSF	0.22284117341041565	1.9182916326997836	0.4720605652512584
MAF	0.22273017466068268	3.0424279422138842	0.47194298477796026
ZNF154	0.2227102667093277	0.7444637438632062	0.47192188830412646
NPC1	0.2226160615682602	1.3660572295673048	0.4718220723128883
ATP6V0C	0.2224799543619156	0.6430984180549095	0.47167780495280603
HLA-DRB5	0.22230488061904907	2.948565675381043	0.47149219128052117
HEMGN	0.22230292856693268	1.664131102890804	0.47149011400012364
ZNF681	0.2222670614719391	1.4342558540375296	0.47145208479348605
PTGS1	0.22208112478256226	0.9893867221029325	0.4712548385264838
HIVEP1	0.22197690606117249	2.262663582504024	0.4711442542654355
SLC12A6	0.22197355329990387	1.4839866573554803	0.47114068665042597
CCDC171	0.2218727171421051	0.9162537596577429	0.4710336750248314
SDR42E2	0.22185900807380676	2.8923137642414636	0.4710191197947084
EEPD1	0.22184190154075623	1.8280378248956468	0.47100095994715974
ZNF649	0.22182445228099823	1.03932247924622	0.47098243042107263
SH3BGRL2	0.22174914181232452	1.131491942081415	0.4709024827759164
SLC35E2A	0.22169364988803864	1.133771953226506	0.4708435488516452
SLC38A7	0.22163142263889313	1.312565827506712	0.47077745962114625
CXCL2	0.22128990292549133	0.6428333740124758	0.47041461455308814
SPATA6L	0.2211487889289856	0.7580174125474075	0.4702645915562176
APOA1	0.22096577286720276	1.0316967232245595	0.47006996435476783
F13A1	0.22096367180347443	1.832451095754616	0.4700677269573513
ADORA2A-AS1	0.22092139720916748	0.7670120306855417	0.470022765242471
PTMS	0.22083310782909393	1.4002361156017844	0.469928837476059
PDPR	0.22051839530467987	1.0739718478073106	0.46959386572202305
RAVER1	0.22044909000396729	0.9225642370538236	0.4695200639165324
NR2C2	0.2204258292913437	1.0303773528314641	0.4694952985129332
PRR5L	0.2204187512397766	1.0756221120727474	0.4694877462772673
WNT7A	0.22031350433826447	1.8909307875852475	0.4693756558712912
PLCL1	0.22026857733726501	1.915387225904684	0.46932779496257493
MICAL3	0.22017227113246918	1.4305435181577544	0.469225180689517
TOB2	0.2200276404619217	2.379423531079201	0.46907104428330504
MTUS1	0.2199794352054596	1.4276886900951122	0.46901965969684173
FRY	0.21996064484119415	1.2883782821254255	0.4689996215145538
TMEM64	0.21982760727405548	1.147636691957598	0.4688577752325416
LOH12CR2	0.2198079228401184	1.073652834385291	0.4688367819338284
TSPAN2	0.21976329386234283	1.8608369054237088	0.4687891794943149
SYNE3	0.21949322521686554	1.7601239470001382	0.46850104327046105
FPR1	0.21938994526863098	1.4991715091398392	0.46839081147450795
BCL7A	0.219272643327713	1.697533481308327	0.4682655623882103
LETM2	0.21917153894901276	1.1341373008101379	0.46815759322723
MDC1	0.21887826919555664	1.4393990072939131	0.46784427865941663
FAM153CP	0.21868383884429932	0.6475471265585486	0.46763643111157255
GAS7	0.2185494303703308	1.041329514021161	0.4674927129886825
GGT1	0.2185257375240326	0.8542408094209729	0.4674673659836101
RIPOR3	0.2184145301580429	0.73569774193782	0.46734840973154984
SPRY1	0.21841388940811157	1.5269688409521205	0.467347715201806
SYK	0.2182053178548813	1.273867895434186	0.4671245137972563
ZFP30	0.21819961071014404	0.8583498045059913	0.4671184086931368
LINC01678	0.21802593767642975	1.64404459074996	0.46693247755715633
SLAMF7	0.21801291406154633	0.8517945972895714	0.46691853682164064
ARHGEF12	0.21800415217876434	1.0765296213357385	0.4669091476866164
CARMIL1	0.2179969996213913	1.6339380900978586	0.4669014946977965
ECRG4	0.21794405579566956	1.5083713768999238	0.46684478381754024
RPL17	0.2179247885942459	6.853249018219696	0.4668241592124141
TVP23B	0.21791589260101318	2.0245804505786675	0.46681462816506997
TNFRSF10A	0.217911958694458	2.0304952693168232	0.4668104033412122
CCDC141	0.21767595410346985	2.0982773925152776	0.46655756461296094
TCF4	0.2175436019897461	1.0423793092769682	0.4664156891097045
ITGAX	0.21751566231250763	1.3342034910373761	0.4663857447141534
GCNT2	0.21745161712169647	1.209399378162691	0.4663170801237551
SESTD1	0.2174186110496521	1.1324433030068188	0.4662816824830138
DUSP2	0.21728907525539398	4.557862266270137	0.4661427632644368
PALB2	0.21727684140205383	1.4276094760931315	0.46612963461716495
POLH	0.21725694835186005	1.3889193039287553	0.4661083008695093
CSF1R	0.21692673861980438	1.1791623868476386	0.4657539481929596
KCTD21-AS1	0.21655890345573425	0.8486436016258152	0.4653589005115166
CKS2	0.2165205478668213	2.113185690280578	0.46531769045594995
FAM184A	0.21650443971157074	1.1742677240992871	0.4653003726612127
LGALS3	0.21650096774101257	3.1105100670080077	0.4652966443802933
C2orf88	0.21640843152999878	1.3349688276933984	0.46519719539751664
CEP192	0.21639521420001984	1.918913126448562	0.465182983942291
ACOT4	0.2163361757993698	0.8912604033832806	0.4651195222293664
CSRNP2	0.2163243591785431	1.1384110701951944	0.4651068209686435
GOLGA7B	0.21628384292125702	1.244374452422862	0.4650632669968062
CHST7	0.21627667546272278	1.433859118556611	0.46505555748228733
LINC01588	0.21620841324329376	1.8572152470491856	0.4649821570007456
SQLE	0.21620360016822815	1.8751411385463115	0.46497698793509845
GDPD5	0.21618373692035675	1.3187121156303363	0.4649556230999661
SBF2	0.21601536870002747	2.43380763201878	0.4647745405767426
FAM53C	0.21583044528961182	2.6215757821254804	0.46457555228529207
MICAL2	0.2157628983259201	0.9321106216688265	0.46450284789918583
GRAMD2B	0.2156793773174286	1.3929015571586931	0.46441293527316146
EGLN3	0.21566958725452423	0.7560938952412185	0.4644023899991254
BIK	0.21565121412277222	1.1267445722873184	0.46438261879996695
HECW2-AS1	0.21564631164073944	1.7656563002030967	0.4643773452558856
DUSP1	0.21552735567092896	6.010374321334663	0.4642492376013615
MARK2	0.21551407873630524	2.320229645433097	0.46423494348430466
RETN	0.21550744771957397	1.6912126988743457	0.4642277965435753
MS4A1	0.21534381806850433	2.2122605141552016	0.4640515266860201
P2RY11	0.21531979739665985	1.1685497403373206	0.4640256503768528
AARS2	0.21530267596244812	0.8477150646548618	0.4640071961927876
SLC22A17	0.2152419090270996	1.1482381760160585	0.46394170479322633
KLRF1	0.21523892879486084	1.621139604013085	0.46393848875636323
RPS6KL1	0.21521598100662231	1.099397897720337	0.46391375879798974
MRPL38	0.21517887711524963	1.6701512558250136	0.46387376541432696
NDRG1	0.2151201069355011	2.2411229562485353	0.4638104265955845
ELOVL6	0.21508774161338806	0.8259786822444177	0.463775531336731
ADRB2	0.21505744755268097	1.1037880649283471	0.46374286819889954
NET1	0.21489101648330688	1.5557657280415866	0.46356338256096447
CPNE7	0.2148474007844925	0.6449031937168019	0.46351634075584314
JUNB	0.21469825506210327	7.2399247871048145	0.46335543217102326
ATP1B1	0.21464625000953674	1.0643913298274366	0.46329931200875596
ENDOD1	0.21459589898586273	1.6059959422354497	0.4632449707912699
RNF19A	0.2145603597164154	3.860408254053401	0.46320661072253005
SNRPN	0.21454448997974396	2.465799873816099	0.46318948297523654
KLHL5	0.2145252674818039	2.1707670341506313	0.46316871672341137
ENPP4	0.21436427533626556	1.4551223176192507	0.462994897680366
RDH5	0.2141999453306198	1.496060096669471	0.46281740497553636
ZC3H12D	0.21415528655052185	2.2560441274752563	0.4627691454080407
SULT1B1	0.2140037566423416	2.1467608703278946	0.4626054019375405
TPO	0.21398478746414185	0.4143883006154806	0.4625848985671735
DUSP6	0.21382306516170502	1.9635306400357535	0.46241006314179406
IRS1	0.213796466588974	0.5980840508622685	0.4623813016218829
SYCE1L	0.21372902393341064	2.342905459047734	0.46230837144477516
SLC35A5	0.21361909806728363	1.4600524924038927	0.4621894646535273
TMEM40	0.2135634571313858	1.0297652376794266	0.4621292652688842
KLHL11	0.21350497007369995	0.8128411621426257	0.46206598821285205
DNAJC3-DT	0.21339061856269836	0.9800460716545354	0.4619422289887804
PAFAH2	0.21332374215126038	1.2085048019657647	0.4618698397761601
LCLAT1	0.21326419711112976	1.9688602939419362	0.46180536436465314
DOP1A	0.2132430374622345	1.5430134469750283	0.46178244921257094
SH2D1B	0.2132326364517212	0.7052936663572815	0.46177119687203455
MYO18A	0.21313582360744476	0.7962705233773052	0.46166634855047306
KCNQ1OT1	0.21311341226100922	2.6891893230635544	0.4616420884869616
BICD1	0.21310314536094666	1.658440441464099	0.46163096739969667
PNPO	0.21302834153175354	1.2436685675177082	0.4615499414945128
DISC1	0.21297986805438995	1.3215685366899117	0.4614974143489022
SIK3	0.2129434496164322	2.1112848739514405	0.46145795932327377
LINC00426	0.21291784942150116	1.889087785249469	0.46143022858776933
ARHGEF40	0.21285460889339447	1.015440741432581	0.4613616874381291
THRA	0.21272067725658417	2.6960730813015465	0.46121652650282674
TMEM184C	0.21271799504756927	1.2971009108526954	0.4612136078823275
ZNF439	0.2126750499010086	2.1201921137356665	0.46116704910958184
ZNF426	0.21250982582569122	1.330862316477801	0.4609878816459589
DTX3L	0.21249356865882874	2.507708269974281	0.4609702496051567
SETD7	0.21243882179260254	1.9152250285349586	0.46091085960532796
TMEM244	0.21237987279891968	0.46745797623505536	0.46084691496690366
ADAM23	0.21227161586284637	0.6378809664669621	0.46072944004652383
NRTN	0.21222709119319916	0.9666487540892714	0.4606811116119729
TRIM23	0.2120944708585739	1.896693108639041	0.4605371571918437
MAP3K7CL	0.21206630766391754	3.0782794303820964	0.4605065713478498
C1QA	0.2119637131690979	0.890022508428928	0.460395169839506
CD151	0.211937814950943	2.2563805315229626	0.4603670463137181
CNN3	0.21193161606788635	1.1169201923512864	0.46036031515387327
MBNL3	0.21189391613006592	1.4577703259000376	0.46031936981853
CCR2	0.21168814599514008	0.6822869320082482	0.4600957963202258
TCEAL2	0.21167296171188354	0.6841682606729967	0.460079291448744
CERS6	0.21166345477104187	2.303981906609517	0.4600689593126663
LLGL1	0.2116568684577942	0.8681174405061879	0.46006181336473506
RASGEF1B	0.21152450144290924	1.6860368091941336	0.45991793359581634
TUBB1	0.2115059643983841	2.4649278779596204	0.45989777983465013
ZBTB6	0.211457297205925	1.1127212563693751	0.4598448553400944
HRH2	0.2113879919052124	2.0605402655071683	0.4597695049266502
TANC2	0.2113809585571289	1.1985414410687953	0.4597618520933719
SRGAP3	0.21136455237865448	0.7767000764722568	0.4597440051762407
MAP4	0.21135805547237396	3.0939209776363152	0.4597369487994978
TGFBR3	0.21132446825504303	1.7395768956891422	0.45970040446504995
ZNF273	0.2113037109375	1.7052605639700689	0.4596778320036672
METTL13	0.2112990915775299	1.5900998818920034	0.45967281731817083
HOXB2	0.2112286537885666	2.865642279957446	0.4595961776222053
IRF4	0.2111099809408188	1.2284943383772255	0.45946706248306046
LINC01825	0.2110007107257843	0.877215422318813	0.4593481383827731
TRIM61	0.21095091104507446	0.9768495308485068	0.4592939276368296
PLCE1	0.21094995737075806	1.2776888188731168	0.4592928867525758
SYTL2	0.21079693734645844	1.8928189132633795	0.45912628267940736
SPDL1	0.21079017221927643	1.4357523901024083	0.45911890513266
ATF7IP	0.21078719198703766	3.5451753842876332	0.45911565812905847
ZNF486	0.21078184247016907	0.9056136950108283	0.45910983768318314
EFCAB2	0.21076355874538422	2.4580261097557243	0.45908993155073735
LINC02580	0.21066445112228394	0.8111231211158965	0.45898196783395273
RGS12	0.2106202244758606	1.0931455804698769	0.45893379177949667
ZNF773	0.21055519580841064	1.0292983515280874	0.45886293124732325
ARHGAP24	0.21047501266002655	0.7041498448885264	0.45877555309241735
FMNL3	0.2104576677083969	1.3146086673170214	0.45875665096740326
HAR1B	0.2103203684091568	0.9946015997293809	0.4586069798499415
UBE2E2	0.21027232706546783	1.8288694229619256	0.4585546125856769
WEE1	0.21026566624641418	1.0486549062518782	0.4585473373165217
POMC	0.21025963127613068	2.108645376574491	0.4585407702532155
THBS1	0.2102266401052475	1.4741823315848792	0.4585047830232841
MIF-AS1	0.21018263697624207	0.8433828054716761	0.458456792380198
ZNF257	0.21010060608386993	0.8761798272986978	0.45836732631285276
DLG3	0.2100779116153717	0.9684725479718825	0.45834257013518626
ETFBKMT	0.21004600822925568	1.597030251875691	0.4583077633601433
LGALS9	0.20999778807163239	3.0555078362139705	0.4582551611661424
MAP2K4	0.20996469259262085	2.0453975767011388	0.4582190409315464
NT5E	0.20995467901229858	1.2277066590000387	0.45820811956463453
MTO1	0.20989833772182465	2.4549761318612373	0.45814663346991397
CHST2	0.20984037220478058	0.9682492488188762	0.4580833759689456
ROBO3	0.209807887673378	1.3789732298631778	0.4580479052373072
GADD45B	0.20972749590873718	4.581412002958101	0.4579601449918502
RNASEL	0.20962736010551453	1.3562394310916521	0.45785080831841557
NFKB2	0.2095804512500763	2.7152232214865557	0.45779957202117744
ZNF432	0.2094506472349167	1.1261364909538365	0.45765778610974495
GPR82	0.20942731201648712	2.8686772484432237	0.4576322916173013
PTCRA	0.20937281847000122	1.0175443621659188	0.45757274946622806
GOLGA1	0.20918168127536774	1.718487466888866	0.4573638416240163
EPB41L2	0.20916736125946045	1.4873839459200016	0.4573481873667586
BTBD9	0.20914645493030548	1.4964658241162354	0.4573253340919806
ZNF189	0.20913735032081604	1.0299192887384774	0.45731536625343294
SESN1	0.20910796523094177	2.7615803009705524	0.45728323680035676
CEP19	0.20901457965373993	1.1718493617814163	0.4571811246790084
RAB3A	0.20894061028957367	1.1302571699765451	0.457100212951166
MNDA	0.2088967263698578	2.8914670359585934	0.45705220963052645
STAB1	0.2088276594877243	0.9962648940611616	0.45697665385522285
MBLAC2	0.20877216756343842	1.049993241198675	0.4569159374109535
UTP14C	0.20872044563293457	1.0754283346892317	0.4568593228469795
PLEKHH2	0.2087065577507019	0.7227721773801635	0.45684413209446506
PDE4B	0.20867598056793213	3.6620103536437756	0.45681066537750914
FOLR3	0.2085774689912796	0.6864145995328252	0.45670282775587234
SIRT1	0.20855021476745605	2.04403034092366	0.4566729816518722
ERC1	0.20854216814041138	2.490892313449319	0.4566641773452907
TMEM67	0.20853793621063232	1.696943875587763	0.45665954092786665
CCDC142	0.2085169404745102	0.9443820370111429	0.4566365556834831
MNT	0.20848199725151062	1.8548960783929203	0.45659828116153106
FN3K	0.20833012461662292	0.6476306512780573	0.45643195205132725
PADI4	0.2083248496055603	2.0288237657583537	0.4564261703650382
SHPK	0.2083243429660797	0.7573842562706534	0.45642561564150963
IQCN	0.20829202234745026	0.7135886574499452	0.45639020326092006
SMCR5	0.207987979054451	1.4804872450243924	0.45605698966398384
CHML	0.20785148441791534	1.4136789854458922	0.45590731375273413
BACH1	0.2077745646238327	2.4653875028493304	0.4558229554828491
LINC02693	0.2077586054801941	0.9996465693488432	0.4558054390908461
CENPQ	0.20750975608825684	1.3732225280611907	0.45553239167190396
HBEGF	0.2072911411523819	1.2847151726598485	0.455292372075572
MLKL	0.20714960992336273	1.9565488214237023	0.45513690578753274
PRF1	0.20709052681922913	2.670885262818172	0.4550720090433294
MYBL1	0.20707882940769196	2.2108854466471177	0.45505914982951173
CX3CR1	0.20701873302459717	0.8620259358165822	0.4549931059389472
TRIP6	0.20699095726013184	1.3061800237131302	0.45496258271851425
SMAD7	0.20691560208797455	0.8667202669541955	0.4548797720557346
HEATR3	0.20687462389469147	1.4341568933136162	0.4548347185457655
CCDC180	0.20684503018856049	1.096638058108845	0.4548021896830497
TNFAIP8L2	0.20684343576431274	1.849658942770684	0.45480043429054584
CXCR5	0.2068299502134323	1.001921385298287	0.45478560798573353
PIK3AP1	0.2068135142326355	1.356176057994594	0.4547675376690332
ZNF557	0.20680929720401764	1.290563968863067	0.4547629051893876
CENPN	0.20672574639320374	1.1523938978312116	0.4546710359327689
FAM41C	0.2066962718963623	1.5070458552960693	0.4546386196294829
SLC7A5	0.2066856324672699	1.0375841416960931	0.4546269186085835
CRYBG1	0.20666110515594482	3.1780524929821263	0.45459993205462534
CMTM5	0.2065126597881317	1.0997391232928098	0.45443664326174205
SHROOM1	0.20635564625263214	0.6768412499249666	0.4542638576403691
HYKK	0.20602211356163025	1.255755026906843	0.4538965815414279
TBK1	0.206018328666687	2.1044333104429573	0.453892422583084
ENC1	0.2060038447380066	0.6452526483270857	0.45387645772896307
GTPBP1	0.2060013860464096	2.4230668131419066	0.4538737551745028
WDR86	0.20585177838802338	1.221572799529609	0.4537089160394163
DPYD	0.20582689344882965	2.8680258349897305	0.4536814904240288
ZNF324	0.2057749629020691	1.6841825152037244	0.453624259305736
KIAA0753	0.20561310648918152	1.0371752440130118	0.45344581431197534
CES1	0.2055666744709015	1.3264367361178344	0.4533946190613723
LIPT2	0.20542195439338684	1.585495787105341	0.45323499405677525
AKR1C3	0.20535629987716675	1.3750558486386735	0.4531625569402287
REC8	0.20534780621528625	1.812832798994364	0.45315317802987426
EDARADD	0.20515835285186768	0.7639744176147542	0.4529440927472469
RPRM	0.20514409244060516	0.2835173951997154	0.4529283504764148
GATD1	0.2051321268081665	1.8824812041388617	0.4529151490837312
SYNE2	0.2051182985305786	4.677940247159351	0.4528998740310446
TOE1	0.2050267904996872	2.1154595024284277	0.4527988331707717
ARHGAP18	0.2050076723098755	1.8268869363941909	0.4527777271668512
ZNF445	0.2049592286348343	1.4659022167039557	0.4527242359785883
ALMS1	0.20486925542354584	1.5690483402931827	0.45262485357781823
SLFN12L	0.2048616111278534	2.8540590987808403	0.4526164026368697
ZNF384	0.2048545777797699	1.3396080718643364	0.4526086371671524
POMZP3	0.20483458042144775	1.1462093829195161	0.45258654334472764
TNFSF10	0.20480510592460632	3.832019679847805	0.4525539810112925
NIN	0.20475104451179504	3.498553991317749	0.45249425605889454
CD19	0.2047184407711029	0.8281056563516229	0.4524582180797878
KIF3B	0.20467883348464966	1.681764124453753	0.45241445544292186
NFE2L3	0.20467659831047058	0.9825231723515924	0.45241198501421986
ZNF793	0.2046709954738617	1.4303129189772623	0.45240579228313793
PTPDC1	0.20457376539707184	0.8483201755189348	0.4522983105320387
NBPF3	0.20448072254657745	0.804265416787502	0.45219544461716066
ZNF181	0.20443138480186462	1.6577000085878189	0.4521408836678825
MXRA7	0.20436471700668335	0.5832127493973893	0.45206715393169594
INTS5	0.2043428272008896	1.3505723111017454	0.45204295116000925
TNFAIP8L1	0.2042742520570755	2.1519189374200227	0.451967085159446
UBXN7-AS1	0.20422430336475372	0.9718557110919807	0.4519118308646362
CD86	0.20421510934829712	1.2441855139202542	0.45190165501605933
CACNA1I	0.20420581102371216	0.9004464481182939	0.4518913789201032
PCSK1N	0.20408503711223602	2.7194077269784334	0.45175772618527066
TDRD7	0.2039802372455597	0.915672230652009	0.4516417141913686
SGPP2	0.20397105813026428	0.8182094254712949	0.45163155758708534
ZNF605	0.20396031439304352	1.4131553987205256	0.451619655303247
IFFO2	0.20391860604286194	1.0504979719033187	0.4515734788752595
THEM6	0.20385991036891937	1.8277554312199924	0.4515084843146072
USP6NL	0.2038540095090866	1.1178137789626688	0.4515019541078722
SNED1	0.20383186638355255	0.734089109632704	0.45147742351402076
ITPR2	0.2037460207939148	2.455339001056335	0.4513823495562907
MBTPS2	0.2037254273891449	1.3214067678570292	0.45135953773323334
APBA2	0.20359313488006592	3.099014278572638	0.45121296133055344
ZFAT	0.20356392860412598	0.716443213809039	0.4511805985541436
PPP1R15B	0.20355837047100067	2.517355871383258	0.451174430177532
NR4A1	0.20353053510189056	1.8382613217008525	0.451143583114006
CCDC122	0.203462615609169	0.9399329085916395	0.4510683035803202
TRIM66	0.20332862436771393	1.1492111943233971	0.45091976054801675
TUBGCP2	0.20332328975200653	3.381465471567322	0.4509138398258413
MASTL	0.203251451253891	1.4439932834142926	0.45083417102677187
RPP40	0.20313741266727448	1.3435097471507573	0.4507076820954054
GPR18	0.20312276482582092	2.0354009195305833	0.45069143023389585
CUBN	0.20309634506702423	1.0786024395990188	0.45066212394078436
DSC1	0.2030790150165558	0.5647276996481464	0.45064289866334706
SPINT1	0.2030399590730667	0.8639807768765537	0.4505995549698762
RPP21	0.2029789686203003	2.647187364969217	0.45053187930430544
LEAP2	0.20291851460933685	1.5682081523069478	0.450464774319203
ZFHX3	0.20290865004062653	0.9656105008390214	0.4504538233425111
FCER2	0.20276574790477753	0.9278768479709881	0.4502951818383539
LOXL1	0.20274576544761658	0.7939647043345075	0.45027298814545424
OSBPL3	0.20269803702831268	1.6431473713953377	0.4502199927847753
DNAJC14	0.20267266035079956	1.4818677589354388	0.4501917968982806
BEND2	0.20262369513511658	0.6339606384093734	0.4501374194412912
ZNF614	0.20259110629558563	0.9502520251776524	0.45010121787398644
TTLL3	0.20240941643714905	1.4455421780489415	0.4498993326912453
NRIP2	0.2023998349905014	0.6356148668975209	0.4498886983503301
KBTBD6	0.20236285030841827	1.0460420365648708	0.4498475806353281
KEAP1	0.2023458629846573	1.5949426834610687	0.4498287091713142
LIN54	0.2023099809885025	1.294660486480742	0.4497888218113961
USP10	0.20226351916790009	3.817922404899451	0.4497371599104035
MPZL3	0.20220085978507996	2.1897043994560095	0.4496675045489989
PPP6R1	0.20212365686893463	1.067534440664496	0.4495816538720315
C17orf49	0.20198622345924377	2.475652027404171	0.44942877241283635
TXLNA	0.2019737809896469	1.83175341539456	0.4494149278666978
IRAK3	0.2019416093826294	1.3647534585775543	0.4493791337816682
FLNB	0.20191800594329834	1.8717740269456329	0.4493528815032637
IPMK	0.20185799896717072	1.2693941653688292	0.44928609416056187
NABP1	0.20183584094047546	2.7518334530322486	0.44926143883956915
SLC25A29	0.2018246352672577	0.6509453793024195	0.44924896651368795
ARHGEF26	0.20176033675670624	0.736347510097584	0.4491773997363568
NFKBID	0.20171532034873962	1.8084732056577544	0.449127292114999
NRG1	0.20168282091617584	0.7268904513211999	0.44909110289143
ZGRF1	0.2016001045703888	0.8325665256301106	0.44899900225975115
MTMR10	0.2015324831008911	1.1387861672489124	0.44892369376166474
AKAP12	0.201506569981575	0.35145469991868483	0.4488948390713436
DYNLT1	0.20141902565956116	4.471876643169885	0.4487973029811097
B3GALT6	0.20141497254371643	0.9987386733407718	0.44879279210161477
CD84	0.20131471753120422	3.3345698122777243	0.44868108947576324
ACTA2	0.20121872425079346	1.0798621842230873	0.44857410835291095
NUPR2	0.20115125179290771	0.6232221294408558	0.4484988940259973
CALD1	0.20113970339298248	0.9071441005587121	0.4484860068930585
NINJ2	0.2010469138622284	1.9668756458494399	0.4483825475349223
MT-ND4L	0.20103168487548828	5.521122636466191	0.44836556909339165
TAPT1-AS1	0.2009335607290268	1.0155912717640172	0.4482561249705058
PFN2	0.2008754462003708	1.4965858082661683	0.4481913026765652
TRIM59	0.2008131891489029	1.7922020971318315	0.4481218487737138
TSHZ2	0.20069216191768646	3.9777994448197758	0.44798678717095813
C1GALT1C1	0.20060983300209045	2.2352927667427793	0.44789489078253797
CHAC2	0.20057299733161926	1.0662886900006583	0.4478537719580433
GPAT3	0.20056533813476562	1.1075073055837346	0.44784522236537044
ZNF814	0.20024068653583527	2.0704738975027968	0.44748260888391045
ZNF526	0.20022550225257874	1.2155832862945353	0.4474656463933222
C19orf81	0.20011498034000397	0.4102038636632349	0.4473421250195613
ZC2HC1A	0.20002971589565277	1.6362920033520665	0.4472468130899346
MCPH1	0.19991779327392578	2.7166878866509916	0.44712167021399757
LY6E-DT	0.199911966919899	0.7300152320743064	0.44711516432605897
AGAP2	0.1998240053653717	1.9106307170171848	0.4470167768546869
ACSL1	0.19968517124652863	1.2804322107998347	0.446861471059696
HOXB4	0.19958266615867615	1.277283465725252	0.4467467609587933
SNX16	0.19957588613033295	1.2313645661333967	0.4467391713475666
PAXBP1-AS1	0.19945897161960602	0.8171747676257429	0.44660829515521755
P2RX7	0.19942358136177063	0.9824186072495705	0.44656867539301537
NR2F6	0.19938020408153534	0.957523141841322	0.4465201130338574
LINC00852	0.19925542175769806	1.0112686615108988	0.4463803535566708
NR4A3	0.19921307265758514	0.6058065014323969	0.4463329129940867
ZNF507	0.19919945299625397	2.108732640971626	0.44631766304591564
ANKRD18A	0.19913800060749054	0.6732032095792193	0.44624880718508814
TMIE	0.199061781167984	0.8996970330389981	0.4461634020619844
APOBEC3A	0.19902507960796356	1.692661610142938	0.44612227568968554
PLBD1	0.19902074337005615	1.3148948558217264	0.4461174128263454
CATSPER2	0.19896551966667175	1.4294347192135808	0.44605551752140415
MFSD4B	0.1988976150751114	1.4486131285570591	0.44597938780064955
NSMCE1-DT	0.19888275861740112	0.7912567771143384	0.445962734152074
TOX	0.19879105687141418	1.8769465888140302	0.44585991292093413
NEIL1	0.1986580640077591	1.5683001953523277	0.44571073746969414
NAT10	0.1986568719148636	2.0318462645413775	0.4457094096467793
C15orf39	0.19862008094787598	1.5798293996131283	0.44566813134065847
SYDE2	0.19857929646968842	1.174144285962956	0.4456223729758162
SLC25A24	0.19852693378925323	2.422266276403405	0.44556360804098094
MAP1LC3A	0.19851407408714294	1.5567161175939772	0.4455491840799955
LINC01465	0.1985025554895401	0.7290735468553857	0.44553624883200116
GPR171	0.19833800196647644	3.715169085396661	0.44535154113997966
GGACT	0.19827374815940857	1.0460568300494746	0.44527940580509895
FCRL6	0.19825056195259094	0.9792468374259627	0.4452533666392383
BCOR	0.19823020696640015	1.2250941374064406	0.445230508238877
CBR3	0.1981917917728424	2.0020251657770967	0.4451873618237425
ATP6V0A1	0.19814442098140717	1.3183878797224198	0.4451341606101268
SIMC1	0.19813434779644012	1.5815017504253606	0.4451228472489226
POLR3B	0.19810229539871216	1.0956683194271906	0.44508684413719957
MOB1B	0.19800662994384766	1.3226399428543003	0.44497935190254717
APOOL	0.1979307383298874	0.9219402095938094	0.4448940826690728
PAWR	0.19793014228343964	0.7410346483133762	0.4448934108030364
ATPSCKMT	0.1979091316461563	1.2052050679351178	0.44486979079727845
ZNF624	0.1978873610496521	0.9656900600797829	0.44484532478438227
DNASE1	0.19778825342655182	1.8419454718914983	0.4447339183096611
NFIL3	0.1977737694978714	1.1327179630369062	0.4447176339860971
SREBF2-AS1	0.19777217507362366	2.240773147778493	0.44471584361279215
TMOD2	0.1977253407239914	1.485864602971351	0.4446631725483236
B4GALT1	0.19771817326545715	3.297513304999048	0.444655110631086
RASGRP3	0.1977149397134781	1.2122323791642755	0.4446514800416882
ZIK1	0.19764043390750885	0.9755270081461618	0.44456768894451093
RFX7	0.19758622348308563	1.5117083712555897	0.44450672057429574
HDGFL2	0.19758377969264984	1.6090024467629034	0.44450396318583396
RBAK	0.1975763738155365	1.5160919907449306	0.4444956433353284
FCER1A	0.19754360616207123	1.0364603700537334	0.44445878061765764
FBXO32	0.1975122094154358	2.9458211495958526	0.444423465110699
AVIL	0.19745533168315887	0.8877527949567956	0.44435945397548154
B3GAT2	0.19744141399860382	3.388145001912026	0.44434380651094285
PARP12	0.19743786752223969	2.467695215652729	0.4443398131185074
CNP	0.19738641381263733	2.1851883306813877	0.44428190436343384
LPAR6	0.1973358392715454	3.900629503973599	0.4442249903112616
ANO10	0.19718727469444275	1.1723612279156614	0.4440577404006834
SEMA4A	0.19717183709144592	0.8439627858984973	0.4440403593163903
NEDD4L	0.19716772437095642	0.5770626630191602	0.44403572710185385
ATF5	0.19715425372123718	1.7621598533743643	0.44402055710242294
KIAA0825	0.19714631140232086	0.7309216160427108	0.44401161406378
LIX1L-AS1	0.19713816046714783	0.9274099543405219	0.44400243123210675
UBE2S	0.19709226489067078	2.056461929361482	0.4439507469722461
TMEM106A	0.19708847999572754	1.31879045120601	0.4439464829727391
TP53BP1	0.19698099792003632	1.7530180058260074	0.44382540965978173
USP44	0.19675756990909576	1.334238430891914	0.4435736372867428
TMEM102	0.19670669734477997	1.244500886206426	0.44351628924388486
TMEM191C	0.19664213061332703	1.7710350502953218	0.44344349834252933
ZBTB20-AS2	0.1965721696615219	1.0784824898759067	0.44336459388829574
DHX58	0.19655247032642365	1.8626361861539527	0.44334238698957484
FAR2	0.19652430713176727	0.9938867319361003	0.44331062380668346
SCIMP	0.19642950594425201	1.1051264694138963	0.4432036796190315
EXPH5	0.19640280306339264	0.8010662892312382	0.44317356207172487
ANK3	0.1963810920715332	2.642534719573127	0.4431490683421174
SLC25A4	0.19637952744960785	1.5952568154682145	0.4431472969984906
GK5	0.19637827575206757	1.0281159227492709	0.44314588609726774
C1RL-AS1	0.19634319841861725	0.9682083232649441	0.4431063049074681
PHF23	0.19630861282348633	1.5687170438611189	0.4430672706485554
TMEM184B	0.19629289209842682	1.5364392587051539	0.44304953505868716
GCC1	0.19628684222698212	1.3196822079433792	0.4430427168790223
BCL9	0.19625990092754364	1.4464397642804288	0.4430123008022025
CEP128	0.1961890459060669	1.2824149701558767	0.4429323340054899
WDR73	0.19618238508701324	2.632455550847839	0.4429248117913922
PAN3	0.19613902270793915	3.288308004309848	0.4428758514781224
ARHGAP21	0.1961328536272049	1.1212020316571567	0.44286888701763893
MYO15B	0.19610656797885895	1.437090567131152	0.44283921670940585
RRP12	0.19601690769195557	1.1746543321572958	0.44273796513127595
PIGM	0.19591906666755676	1.4531385212337378	0.44262746218295396
LINC01281	0.19585518538951874	0.7599793234090696	0.4425552886231346
ZNF879	0.19585135579109192	0.91670139173895	0.4425509620154323
SLC43A2	0.19580641388893127	1.4569506616656351	0.44250017992713053
ABCG1	0.1957404762506485	1.726982132000028	0.4424256681529056
TTC16	0.19568349421024323	1.016913395846027	0.44236126521508673
CTNNAL1	0.19568294286727905	0.7652264291641813	0.44236064203345743
PCAT1	0.1956622153520584	0.909145191882762	0.4423372201013948
MEOX1	0.1955452263355255	0.7246091914473822	0.4422049512390095
CTC1	0.19553923606872559	1.6252398810624162	0.44219818379799525
ISM1	0.19551938772201538	0.7933071999600108	0.4421757430094504
PXYLP1	0.19550082087516785	1.3090186320045443	0.44215474063501614
ZNF253	0.19548912346363068	1.3722438455998212	0.44214152039224386
KLRD1	0.19548091292381287	2.1049714716458228	0.44213224064503187
EPHA1-AS1	0.19544483721256256	2.727627171867195	0.4420914393524536
DMWD	0.19540026783943176	0.9240143508061596	0.4420410237780714
MIR222HG	0.1953778713941574	0.9031400883220622	0.44201568448569145
NRIP1	0.19534552097320557	2.25372851717061	0.44197909314947936
DDX51	0.19533219933509827	1.4291031769409033	0.441964030793631
NBEA	0.19520381093025208	0.7070341332890522	0.44181875350974287
MCTP2	0.1951412558555603	1.316915905224409	0.441747958049832
SERPINB9P1	0.19509470462799072	0.9119632905242087	0.4416952628881345
KLF11	0.19499732553958893	1.6076535961637095	0.4415850100923195
IFI35	0.19498983025550842	3.2863881871161333	0.4415765209766973
CFAP44	0.19497253000736237	1.0033574840803257	0.4415569309176162
TMEM170B	0.194971963763237	1.072359801138041	0.4415562967342137
DNAJC27-AS1	0.194926455616951	1.1454414504926322	0.44150476146018636
FAM13A-AS1	0.19492369890213013	1.2232795872679159	0.44150163439849294
HPGDS	0.19483357667922974	0.3876414376371665	0.44139956077279585
GATA3-AS1	0.19481466710567474	0.4530387263302602	0.4413781469874463
POU2AF1	0.19481095671653748	0.7131186584403232	0.441373944395596
FBXL22	0.19479572772979736	1.03050479235777	0.44135668615806567
PLXDC1	0.19469448924064636	1.661234806552244	0.4412419852526801
CHN2	0.19458390772342682	1.0012028606687011	0.44111665951362466
IVD	0.1945372372865677	2.149525128561875	0.44106374965505374
SERPINF1	0.19444574415683746	0.8215077414366477	0.44096001828562004
PDZK1IP1	0.19443102180957794	0.9036200063096153	0.440943336445747
NOMO3	0.19436244666576385	0.9856198626459787	0.4408655642949598
RHOXF1	0.1943056732416153	0.43331553144701596	0.44080117328537277
ZNF724	0.19430232048034668	0.772596824214833	0.44079736811898584
LIG4	0.1942562758922577	1.0545332258231794	0.4407451387093185
ZNF197	0.1942351758480072	1.2873993551365717	0.44072120409012766
SPAST	0.19420850276947021	1.9537031956559396	0.44069092965833234
ZBTB37	0.19418023526668549	1.966836687020415	0.4406588694139978
MYO5A	0.19415536522865295	1.9039290588477562	0.44063063857385126
ANXA3	0.19410566985607147	0.5151832855923879	0.4405742487967667
DPH1	0.19398023188114166	0.5954153156371865	0.44043187676454293
LRRC61	0.1937834471464157	1.1449771164934297	0.4402084146836469
PRKCE	0.19374169409275055	0.8069048024342891	0.44016098473889614
TICAM1	0.19369682669639587	1.4089781876039689	0.44011001418704737
A1BG-AS1	0.19368989765644073	1.114785480887497	0.44010214727447916
KIF21A	0.19362381100654602	1.8080363056668833	0.4400270642626807
CYB5D1	0.19360272586345673	0.8642577727635702	0.4400030902479115
CACHD1	0.19350211322307587	0.4589117231611091	0.43988874477856105
CRYZ	0.19349990785121918	1.9791712356709885	0.439886246879745
ZNF891	0.19349753856658936	1.21871801171723	0.43988354627226467
SLC27A1	0.19346454739570618	0.9872779481940799	0.4398460443722096
ZNF550	0.19343405961990356	1.5460768021157876	0.43981139082669685
RAD51D	0.19341687858104706	0.9634833351862385	0.4397918567011168
P2RY14	0.1933971643447876	0.6947504407315875	0.43976944130886597
ANKS1A	0.19338107109069824	0.9022222397085351	0.43975115218142
SCML1	0.1933269500732422	2.3350954893905085	0.4396896040236199
IFRD1	0.19328416883945465	3.525579138277134	0.43964094830125716
NRCAM	0.19321100413799286	0.42111546891630836	0.4395577326192498
DHX35	0.19320160150527954	1.378284881512324	0.43954703814269885
HCK	0.19320155680179596	1.587100535745365	0.4395469869879525
NPIPB15	0.19318920373916626	0.6453310141047298	0.4395329366355629
PLXNA4	0.19312945008277893	0.5512698318994822	0.4394649625923821
FBXO6	0.19308769702911377	1.8180392051108496	0.439417454698436
FAM200A	0.19303074479103088	0.9120681253315388	0.4393526508535945
STOM	0.19301316142082214	2.7230457647550153	0.43933262852520827
ZNF813	0.1928965002298355	0.8902535549868112	0.4391998393209846
LINC01970	0.1928260773420334	1.1593053134236755	0.4391196572147479
POP1	0.19276385009288788	0.99582740972782	0.43904880726235995
ZNF93	0.19267001748085022	0.9462877112330148	0.43894192684558997
TRIM46	0.19264595210552216	0.8253907330648196	0.43891451853496105
RUNX2	0.19264213740825653	2.57056856520788	0.43891017110674757
ZNF621	0.19258040189743042	1.0150685879005783	0.438839842734709
LDOC1	0.19258013367652893	1.4998393536070753	0.43883953905641676
ZMYM4	0.19254150986671448	2.303198845450449	0.438795514995976
PER2	0.1925106793642044	1.418152941940388	0.43876038778685955
PDIK1L	0.19248825311660767	1.2612142639370256	0.43873483289251763
LMOD3	0.192466601729393	1.8617000319491859	0.438710154494883
CLHC1	0.19242706894874573	1.0167556913191331	0.43866510306356704
UTP25	0.19237858057022095	1.8585903544078841	0.4386098286469857
FANCM	0.19235694408416748	1.3569607917376405	0.4385851642237173
SLC15A3	0.19232074916362762	0.8600658181755022	0.43854388882027207
TMEM176B	0.19229476153850555	1.5089172458283289	0.43851427349484534
NLE1	0.19227401912212372	1.3150951836072622	0.43849060817018354
EME2	0.19227385520935059	1.0321510796688527	0.43849043353255407
ZNF561	0.19224780797958374	1.704380316980954	0.4384607217220673
PLLP	0.19215427339076996	0.7387204830217179	0.4383540516558857
HKDC1	0.1921110898256302	0.8430458985525986	0.43830478368767845
IPO4	0.19210609793663025	1.2371080113553452	0.4382991045466168
SACS	0.19188469648361206	1.9937865348154558	0.43804645495174926
RBM26-AS1	0.19187457859516144	1.0236820233736001	0.438034913397408
MPIG6B	0.19186705350875854	1.1488597249162609	0.43802631276684423
CD302	0.19182375073432922	1.3833930421606335	0.43797689071288953
SPSB1	0.19178076088428497	0.8080708136161169	0.43792779927611414
CCNG2	0.19176094233989716	1.9555081026307468	0.43790517816486185
HS3ST3B1	0.19174742698669434	1.6145262714775128	0.43788974900888616
PLAUR	0.1917106658220291	2.163147473243918	0.43784775877933585
TTC7A	0.1916913092136383	1.7391560150745728	0.4378256546332956
C5AR1	0.19164186716079712	1.5592325163070269	0.43776919167475087
SPDYE3	0.19142930209636688	0.4891918720641812	0.43752633634738386
ZNF551	0.19140981137752533	1.3786779435429992	0.437504063992445
CADM1	0.19140830636024475	0.5974453580048349	0.43750235708453133
ADAM8	0.1913331300020218	2.691915722642365	0.4374164232472655
YEATS2	0.19132983684539795	1.425294365234302	0.43741267023386743
ATXN7L3B	0.1913263499736786	3.8296327115932187	0.4374086694941314
ZNF587B	0.19130153954029083	1.239160070131565	0.43738031032762337
POLR1A	0.19128748774528503	0.9938612611129366	0.43736425780687405
TENT5A	0.19120168685913086	2.254001265284659	0.43726615462896823
KLF8	0.19118110835552216	0.6203336127359291	0.4372426184172062
LINC00239	0.19117577373981476	1.1550312657123325	0.43723651346170483
PTGDR	0.19116798043251038	0.9170542257727334	0.4372276103261806
ZNF711	0.191158726811409	0.7419991176361325	0.4372170250707612
URGCP	0.19115005433559418	1.906027862166993	0.43720711487217
DDX60L	0.19110625982284546	2.8783342911365843	0.4371570264169867
PAXIP1-AS2	0.19110436737537384	1.6699328621228535	0.4371548628475197
TLR1	0.19109071791172028	1.5598236299565926	0.43713924268943366
CEP250	0.1910756677389145	1.4242197723909356	0.43712203022832935
NEDD4	0.19104550778865814	0.6251287973589368	0.43708752422475083
NUDT12	0.19101615250110626	0.8419519012001739	0.43705394681230547
ST6GALNAC2	0.190996915102005	0.8017470901724936	0.43703194390366057
FAM120B	0.19097404181957245	1.7464909619755216	0.43700577580918915
KANSL1L	0.190968856215477	0.7558174813844235	0.4369998381537972
ZNF528	0.1909647434949875	1.3893351785524595	0.4369951216405804
KIF16B	0.19094130396842957	1.750732520759334	0.43696830963086036
IRS2	0.19092389941215515	2.8437766645146514	0.4369483924697139
ZNF841	0.19090403616428375	0.9239333776678619	0.43692565591850974
SESN2	0.19090373814105988	1.0110713806988179	0.43692531724590644
TAFA2	0.19087938964366913	1.840392222121301	0.43689745484659687
AGTPBP1	0.19085091352462769	2.5670308208100185	0.43686487218670095
AP5S1	0.19082161784172058	1.486215784974482	0.4368313374001856
LARS2	0.19082044064998627	0.8959782559752921	0.43682999748702117
CENPP	0.190804585814476	0.7695855266518064	0.43681184884206553
MIR155HG	0.19080108404159546	1.2784788694189884	0.4368078260026716
FIGNL1	0.1907942295074463	1.4660047831663228	0.4367999958768068
CCDC146	0.19076400995254517	2.1260507243803177	0.43676539414310367
CLEC12A	0.19072160124778748	1.7505961991132903	0.4367168463990503
CCDC125	0.19069236516952515	1.429975166403014	0.4366833702656057
ANKRD37	0.19068390130996704	1.4487314630742274	0.4366736710683881
SCOC-AS1	0.1905745416879654	1.3684268291197517	0.43654844800578285
TOB1	0.19051603972911835	4.640004192732303	0.4364814361256665
ZNF440	0.19050417840480804	0.8959782539770521	0.4364678417148794
PLEKHG2	0.19046741724014282	1.016169185382653	0.4364257263460774
CXCL5	0.1904386281967163	0.5611472959376843	0.4363927515796284
BTRC	0.1904124915599823	1.4967520549836286	0.4363627989950463
PTGS2	0.19040687382221222	0.628414384135798	0.4363563573491358
USF1	0.19031812250614166	1.1602676602158966	0.43625465585988393
LTBR	0.19029739499092102	0.8931107889875142	0.4362308906023797
LOXL1-AS1	0.19027696549892426	1.3792534217638075	0.43620747866834864
SLC51A	0.19027079641819	0.7413049109594119	0.4362004144082894
ATP8A2	0.19022171199321747	0.9207808076193507	0.4361441368550757
GMPR	0.19021821022033691	0.8118987634378375	0.436140119055549
ZMYM6	0.1901949644088745	1.6780201813270306	0.436113470354077
TTC28	0.19019052386283875	0.8385676128996743	0.43610838397675145
ACVR1B	0.19015546143054962	0.9752389740669865	0.43606817595556147
PIM1	0.19015054404735565	4.449712235352089	0.4360625425161286
ACVR1C	0.19013777375221252	1.574796845515569	0.43604789659885596
TMED8	0.19011610746383667	1.7045160641615418	0.43602305833809857
TMEM30B	0.1900722086429596	1.1427394431441222	0.4359727229142616
JHY	0.19006890058517456	1.0579473288351549	0.43596891505207064
NUSAP1	0.19000717997550964	0.8622188568115234	0.43589812797417615
CENPF	0.1899814009666443	1.3421437564480807	0.43586855385208717
AK1	0.18997494876384735	1.7870685525552523	0.43586116329615937
TP53BP2	0.1899668276309967	2.0921651515467414	0.4358518451712098
LINC00920	0.18992622196674347	1.802343344323023	0.43580526308843887
CD226	0.18987753987312317	2.4189077245778052	0.43574940828194914
SLC35F5	0.18980348110198975	1.1219326770396982	0.4356644066925094
PLCXD1	0.1897725909948349	1.3255689356518887	0.43562895885454006
NDFIP2	0.18975768983364105	1.3297390323489104	0.4356118559741859
ITGB1	0.1897437423467636	5.090629213157741	0.4355958525810841
MLYCD	0.18971502780914307	1.2967173410329782	0.4355628875462134
SLFN11	0.18967783451080322	1.5191854706669219	0.4355201902215171
MIF	0.18941432237625122	5.314172203970138	0.4352175544704543
SLC25A25	0.18940573930740356	1.5554999009174406	0.43520769757449085
PTPRS	0.18939551711082458	0.601991296499625	0.435195944285398
HNRNPH1	0.18936826288700104	5.213628353286977	0.4351646391578643
RPP38-DT	0.1893620789051056	0.643482723512412	0.43515752758082077
NUP58	0.18933086097240448	2.399986380361506	0.43512166338730346
ZNF208	0.18914251029491425	0.7978899150059141	0.4349051680444996
ALPK1	0.18910907208919525	1.644066206111762	0.43486672610302196
PLCB1	0.18907611072063446	0.6670485718382729	0.4348288225533453
GGH	0.1890060007572174	0.8409242160703944	0.43474820458336444
KDM1B	0.1889709085226059	1.4718550150193475	0.434707840059753
MGST2	0.18893320858478546	1.9235555687169918	0.43466447067472674
GPAM	0.18890148401260376	0.8978459737995118	0.43462797986067964
ZNF500	0.18881693482398987	1.3998724563596805	0.43453070968668756
TUBA1C	0.18880264461040497	2.454488477030933	0.4345142571799198
TMEM140	0.18877889215946198	1.6573131075307328	0.4344869364453367
IRAK1BP1	0.18877029418945312	1.1034892037567965	0.434477036187341
ACAD9	0.18872389197349548	1.4117622528496374	0.4344236374803168
FAS	0.18868952989578247	2.5237278339963307	0.4343840886752944
RNF144A	0.18868416547775269	1.6692867416074906	0.4343778995886107
DHRS4	0.1886296421289444	2.310461378645623	0.43431513356809937
ZNF217	0.18860618770122528	2.532383944339679	0.4342881405333014
WDFY4	0.1885678619146347	0.557521810648085	0.434244006670092
SMAD5	0.1885150969028473	1.8172303503272178	0.43418325583313516
VPREB3	0.18851284682750702	1.0328784935547475	0.43418066153575563
PRRT3	0.18850593268871307	1.5713583740238029	0.43417269517872364
GPSM2	0.18847785890102386	1.2321392308021415	0.4341403622892401
USP13	0.18843679130077362	0.9953761103052746	0.4340930663781831
PPP4R1	0.18834459781646729	1.4678741501665664	0.43398686066112435
PATL2	0.1883411407470703	2.5468254039114004	0.43398287365060434
PLPP6	0.1883401870727539	1.2627486561450008	0.4339817848477075
NRROS	0.18831069767475128	1.5427481361961	0.4339477974158738
ZNF575	0.18827061355113983	0.8918455456636875	0.4339016151035053
SEMA6B	0.18825174868106842	0.7054876143334012	0.4338798756432897
FSIP2	0.18807905912399292	0.5634950733961274	0.4336808322087665
NAGPA	0.1880437433719635	2.3785699393557405	0.43364011295806654
CD244	0.18803443014621735	0.9578127657773394	0.4336293662075404
KDM4A	0.18802772462368011	1.3271237512429555	0.43362163944308485
ZNF496	0.18796683847904205	0.9149330343437377	0.4335514289950816
ALG10	0.1879616379737854	1.0144346187397895	0.4335454228089837
INSR	0.18793316185474396	0.7323055573921095	0.43351258080434146
INTS13	0.18789269030094147	2.097869301664418	0.4334658967642503
ZFYVE1	0.18780411779880524	0.9680809803392695	0.4333637205049672
RRP36	0.1877755969762802	1.705640882367832	0.4333308119046935
LINC01409	0.18773549795150757	0.8300444660743991	0.43328454700361657
NAA60	0.18771682679653168	1.3426430311011173	0.43326299410367436
SAV1	0.1876852661371231	1.3546550423477801	0.4332265782637245
SH3YL1	0.18766088783740997	4.177144201322534	0.43319844208128977
B3GALNT2	0.18763458728790283	1.026515585195516	0.43316808882316366
B4GALT5	0.1875908225774765	1.3058924661285576	0.4331175647163815
LYG2	0.18759070336818695	0.8633877650988057	0.4331174263170406
KLRK1	0.1875845491886139	0.5204019923319761	0.4331103187853709
CNKSR2	0.18753957748413086	1.198541573066821	0.4330583924373075
ZFYVE9	0.18751592934131622	0.7911805686366056	0.43303110025906055
HLA-DOB	0.18750904500484467	0.8640968212108503	0.43302314486774174
BTG3	0.18745948374271393	3.1651114567943	0.4329659147794654
FADS1	0.18742433190345764	0.7426083055949303	0.4329253141266855
NUGGC	0.1874043196439743	0.5389173711967651	0.4329022129460378
EPHA4	0.18740372359752655	1.6939767923391642	0.43290151365384244
KATNAL1	0.1873878687620163	1.1460223211639229	0.43288320134200464
ANKEF1	0.1873338371515274	0.7467477334756047	0.4328207959839723
DIABLO	0.18732620775699615	1.5843836554393915	0.4328119816225644
GRK3	0.18730731308460236	1.2489911555330415	0.4327901537855421
TIMM23B-AGAP6	0.18728651106357574	0.5340459792093298	0.43276610827877804
ZNF468	0.1872808337211609	1.1581649296128431	0.43275956023271983
HK3	0.18723009526729584	0.7271845545120166	0.4327009345888462
LILRB1	0.18721526861190796	0.8497897613208413	0.43268379608468266
ZNF776	0.1872134655714035	1.27819053000874	0.4326817158050255
RBM11	0.18716982007026672	1.2280525431550782	0.4326312802121526
PPRC1	0.1871684193611145	1.2173197883755769	0.432629662221769
ICAM1	0.1871662735939026	1.2193395212235578	0.43262717834505066
SRD5A3	0.18711987137794495	1.5448860690511506	0.4325735517639519
PDZD4	0.18706420063972473	0.967444330682243	0.43250918565176616
SWAP70	0.1870294064283371	1.52581609345944	0.43246897235933734
ABCD2	0.18701058626174927	1.9463084289854058	0.43244720684231247
KLF3-AS1	0.18698172271251678	0.8134559990688303	0.43241382819465113
KPNA2	0.18696393072605133	2.3147076149096435	0.4323932526746881
KYNU	0.18696141242980957	0.8707118292421216	0.43239034915209945
HLA-DOA	0.1869511604309082	0.7664007531386225	0.4323784899082243
SNAI1	0.18693648278713226	0.3814044541097692	0.4323615248780931
GATC	0.18685390055179596	1.194023488810236	0.4322660000326798
GNG11	0.1868312507867813	3.1726952430388935	0.4322398090371551
PTPN11	0.1868293136358261	2.6630996488520013	0.43223757244869154
RNF212	0.18681906163692474	1.0746670524621833	0.43222571524046494
LINC02384	0.18677468597888947	0.9751986856661538	0.43217437251053575
FOCAD	0.18675245344638824	1.15000654271736	0.43214864671970044
KIAA1958	0.18674002587795258	0.741460714532041	0.4321342659313123
EEF1AKMT3	0.18657897412776947	0.7018947078921329	0.4319478860719937
NCF4	0.18654823303222656	2.3809890500430404	0.431912302721672
SLC5A6	0.18653395771980286	1.8011430572732654	0.43189576805812946
LILRA1	0.18651962280273438	0.8031722037728262	0.43187918337346104
ZNF347	0.18648752570152283	0.7918438955399268	0.43184200746520146
FTCDNL1	0.18647432327270508	0.6490696802221495	0.4318267316988428
BCL6	0.18646977841854095	1.4278784605506736	0.4318214648928611
GALNT7	0.18633733689785004	1.8438481709052776	0.4316680851843301
TLE1	0.18630146980285645	0.9259529290185577	0.4316265371009051
SPECC1	0.18628884851932526	1.493601425625812	0.43161192129139353
VPS13C	0.18624091148376465	4.007491668065389	0.43155637699552785
MMEL1	0.18619440495967865	0.6755127899948208	0.43150249039813804
NUP205	0.18617868423461914	1.5620299071872827	0.4314842738502862
ARHGEF7	0.18617580831050873	1.8121535725520488	0.4314809492864025
SLC35C1	0.1861712485551834	1.377225520967067	0.43147566635342677
ZFP82	0.18615292012691498	1.2499462223372697	0.43145442648934307
CSF3R	0.18610452115535736	2.0478992980558752	0.4313983337347983
XYLT2	0.18610072135925293	1.4217181709305993	0.4313939348183758
LINC00954	0.18609952926635742	2.2113138816365794	0.4313925493142068
NRF1	0.1860342025756836	1.4474931962188633	0.4313168305077012
CD160	0.1860312819480896	0.8041027202003304	0.43131343403365635
GOLGA8A	0.18594926595687866	2.5701804195327322	0.4312183421889431
ZNF782	0.1859012097120285	0.8119583349118288	0.43116261896688346
KIF1B	0.18581834435462952	1.433847180956625	0.4310665241190338
CCDC7	0.18581527471542358	2.1164326761417462	0.43106295577219167
ANKS1B	0.18575255572795868	0.6284583224076421	0.43099020605955585
RNF123	0.18569840490818024	1.522201534432013	0.4309273779080343
PLEKHO2	0.18566003441810608	1.0413624133300965	0.43088285269604293
CCDC157	0.18564775586128235	0.7509652208893692	0.4308686101483278
FCHSD2	0.1856416016817093	1.8520554030078582	0.43086146946360604
PUS7	0.1856251209974289	1.1069466009222229	0.4308423429109059
NICN1	0.18560224771499634	1.3709153250944568	0.43081579625878447
NSUN4	0.18559734523296356	1.4447382827828215	0.43081010229452416
SLC1A5	0.18559305369853973	1.0498905490184653	0.4308051235465821
NR1D1	0.185577392578125	1.7069140424901954	0.4307869422147841
ZNF69	0.18554723262786865	0.8497051257511665	0.43075193079502055
AP1AR	0.1854552924633026	1.7146310400917155	0.43064520292501773
CORO1C	0.1854272186756134	1.348187570028378	0.4306126154031264
ACO1	0.18541014194488525	1.4375852868246393	0.430592783116207
ZNF14	0.18532468378543854	1.604060633885906	0.4304935268493359
RAB11FIP1	0.18528808653354645	2.912459824733807	0.43045102378713446
MDFIC	0.18528448045253754	3.4103381880398453	0.4304468387531639
PPM1L	0.18523238599300385	0.721221721377866	0.43038632171677554
PSPH	0.18522804975509644	0.9205022462825666	0.4303812832161687
ZNF256	0.18520306050777435	1.0202047277912782	0.4303522513068866
ZNF268	0.18515850603580475	1.47564156827342	0.43030048669622034
RLN1	0.18514975905418396	0.9418283848812754	0.43029031716022637
FBXO2	0.18512563407421112	0.9435085949998249	0.43026229283507245
EMILIN2	0.18509499728679657	1.2112320778013645	0.43022667663677333
DYRK1B	0.1850917637348175	1.2214070991309667	0.43022291669005486
EZH2	0.1850915104150772	2.0005498384607248	0.4302226366726507
TTLL12	0.1850687563419342	1.2839003654617915	0.43019619111592855
RUBCNL	0.18505650758743286	0.6338085321516826	0.4301819449207038
RPS6KB2-AS1	0.1850440353155136	0.4974094659546783	0.43016745334558126
DBN1	0.18499282002449036	0.6727791238447716	0.4301079105312708
MTHFD1L	0.1849817931652069	1.1494949634732872	0.4300951043722625
CDC7	0.18494190275669098	1.0856981898062075	0.4300487151778539
ZNF786	0.18493206799030304	1.5891939246334792	0.43003728594167945
TRPM7	0.18490482866764069	2.621073857121084	0.43000560716951497
CARD6	0.1848994344472885	0.7329475883665669	0.4299993483583834
MINDY1	0.18487155437469482	1.5474616121286633	0.4299669207164762
GNAO1	0.18483322858810425	0.7086452960511277	0.4299223504035553
NLRP2	0.18482354283332825	0.5762179021748547	0.42991109317190646
LAX1	0.18479081988334656	2.119009653498843	0.429873023062008
FADS3	0.1847694218158722	0.9482118457669956	0.4298481416615664
C14orf132	0.18474650382995605	0.5661516598358008	0.4298214839101493
KBTBD11	0.18471024930477142	0.9595572779461798	0.4297793114795755
EDAR	0.18468251824378967	0.6966650451736889	0.4297470450056992
SLC43A3	0.1846427023410797	0.9701026425165235	0.429700706151387
DGKD	0.18463699519634247	2.6557369670648683	0.4296940638689019
ANXA2	0.18456317484378815	4.344857312710349	0.4296081602937203
GOLGA5	0.18453672528266907	2.425644630673288	0.42957737198370927
QSOX2	0.18453598022460938	1.0669063751039833	0.4295765182618165
EPB42	0.18453098833560944	2.4324845902307737	0.4295707061834469
LINC00526	0.18449918925762177	1.2966285608280663	0.4295336844680396
ITGAM	0.18442882597446442	1.5874025449442224	0.42945177003542395
SLC16A11	0.18441897630691528	1.064929184899933	0.4294403087044698
TOX2	0.18438467383384705	0.9662766887081994	0.42940036279435034
PPP1R13B	0.18436168134212494	0.831900247212114	0.42937359568057337
FAAP100	0.18432766199111938	1.5675591561529372	0.42933397301218656
CPNE2	0.18431943655014038	1.9349700639531073	0.4293243917142369
TET2	0.1843128502368927	2.265208016866925	0.42931671647544484
PPP1CB	0.1842508167028427	4.4812832043088715	0.42924447015404465
FAM117B	0.18424919247627258	2.0814173861024936	0.4292425752050293
NDUFA7	0.18423227965831757	3.4293153423002396	0.4292228770530834
CLCN6	0.18419218063354492	0.9903446116209944	0.42917615685431765
MGST1	0.18416336178779602	1.2660519597174107	0.42914259730955695
PNP	0.1840667426586151	2.027060688683813	0.42902999466427916
KCTD7	0.18405961990356445	1.5343650461841818	0.429021704620372
VCL	0.18405841290950775	2.712515460577048	0.4290202903782592
NEMP2	0.18395407497882843	1.4990666120445135	0.4288986748884863
FDXR	0.18390408158302307	1.1790602273411221	0.4288403936957181
PPP1R14B	0.18389339745044708	1.8334147936996372	0.4288279287879294
CNOT6	0.1838262975215912	1.7573916110499153	0.42874968788285744
TRAF3IP1	0.1838039755821228	1.2591614191102798	0.42872365569616977
SYCP2	0.18379175662994385	0.8668180029282625	0.42870941527191564
NEK3	0.18374668061733246	1.3524249008788916	0.42865682796989774
SPIDR	0.18367405235767365	1.8180449680350292	0.4285721101420935
METAP1D	0.18365325033664703	1.9321222095197188	0.4285478441292767
AIFM1	0.18364791572093964	2.2195392783117476	0.42854162205852353
C2CD2	0.18363699316978455	0.9607990755203584	0.4285288793507212
ZNF385A	0.18355874717235565	1.0664798402694906	0.4284375637147713
MICU3	0.1834983080625534	1.2292193675634961	0.4283670271144434
ZNF410	0.1834847778081894	0.9693793718385514	0.4283512274276548
PHTF1	0.18348319828510284	1.353242525995006	0.42834939592096427
MEGF9	0.18337833881378174	2.0066024425842754	0.42822696642105923
CEP126	0.18335308134555817	1.3427201234289512	0.4281974877929323
AHI1	0.18333736062049866	2.1897602037908475	0.42817912213888737
ZBTB21	0.18331827223300934	2.147281802248681	0.42815683348684724
LINC00847	0.18329483270645142	1.6281905624144835	0.42812945661085894
NLRP3	0.1832774132490158	1.1189713357052127	0.4281091144239815
SOS1	0.18326513469219208	2.4736004426104814	0.4280947778614106
TECPR2	0.18326349556446075	1.0386938617147248	0.42809286384936185
PLEK	0.18325376510620117	2.5719949440937846	0.4280814890777714
LINC02019	0.1832234263420105	0.8778131145170365	0.42804605302306564
SDK2	0.1832023710012436	0.5335680147583001	0.4280214648522055
STAG3	0.183172345161438	1.7363188986120552	0.4279863891987898
OBSCN	0.18317176401615143	1.2667966699691569	0.42798570167063615
RASGRP4	0.18312431871891022	0.7021078757970269	0.4279302727820187
C6orf132	0.1831130087375641	0.533206003778739	0.4279170610979291
PRC1	0.1830960065126419	0.9164441404328949	0.42789719895677625
GZMA	0.18308617174625397	3.9518536671824838	0.4278857000472146
ACP2	0.18305383622646332	1.283556692787514	0.4278479181198588
ZNF346	0.18303397297859192	1.2744169371109813	0.4278246911660691
ALCAM	0.18302561342716217	1.1187703490714003	0.427814928137672
SFT2D3	0.1829994022846222	1.2617271082953931	0.42778429538061685
ZNF91	0.1828935593366623	3.0487792007767833	0.4276605621630413
MCM4	0.18287286162376404	1.0952404257894932	0.42763637210983296
STX6	0.1828266680240631	1.9170426112025176	0.42758235063727934
MCTP1	0.18280628323554993	0.7871609568824256	0.4275585190080042
INVS	0.18273615837097168	1.209155149044205	0.4274764962359061
PTPRN2	0.1827223151922226	1.7824721015504494	0.42746031493639663
MANEA	0.18271777033805847	1.2123904719206564	0.4274549955313591
ZNF117	0.1827041059732437	0.8535924585842994	0.42743901435383463
SLC40A1	0.18267616629600525	3.0429121972957334	0.42740632696452335
ZBTB11-AS1	0.18263323605060577	0.823151826801428	0.4273560940280178
ZNF829	0.18256591260433197	1.1351483005216751	0.4272773214675162
ZNF66	0.1825573444366455	0.7921902258734137	0.427267295372117
FAAH2	0.18255676329135895	1.4051956364249818	0.42726661570457397
ZNF286A	0.18251025676727295	1.004106998101048	0.42721220030452817
ZNF516	0.1825050711631775	1.269385946093848	0.42720613030143323
AK5	0.18249653279781342	3.0085776614960125	0.42719613505543813
ZNF805	0.18249036371707916	0.7850809404448075	0.42718890729337705
SLC7A8	0.18245843052864075	0.39641481512351057	0.42715153078185436
SREBF1	0.18245314061641693	1.7315713303070872	0.4271453377570287
LILRA2	0.18245147168636322	1.0401602111100237	0.4271433894246016
STOML1	0.1823987066745758	1.2975518752560304	0.4270816171981999
ZWINT	0.18238726258277893	1.1464664593510243	0.42706821662232564
ABHD17B	0.1822926104068756	1.7254059776035762	0.42695738215440127
ZNF174	0.18225468695163727	1.0380128759077225	0.4269129668140313
PELI2	0.1822483092546463	1.3948481836538205	0.4269054970723883
ITPRIPL1	0.18221667408943176	0.7148707408272443	0.4268684537046927
FBXW8	0.18220815062522888	1.0052404938072994	0.42685846034343283
FAAP24	0.1821983903646469	0.9636743272515549	0.4268470319413293
ZNF142	0.18198512494564056	1.0595424116457102	0.42659715315909663
TESK2	0.1819768249988556	1.0970318807267594	0.4265874105970972
ZNF746	0.18186324834823608	1.0096069010281472	0.4264542761994193
ABCA1	0.1818520724773407	0.7055683016091928	0.4264411686977621
WDPCP	0.18182891607284546	1.516215051499363	0.426414023790997
TMEM176A	0.18182386457920074	1.0613921722004698	0.42640809913439437
ETV2	0.18180136382579803	1.1162078604387597	0.42638171022979804
TRIM35	0.18176515400409698	1.290735382115704	0.42633924500309467
LRRCC1	0.18171289563179016	1.3692723445280301	0.42627795084408476
NRN1	0.18168459832668304	0.2926193947307908	0.4262447552654937
MAN2A2	0.18164627254009247	1.4079742815302707	0.42619980154662485
RPP25	0.18164227902889252	0.7378071153186747	0.4261951163906766
EBLN2	0.18163098394870758	1.6269670046609024	0.4261818704743525
ZNF577	0.18162624537944794	0.8976771765285068	0.4261763149975996
NAP1L2	0.1815636157989502	1.140752846938897	0.4261028149968164
MAGI3	0.18148520588874817	0.9008732457498938	0.42601080107771694
CCR7	0.18145652115345	4.983908917255328	0.42597713303109147
CTPS1	0.18145352602005005	1.5681434294273113	0.4259736174924376
RIPOR1	0.18141303956508636	1.221340988216729	0.42592609726087927
NUDT7	0.1814037263393402	1.55524106900354	0.42591517011983027
HEG1	0.1813889443874359	1.3861283922560828	0.425897811337431
TMTC3	0.181379035115242	1.4318169921750767	0.4258861692394611
PER3	0.18136903643608093	0.9464847944477052	0.4258744373957233
MED14	0.18135011196136475	1.7480791642748077	0.42585221891795044
SEPTIN8	0.18133336305618286	0.843728877232906	0.42583255272056697
WDR7	0.181316539645195	1.3886248886128496	0.42581279380305476
ZNF320	0.18131360411643982	0.9509491485425796	0.42580934570944007
BBS9	0.1812872737646103	1.470702339862955	0.42577843623474354
RGMB	0.1812799572944641	1.539378222377821	0.4257698387163583
ZNF726	0.18127968907356262	1.0682850218595672	0.42576953349893043
FAM135A	0.18126198649406433	1.043758123427972	0.42574873515041484
CD72	0.1811543107032776	0.8411581509985686	0.42562225884081395
CD300LF	0.18114764988422394	1.0433701580511656	0.425614429984907
ATP9B	0.18112289905548096	2.776113103632726	0.42558536336953673
RASA1	0.18111121654510498	2.0419656106795387	0.4255716329014459
DOK3	0.1811041533946991	0.8848566570501218	0.42556333296236915
GAB3	0.18107962608337402	1.3203496011509293	0.4255345108582512
MINPP1	0.1810694932937622	1.2047850931512898	0.425522615287492
ALDH2	0.18105939030647278	1.2263792057832081	0.42551073489926594
LINC01521	0.1810210794210434	0.52738983323976	0.4254657162032601
TUBGCP3	0.18102024495601654	2.0264342196599734	0.4254647358384381
NDUFB2-AS1	0.1809578388929367	1.0037250913879423	0.425391396987859
LINC00989	0.18094630539417267	0.6377705166052128	0.42537783301342647
ADAMTS10	0.18090544641017914	1.012644066778636	0.4253298174575221
C4orf36	0.18088394403457642	1.1527478316392021	0.425304525920254
RFNG	0.18087001144886017	1.1523306232759323	0.4252881428266406
KDM4B	0.18086904287338257	1.6601388485267246	0.42528700519333396
AHR	0.18082435429096222	2.2581269115323765	0.4252344671054609
RUFY3	0.1808021366596222	1.7685667817620025	0.4252083373202657
SPIN2A	0.180774986743927	0.6590596523664006	0.4251764134720975
WWC2	0.1807716190814972	0.67922784513669	0.42517246242833723
ENO1-AS1	0.1807602047920227	1.286536814723435	0.4251590338033573
MAP4K3	0.18066826462745667	1.0125482089788977	0.425050894033303
TBXA2R	0.18058595061302185	0.7664492594442148	0.42495405383340695
XCL1	0.18057869374752045	0.6422698539164331	0.42494552587291196
HMGB3	0.1805543154478073	1.1130999431756265	0.4249168398538301
PAK1	0.18055199086666107	1.9008859558123739	0.424914092284306
TWNK	0.18054206669330597	1.15186405764229	0.42490241438542614
ZNF654	0.18049952387809753	1.945208403799269	0.42485236331954945
TBX21	0.18049660325050354	1.3920720355492442	0.4248489199190466
QSER1	0.18048135936260223	1.5431123099564592	0.4248309857245039
GINS2	0.18041841685771942	0.7097661293101036	0.42475688852827065
CNNM2	0.18036536872386932	1.1405269138200986	0.42469444955956653
ZNF792	0.18036243319511414	1.0572860174708896	0.4246909799204862
FAM220A	0.18035700917243958	1.0923945816997367	0.4246846000634537
IL18RAP	0.18032178282737732	0.7100533877866935	0.4246431272911643
MTHFSD	0.1802981197834015	1.3421254418362145	0.42461525737286854
DHX32	0.1802927702665329	1.3428457243460805	0.42460896321283903
TMEM229B	0.18024486303329468	0.9131052230852317	0.42455255264114317
PVRIG	0.18023882806301117	0.49438762533482006	0.4245454403782928
USP49	0.18023376166820526	0.7529103326614789	0.4245394679273468
PEX11G	0.18015624582767487	0.478177473348676	0.42444817460910195
C16orf54	0.1801438331604004	3.723786965183828	0.42443355253010234
SLFN13	0.18009065091609955	1.8760183444425065	0.4243708842692881
S1PR5	0.18004508316516876	0.9043331283262406	0.42431719623227154
IL13RA1	0.17997393012046814	0.8885671864638384	0.4242333411211311
ZNF627	0.17993874847888947	1.043635974213538	0.4241918853461403
CC2D1B	0.1799383908510208	1.4030189230981	0.42419144822858595
LINC02754	0.17987798154354095	1.5737959568984663	0.42412024219638816
TJP3	0.1798633188009262	1.2646597992643085	0.4241029608702444
TFEB	0.17983384430408478	1.1037143501970503	0.424068208616105
PGBD2	0.17981906235218048	1.2603381320662883	0.42405077877696296
TRIQK	0.17978022992610931	0.7297855909642589	0.4240049857998697
MSC	0.17970865964889526	0.6660565095329193	0.4239205866497971
RND1	0.1796896755695343	0.5598966002578479	0.42389819772215576
LINC02256	0.1796177476644516	1.9979153531264529	0.42381334277466937
ETS1	0.17959359288215637	5.366209611125376	0.4237848436387518
ENG	0.17956982553005219	1.1768166137381075	0.42375680734870347
LRRIQ3	0.17953017354011536	0.7245946886781531	0.4237100082501068
ZNF672	0.17949527502059937	1.6232360270288255	0.4236688327689622
CLEC4A	0.17947672307491302	1.602534849753325	0.4236469380731242
ETV3	0.17944960296154022	1.937330699058328	0.42361492852372784
SLFN5	0.1794271171092987	4.224683129467727	0.42358837603803123
ZNF84	0.17942498624324799	1.3919927477836609	0.4235858658262116
GINS4	0.17940166592597961	1.0254083461916765	0.4235583311850432
TIGD7	0.17940060794353485	0.7461382571422277	0.42355708863133545
ARHGAP32	0.1793891042470932	0.6827747211488271	0.42354351245212807
BFSP2	0.17937573790550232	0.5822277121046037	0.4235277346901786
CTU1	0.17936573922634125	0.9530412703752518	0.42351593295707907
FANCI	0.17932605743408203	0.8397998195498383	0.4234690696081664
CLDN15	0.17931489646434784	1.3961966333489766	0.4234558901072623
AMBRA1	0.17929503321647644	0.9494768085379254	0.4234324463760191
KISS1R	0.1792588084936142	0.7617077051565565	0.42338967024448315
LMTK2	0.1792527288198471	1.026201701769427	0.4233824929340504
DCAF4	0.17924609780311584	1.4566596311399307	0.4233746613533769
HPCAL4	0.17923490703105927	1.0809492781701215	0.42336143555399325
HIC2	0.17922891676425934	0.9857196333992984	0.42335436513765506
SIPA1L1	0.1791887879371643	2.0716440821516104	0.42330697342966284
ZDHHC20	0.17918133735656738	1.7359065785718604	0.42329815767348117
OSCAR	0.17917363345623016	1.05721962611794	0.42328907381822806
TNFSF8	0.17912016808986664	2.776010011804515	0.4232259011748302
PPARA	0.1790274679660797	1.1918770466499402	0.42311638304333077
CCDC9	0.1790095567703247	1.249822409787854	0.4230952180009629
S100A11	0.1790047287940979	5.2108948102856045	0.4230895100131811
MEF2C	0.1789918839931488	1.5921574231536908	0.4230743298500952
KMT5C	0.17898774147033691	1.4081077387278107	0.4230694346584731
FBXL16	0.17896193265914917	1.4693537796365803	0.42303891818792183
LGMN	0.1789458692073822	1.5397111209416299	0.4230199459032135
VAC14	0.17892637848854065	1.50168621882625	0.4229968942138614
GSTCD	0.1789252758026123	0.9534359641687167	0.42299558943560356
RILP	0.17888018488883972	1.1356569115229493	0.4229422943263429
ASB15	0.178879976272583	0.6255824278997278	0.4229420482434466
DHRS7B	0.17887094616889954	1.8286784684064288	0.4229313752147755
CCDC6	0.17886458337306976	2.488147828085669	0.4229238508287317
PPP1R16B	0.17886275053024292	1.661787451112864	0.42292168168589267
ACAD11	0.17882996797561646	0.7233491806006523	0.4228829248539498
PAX5	0.17882487177848816	0.5757015576421987	0.42287690290442903
CCDC51	0.1788061261177063	1.0068699453753986	0.42285474190236655
SEPTIN10	0.1788061112165451	0.6778925899915769	0.4228547182684493
CFL2	0.17880594730377197	2.186500366620177	0.4228545197626764
GPA33	0.17876094579696655	1.554352356556275	0.4228013076101897
UBE2T	0.17875263094902039	1.224654545272447	0.42279146852735133
PAGE5	0.17874576151371002	0.4659364760150398	0.4227833510898273
LILRB4	0.17872154712677002	0.7188176556108555	0.4227547059577781
DUSP16	0.17871806025505066	1.7295219842273157	0.4227505926294455
ZNF691	0.17870856821537018	0.897216084245521	0.42273935839106114
LIG3	0.17870208621025085	1.1784246320697083	0.4227317004806014
SP4	0.17869843542575836	2.1657936335523464	0.42272738521781406
SPEN	0.17869175970554352	2.994062297188916	0.42271948903902284
MLF1	0.17868122458457947	1.1058384159515644	0.4227070146734743
ASRGL1	0.17866165935993195	0.8871703139324297	0.4226838753725296
GFI1	0.1786273866891861	0.9195953537335341	0.422643325876488
NLN	0.17862364649772644	0.8006822228203332	0.4226389077335178
ZPR1	0.17861683666706085	2.4231061990233673	0.42263085207918655
ZNF808	0.17859750986099243	1.5995726822893281	0.42260798185413817
ZNF250	0.17857742309570312	1.4480740212160965	0.4225842146532317
FXYD1	0.17857223749160767	2.85349435002411	0.4225780827136372
JAK2	0.17853790521621704	1.8262352603148684	0.42253745221934585
KIAA0513	0.1785331815481186	1.1840144251954967	0.42253187613348625
URB1	0.17846940457820892	1.0373518014776295	0.42245638827340487
CLEC1B	0.17842456698417664	0.7503831472205019	0.4224033313067839
MMAA	0.17841461300849915	1.3429372476206884	0.42239153788298456
HMGA1P4	0.17841126024723053	1.1845966043143437	0.4223875626503918
C17orf67	0.1784079223871231	1.3611521694623647	0.42238361456971846
OSER1	0.17840024828910828	3.4053178125871097	0.4223745285554667
RN7SL832P	0.17836017906665802	0.7046372350947611	0.42232710616831776
RASGRF2	0.17835061252117157	1.6926025619223657	0.42231577786327634
ADGRE2	0.17830239236354828	0.8381780283204441	0.42225867675010126
ERCC6L2	0.17830035090446472	2.6517947144892022	0.422256265782348
RPRD1B	0.17828400433063507	1.4915516641404893	0.422236903628028
RARG	0.17827410995960236	1.5478073339124292	0.42222518689446886
C2orf42	0.17827340960502625	1.1851433267766944	0.42222435148794657
ELP1	0.17825573682785034	1.389875284785055	0.422203423932839
CPNE8	0.1782529652118683	1.1519360638212883	0.4222001449659379
ARSD	0.17821983993053436	0.8158507873500443	0.42216091299060327
ZNF75D	0.1782173365354538	1.3917901040950498	0.42215794919689154
EVA1B	0.178213968873024	0.7399619935344462	0.42215396845830333
PSAT1	0.17821131646633148	0.8974888553107835	0.42215082390683445
COBLL1	0.1781868189573288	0.4953225738301131	0.4221218107682273
CENPL	0.17815934121608734	1.50148246400201	0.42208926504023164
RADX	0.17815887928009033	1.048853410386491	0.4220887036853748
HSD11B1	0.17810234427452087	0.41069985118291386	0.4220217354993008
N4BP1	0.1780880093574524	2.8036666770547742	0.4220047528228618
FANCL	0.17807650566101074	0.7472999031973068	0.42199112266150335
SRR	0.1780269891023636	0.8889633896136192	0.42193245033219184
GIMAP6	0.17802020907402039	2.8440122270949497	0.42192441949706094
CCDC30	0.17801433801651	1.3009821160543011	0.4219174563366093
ZNF678	0.17800858616828918	1.3309675871869158	0.42191064395134725
ZNF490	0.17799951136112213	0.7243511057904853	0.4218998909159796
EFHC2	0.17798767983913422	0.8318699705075487	0.42188586256200533
TTI2	0.17796690762043	1.1178705739107169	0.4218612364161398
PTK2	0.1779457926750183	0.9533072737441666	0.4218362219324439
CEP76	0.17793084681034088	1.060002211409967	0.42181850851003977
SMCO4	0.17792658507823944	1.6775235577104648	0.4218134520204015
MPV17L	0.17791405320167542	0.5806493976107046	0.42179860095712746
PRDM8	0.17790986597537994	0.7855118630717998	0.4217936296503758
STRADB	0.17787392437458038	2.5302580083467037	0.4217510169519201
TRAPPC9	0.17784947156906128	1.6353461952501787	0.42172203444148865
FCRLA	0.17784135043621063	0.7430699153078927	0.4217124026090993
PDXDC1	0.1778334081172943	2.874792922045536	0.4217029827248641
YPEL1	0.17782370746135712	1.2946102154437609	0.42169149110651044
AMN	0.1778225153684616	1.078270562078761	0.42169007091083444
CPLANE1	0.17779818177223206	1.5342384004729919	0.42166120996139855
ASB13	0.17775918543338776	1.0138975724406627	0.4216149818019307
IL15	0.17773258686065674	1.306380301371388	0.4215834319788801
RBM47	0.17772328853607178	0.9156110599579939	0.42157239414215936
PRR12	0.17771749198436737	1.3644640386332954	0.4215655337031773
ZNF816	0.17769719660282135	1.1902794483977717	0.42154145229835893
TRAM2	0.17762772738933563	1.156797252738156	0.42145905164608427
ANKRD42	0.17762625217437744	1.2991686748818876	0.42145730338811427
ZNRF2	0.17761580646038055	0.9740436136494195	0.4214449059281782
CABP4	0.17758876085281372	0.7457050301448596	0.42141281703930306
ZC3H12A	0.17753420770168304	2.537205734472165	0.42134808455058304
ZNF28	0.17750908434391022	1.3002340597211173	0.421318274411342
XYLT1	0.17750342190265656	1.1655756231697125	0.42131154946147437
C1orf216	0.1775020956993103	1.0894713997840881	0.42130997272530396
RAP2A	0.17749346792697906	1.1067360181689718	0.4212997307980002
MIER3	0.17743046581745148	1.258231744569837	0.42122496695090794
GOLPH3L	0.1774042844772339	1.5177148570274483	0.42119388214920556
INSL3	0.1774016171693802	0.7551746446054101	0.42119072038094985
LINC02453	0.1773936152458191	0.9229041528656108	0.42118121014720766
ATAD3C	0.17735862731933594	0.8699099171435696	0.42113967091708926
PDE4A	0.17734743654727936	0.8681696404442476	0.421126398035693
RMND1	0.17732463777065277	1.5712925083792528	0.42109932392321375
POLI	0.177294060587883	1.512762515024207	0.42106301133202856
TKTL1	0.17726707458496094	1.6638384408877727	0.4210309740302908
VARS2	0.17723225057125092	1.1469326971591205	0.42098961572904847
F11R	0.1772310733795166	1.2810102049189966	0.420988209348074
PUS10	0.1772286742925644	1.2614435794481373	0.4209853676108292
PYGM	0.17722178995609283	0.6682067624225471	0.4209771876895149
DMGDH	0.17716018855571747	0.810158019550002	0.4209040151890672
DOCK7	0.1771312803030014	0.8829380749971018	0.42086967572020806
LINC00562	0.1771136373281479	0.831504355673589	0.4208487167812983
ZBTB40	0.17709217965602875	1.7235391774853528	0.42082321258245964
PTCH1	0.17708872258663177	0.8970127331799475	0.42081910255879473
RALGPS1	0.1770641952753067	0.8386476220299001	0.4207899705974155
AVEN	0.17706403136253357	0.764906569915713	0.42078976364327353
CPOX	0.17705558240413666	1.1831813488883534	0.42077973292654725
ZNF382	0.17704041302204132	1.0294272179119432	0.42076170719244277
SAR1A	0.17699381709098816	3.76606266434622	0.42070633554613013
BOLA2B	0.1769796758890152	2.0922209750646834	0.4206895291047904
CTAG2	0.17691360414028168	0.12730141794772898	0.4206109900302391
ZNF740	0.1769084632396698	1.2840506805542329	0.42060487636718624
ANPEP	0.17690445482730865	0.9231269788353836	0.420600118927236
HAUS7	0.17687837779521942	1.6789722346711433	0.42056911292317495
MTF1	0.1768115609884262	1.7194626064136111	0.42048966262366044
PIGA	0.17681120336055756	1.5201415073597568	0.4204892454718555
PLXND1	0.17680823802947998	1.0390069947731448	0.420485713292153
RAD18	0.17677828669548035	1.6939347549644923	0.42045009939177586
SSX2IP	0.17677275836467743	1.461584042201097	0.42044351744845804
NOD1	0.1767561286687851	0.9969551642621614	0.42042375198687576
BRPF3	0.1767556220293045	1.1613299722187365	0.42042314713597934
TRIB3	0.17675045132637024	1.1839039929753519	0.4204169883051047
ZNF585B	0.17674779891967773	0.9782829981197343	0.4204138351315073
SZT2	0.17668533325195312	1.8459087429832224	0.4203395378008238
RELB	0.1766849011182785	2.2892937829211295	0.42033903984022014
SLC22A18	0.17666558921337128	1.644335444174507	0.42031605628013713
CD1D	0.17664740979671478	0.8746058723935679	0.4202944261148914
SHMT1	0.17662769556045532	1.3493762650023933	0.4202709699840081
NOL3	0.1766178160905838	0.5651757073984749	0.42025921945924805
HECTD3	0.17661568522453308	1.2726075505388195	0.4202566832742925
PLEKHN1	0.17661026120185852	0.6377598609047375	0.4202502388696764
HOXB-AS1	0.17660950124263763	2.2403911224270234	0.4202493403653257
UBFD1	0.17657822370529175	1.2697757754289327	0.42021211484837867
SPATA2L	0.17651842534542084	1.1680352054108147	0.42014096383875416
ZNF883	0.17650216817855835	0.8057264766131325	0.4201216175164352
AGO4	0.17648540437221527	1.5909438408425942	0.4201016575659552
ABCC4	0.1764671802520752	1.0199584875298642	0.4200799659066122
CCDC15	0.17646244168281555	0.9018278301789843	0.4200743274927837
SIGLEC10	0.17642170190811157	0.7438997059946316	0.4200258316950452
ZNF518B	0.17640846967697144	1.93657655734212	0.42001009153760155
SMOX	0.17640547454357147	0.7156739144718053	0.4200065138659021
TMEM86B	0.17639222741127014	0.9669354643058959	0.41999074489193233
KCTD10	0.1763169765472412	1.5601862659856278	0.41990115401118594
OSBPL1A	0.17629536986351013	0.9469455621023287	0.4198754142488191
NAGA	0.1762833148241043	1.4759275891543349	0.4198610594197672
FGD2	0.17624026536941528	1.1683728146827084	0.4198097897039538
MAGEE1	0.17616838216781616	1.1159646811955732	0.41972416817331915
CES4A	0.17616482079029083	1.5220754917325645	0.4197199252126793
MTMR1	0.17613725364208221	1.4329246348804898	0.41968709161513046
ZBED4	0.17613504827022552	1.5498950926736854	0.419684470359736
PTPRJ	0.17612187564373016	1.208969647799872	0.4196687723345757
TMEM143	0.17611880600452423	1.4413639338993935	0.41966511873261475
ZFP64	0.17611657083034515	0.9833010497906199	0.4196624543453683
XPR1	0.17611460387706757	1.6488516330718994	0.4196600989416529
LINC00685	0.17611069977283478	2.1855093224751996	0.4196554513988401
FAM161B	0.17609311640262604	0.7597803282212481	0.4196345109015225
HDAC4	0.17601703107357025	1.9253474741146481	0.4195438356434632
ZBTB39	0.176000714302063	0.8089509393977022	0.41952439723414214
XCL2	0.17594009637832642	0.8296826798111999	0.4194521302221831
ADPGK-AS1	0.17592863738536835	0.6245224867515637	0.41943847210446833
SLC30A6	0.17589038610458374	1.4370141319388174	0.4193928694657082
ANK1	0.175844207406044	0.6927723986778223	0.4193378192155795
LRRC25	0.17578956484794617	1.3262321268461674	0.4192726550964214
DPYSL4	0.17574761807918549	0.37508181822254283	0.41922263309931995
PSKH1	0.17574678361415863	1.4366155194825139	0.4192216314578765
TMCO4	0.1757453978061676	1.617039583195215	0.4192199874002027
SLC16A6	0.17565281689167023	0.9795147839405528	0.4191095462886677
THAP8	0.17562098801136017	0.6111009795204433	0.4190715772489679
SPAG9	0.17559731006622314	2.8611301275048677	0.4190433188710956
ANXA4	0.17551355063915253	2.1083296224532	0.4189433782412489
CD8B	0.17550604045391083	3.582594870607515	0.41893440617301253
PLCG2	0.1754080206155777	0.5597262533802639	0.4188174011790924
CPM	0.17539237439632416	0.946850102066537	0.41879873148184255
LSG1	0.17534014582633972	2.2387024488485636	0.41873636015963905
ZNF707	0.17526064813137054	1.0916439297098766	0.41864142844001173
SNX18	0.17523150146007538	1.696525397885348	0.4186066137969324
MICAL1	0.1752263903617859	2.3618053640899075	0.4186005202118038
PARP14	0.175211563706398	3.3529595095535805	0.4185827961635281
TRANK1	0.17520266771316528	2.166949725699151	0.4185721723388192
RMDN2	0.17515617609024048	0.9436932685731472	0.4185166297037417
LCORL	0.1751062572002411	1.9355281568578377	0.41845699454726487
ZNF345	0.17507444322109222	1.510571231558862	0.4184189738199236
KRBA2	0.17505139112472534	0.8769988422192833	0.4183914345553637
SH2D3C	0.17503027617931366	1.8303399072296318	0.4183661905049683
CDC42EP3	0.1750134825706482	2.7649830904043498	0.41834612012394895
L3MBTL1	0.17500337958335876	0.795222077161873	0.41833405863352835
PDE5A	0.17498958110809326	0.6229772056770507	0.4183175635146872
CAMSAP2	0.17497211694717407	0.7614683604788506	0.41829669210289233
TVP23C	0.17496643960475922	1.048803313253483	0.41828989711323655
PGLYRP2	0.1749265044927597	0.9837306678523505	0.41824216299613587
BTBD8	0.17479194700717926	0.7407927635871587	0.41808126169892584
MYO1C	0.17478416860103607	0.9365959474638504	0.4180719664481609
KLHL15	0.17477253079414368	1.228394461774278	0.41805803952313064
HSF4	0.17475782334804535	0.6133910652778157	0.4180404516265621
MIR4453HG	0.17474503815174103	1.2180371387251492	0.41802516463333533
ZNF140	0.17473988234996796	1.5127793545923927	0.418018991294206
PPARGC1B	0.17473475635051727	0.880774041359452	0.41801286507518
ATRN	0.1746751368045807	1.0102804634306166	0.4179415422790674
SEC31B	0.17464537918567657	1.4135368685612733	0.41790594855055085
KIF27	0.174630805850029	1.0166553884059533	0.41788850831432695
SNHG18	0.1746247261762619	0.5343346595478697	0.4178812268186526
ATP10A	0.1746012568473816	1.6584776184339634	0.41785314589547695
LIN9	0.17457903921604156	1.003413089618829	0.41782657389345673
ZNF322	0.17456841468811035	1.1630202441608313	0.4178138495574353
DFFA	0.1745624542236328	2.5214332118344944	0.4178067210332938
MOSPD2	0.1745396852493286	1.7774425295120913	0.417779470436327
SPRYD4	0.17452770471572876	0.9417676539713395	0.4177651363906166
ILRUN	0.1745101660490036	2.289631317630125	0.4177441436715282
POGLUT3	0.1745036542415619	1.305255731061044	0.41773634945538923
PSMD6-AS1	0.1744953840970993	0.6891575147365702	0.41772644737866355
SCFD2	0.17445555329322815	1.1556973861551834	0.41767876611329896
RFLNB	0.17444097995758057	2.7902446734037434	0.4176613196488504
KLRC2	0.17436105012893677	0.45735663415371686	0.41756562696339106
ELF4	0.17433610558509827	1.1934644286431573	0.41753575440835106
CD93	0.17431646585464478	1.1282601506088885	0.41751222970357865
ZNF182	0.17429158091545105	1.1436398143512536	0.41748243552582254
ATP11A	0.17424459755420685	1.6273083015419971	0.4174261514144736
FOSL2	0.17422428727149963	2.317605801469065	0.41740183478435644
ABHD15	0.1742018610239029	1.0740862530995146	0.41737495986183865
PNPLA7	0.17418797314167023	0.980908633134831	0.41735833192053534
EPHA1	0.17415356636047363	1.1387604833562712	0.41731709991406885
BCL2L11	0.17414937913417816	2.084933123826067	0.4173120924926451
GAL3ST4	0.17414751648902893	0.9982674250885901	0.4173098650380987
ZNF284	0.17411325871944427	0.7442656438012689	0.41726880749099293
LINC00544	0.1740453988313675	0.8336651888729512	0.41718749109829273
GFOD2	0.1740378588438034	1.4352444313266726	0.41717844088365846
POLR2J2	0.1740167886018753	0.8026832322165427	0.4171531914623456
PPP1R3B	0.17399901151657104	1.2483128244164345	0.4171318900501243
ALS2CL	0.1739623099565506	1.070062622599218	0.4170878969165302
IL7	0.17395003139972687	0.46837672000301295	0.4170731735954065
HAVCR2	0.17394468188285828	1.0409277989261452	0.41706676259829356
LINC02614	0.17393076419830322	0.6037379309706304	0.4170500729968976
LINC02084	0.17386861145496368	0.8291278560271208	0.41697555088722477
ZNF525	0.1738462597131729	1.5082399424921964	0.4169487448552478
ZNF540	0.17383544147014618	1.2748854645024772	0.4169357812416015
HEATR6	0.17383065819740295	1.511965805657522	0.4169300424904313
LONRF1	0.17382748425006866	0.8637630409093652	0.4169262263443448
KCNN4	0.1737939715385437	1.6819431386688204	0.41688604907101
HIP1	0.1737835854291916	0.7339786248873934	0.41687358172938466
SAMD4B	0.17374609410762787	2.0887163521229537	0.4168286100222094
TET3	0.17374287545681	1.1184027957733564	0.4168247627758575
HAR1A	0.17372368276119232	1.3391765391461237	0.4168017303159894
CCDC61	0.17371661961078644	1.4506894138809365	0.41679325904398695
SMG6	0.17368091642856598	2.902668867303037	0.41675041761160003
SNTB2	0.17365847527980804	1.5407420149023048	0.41672349214391496
SMIM5	0.17363695800304413	0.8015692026222346	0.41669767483264514
C2orf15	0.17363345623016357	0.9909653606542682	0.41669347648278504
TGFBR3L	0.1735261231660843	0.4621238865215203	0.41656466641651063
TRIM16	0.17350731790065765	1.6373647561018494	0.41654209042180285
NUDT19	0.1734972596168518	1.8230828405340056	0.4165300207613978
TMEM60	0.17349636554718018	2.346766645880951	0.416528949171525
PPP1R12B	0.17349307239055634	1.5804477168454065	0.41652499907170043
RETSAT	0.17348305881023407	1.1836139230892575	0.4165129780321275
CXCL13	0.17347878217697144	0.14838240760953034	0.41650784704692584
TMEM94	0.17347852885723114	1.3572506691075832	0.4165075383590008
GLIPR1L2	0.17338784039020538	0.5946330749554652	0.41639866339504433
PAQR7	0.17338740825653076	0.7685066860640186	0.4163981356419476
LXN	0.17337816953659058	1.7240588939052888	0.41638705165147455
SIDT2	0.17337566614151	1.5129067322303509	0.4163840309750603
CXXC5	0.17335106432437897	1.3844199236553747	0.41635450006341385
RAB27B	0.17331437766551971	1.103520398167358	0.41631042895611
SEC14L2	0.17329245805740356	1.6364349531031204	0.4162840998308002
PRAM1	0.1732802838087082	1.5548777174903972	0.41626948048617324
PTBP2	0.17325855791568756	1.9109244424264549	0.4162433815185811
RAB34	0.17323414981365204	1.7658877458380557	0.41621406076791334
SNX11	0.17321954667568207	1.5023367877664238	0.41619653197985307
AGO2	0.17317287623882294	1.8674846047185847	0.41614044997906163
KNTC1	0.17310506105422974	0.9520118104086982	0.4160589588320267
HOOK1	0.17303840816020966	1.8724215702078808	0.4159788597442273
TNFAIP2	0.17303289473056793	1.5746911901167069	0.4159722264927463
AHNAK	0.17299789190292358	4.341481234378741	0.41593016010898587
IQCH-AS1	0.1729932576417923	0.8264082335078397	0.41592458673253563
LRRK2	0.17299030721187592	1.3659367250756742	0.4159210285318083
TAGAP	0.1729474663734436	3.8425040304432425	0.41586953566574264
SERPINI1	0.17287999391555786	1.4495934225133553	0.4157883962659513
SH3BP5-AS1	0.17287087440490723	0.9912915743630508	0.41577744192292915
NFS1	0.1728682965040207	1.3062784719741207	0.4157743272458173
ARFGAP1	0.17285001277923584	1.6907933034659346	0.41575233736571027
TAF5L	0.17284934222698212	1.1574330303632436	0.41575154011582194
ZXDC	0.17283867299556732	1.5662029008755738	0.4157387146935532
GALNT6	0.17281627655029297	1.243735067574914	0.4157117654227797
PAOX	0.17281508445739746	1.047825928848822	0.41571034262650775
GTF3C4	0.1727605015039444	1.0836448074528997	0.41564468714733943
MON1A	0.17273512482643127	1.157090522377427	0.41561415059445134
APOBEC3F	0.1727297455072403	0.9774540882000978	0.4156076842543734
ZNF839	0.17272613942623138	1.2302801287037202	0.4156033517521918
ANKLE1	0.1726691871881485	0.3331243530258365	0.4155348161299616
CENPW	0.17264507710933685	0.9836459256908446	0.4155058052049441
POC1B-AS1	0.17264503240585327	0.9567558259571193	0.4155057578523433
SKAP1-AS1	0.17263519763946533	0.6493891489574279	0.4154939196846007
PPBP	0.17259831726551056	4.045898583656983	0.4154495439507933
DBNDD1	0.17257779836654663	0.5450873945293755	0.4154248393992951
SH3TC1	0.17257699370384216	1.3010293628977634	0.41542387432104333
ZNF234	0.17256087064743042	1.1645580420548889	0.41540447046830103
RCOR1	0.17249658703804016	1.6915764630525962	0.4153270857449883
BICRA	0.1724599450826645	1.1607431354878963	0.4152829677092235
CXorf38	0.17240828275680542	2.7823334822709533	0.4152207685128077
RAD52	0.1723465621471405	0.993731786693193	0.41514642780724714
SULT1A3	0.17234309017658234	1.0282160985743862	0.4151422556372941
SLAMF1	0.17228931188583374	2.194196797878806	0.41507748075747947
ZNF677	0.17227257788181305	2.249237296453381	0.41505732344643187
ZNF365	0.17225980758666992	0.6180400737629083	0.4150419428624749
TNFAIP1	0.17220357060432434	1.0999242866633039	0.41497418110167217
SLC8B1	0.17218609154224396	2.5790792849785524	0.41495311485368674
MORN4	0.1721789389848709	0.6479639262531909	0.41494450906122093
POLE	0.17216502130031586	0.8550012115660298	0.4149277308637973
MIPEP	0.1721632480621338	1.2604446778808973	0.414925594067457
TUBGCP4	0.17215803265571594	1.8028151936457988	0.4149193141779857
NEK8	0.17211103439331055	1.477812569602696	0.41486267015502165
DTWD2	0.17210151255130768	0.9924956875285883	0.41485119342943483
ANKRD28	0.1721002608537674	2.7695485791940797	0.4148496784707306
ZNF785	0.17209452390670776	0.9504036588230352	0.4148427665433208
FAM30A	0.17206968367099762	1.0106802638691503	0.41481283799060703
TESC	0.17206890881061554	1.7094322251177383	0.4148119044949188
EVA1C	0.17205984890460968	1.5862406193068201	0.41480098216921524
ATP8B2	0.1720593273639679	2.27995910270004	0.4148003530732348
TMEM204	0.17204825580120087	2.871700866012281	0.414787004470846
MMUT	0.1719954013824463	1.4081564030656413	0.41472327446380475
TNRC18	0.1719881296157837	1.1765239591571106	0.4147145205528273
ZSWIM4	0.17197391390800476	0.5091430690153805	0.4146973755082767
BTN3A2	0.171941339969635	4.177978901114043	0.4146581068466825
ALAS1	0.1719329059123993	1.6272102190160203	0.4146479267169455
ZNF837	0.17190533876419067	1.0997288567353025	0.41461469028822556
PLXNB2	0.1719026267528534	1.199986192344249	0.4146114143458355
CHEK1	0.17189311981201172	1.009361756715738	0.41459995729956106
BTBD1	0.1718921959400177	1.9685449422090904	0.4145988363004733
ALDH3B1	0.17186513543128967	0.7567902626434049	0.41456620265746597
SEZ6	0.1718021184206009	0.6498526698442254	0.41449019540202137
SNX30	0.17175240814685822	1.1015143348796157	0.41443021895987053
PUDP	0.17175059020519257	1.5740271746198793	0.4144280325205035
SLC16A1-AS1	0.1717461198568344	1.4543298567391902	0.4144226297772534
FN3KRP	0.17173166573047638	2.0215304487053003	0.4144052013285599
ZNF30	0.17171573638916016	1.0117847517532408	0.41438598216357825
MEF2D	0.1717059165239334	1.8027347705373362	0.4143741340108748
MTG1	0.17165401577949524	1.935931363096639	0.41431150353874024
PCYOX1L	0.1716390997171402	1.3749898753175334	0.414293501695889
SUCO	0.17162877321243286	2.5972749894606197	0.41428102287771995
SLFN12	0.1716126650571823	1.1704902430261233	0.4142615987920364
DGAT1	0.17158813774585724	1.448287357658262	0.414231990566933
USP28	0.17158424854278564	1.3345124126622503	0.41422729015234233
BUD13	0.17158174514770508	1.52482346122749	0.41422426647320587
CELSR1	0.17156456410884857	0.44619159814384246	0.4142035354670233
ZNRF1	0.1715599000453949	0.6461473323718798	0.41419790282185515
PPFIBP1	0.17154842615127563	0.8925222498703733	0.4141840402586584
HDAC6	0.17149168252944946	1.7704872390776303	0.41411554262323824
CYP3A5	0.1714857518672943	1.8067827311512155	0.41410838874431516
PTCD1	0.17147168517112732	1.263191313008239	0.41409139184440547
CDC42SE1	0.1714409589767456	4.898608376696648	0.4140542947230375
MYBBP1A	0.1714368313550949	1.6960428982858913	0.4140493174879931
DCTN4	0.17142504453659058	2.0689712064019563	0.41403508135667616
F2R	0.17139223217964172	1.075459487022568	0.4139954580638357
CD79A	0.17136603593826294	2.883265944047906	0.41396380974546454
DDX31	0.17136484384536743	1.310313888436533	0.4139623622545006
AMIGO1	0.1713317334651947	0.9351837287917448	0.4139223755557095
ALOX5AP	0.17132417857646942	4.561808837327921	0.4139132582710373
SLC35F2	0.17131929099559784	1.149386923774449	0.4139073500042747
PLXDC2	0.17130103707313538	1.0946362741377162	0.4138852969784107
DCAF12	0.17126671969890594	1.503557199376753	0.41384384033664895
ZNF420	0.1712653487920761	1.6990454908303374	0.4138421721898815
PSMD6-AS2	0.17122940719127655	1.439732345127968	0.4137987510963771
LPGAT1	0.17122255265712738	2.425132161812764	0.4137904647464062
MGAT2	0.17120878398418427	2.3212460768177134	0.41377383147487046
CIPC	0.17119215428829193	0.7924232187741561	0.4137537390916071
SMG5	0.17116230726242065	1.5264593496404846	0.41371766552321515
CCDC102A	0.17113204300403595	1.122397164389548	0.41368109493481686
ZNF628	0.1711253821849823	1.2174311139802823	0.4136730449147024
MAP3K20	0.17111942172050476	0.9212247896011762	0.41366583329684387
PDCD2L	0.17109419405460358	1.4352746169685862	0.4136353396369563
DUSP7	0.17107225954532623	1.083540969653148	0.4136088265262526
NEK6	0.17105290293693542	0.8734690424811338	0.4135854326522325
PTTG1	0.1710204929113388	2.438480206833032	0.4135462404149057
ADAM12	0.17099995911121368	0.5271037004003123	0.4135214057810121
METRN	0.17096732556819916	1.0187904766236229	0.4134819605130945
NSD2	0.17095163464546204	1.7670202485903013	0.41346298152014993
NAGLU	0.17092308402061462	0.8421586886676335	0.4134284524921576
RBMS3	0.17091135680675507	0.43930067601560174	0.41341427421716104
GPC2	0.17090870440006256	0.8493824745046681	0.41341105209590084
CDK13	0.1708727926015854	2.6947879065042253	0.41336762209956124
STARD9	0.17086929082870483	0.7277492473180267	0.4133633882498177
TAP1	0.17084833979606628	3.734844053385358	0.41333805007653085
FAM161A	0.17084084451198578	1.2945885807846698	0.4133289711213002
SLX4	0.17083896696567535	0.7244863374822441	0.4133267133324894
KRT18	0.1708264946937561	1.3838299172591433	0.413311617034971
GPR35	0.1708134561777115	0.7591108031770736	0.4132958488759251
CAMK2N1	0.1708023101091385	0.6965904986607161	0.4132823555466899
ZSCAN21	0.17078979313373566	0.7808676984917615	0.41326721652082254
USP30	0.17074650526046753	1.0075397322461066	0.4132148394186931
GON7	0.1707071214914322	2.261335786046653	0.41316718447324774
ZDHHC2	0.17069657146930695	2.1993845395201466	0.4131544120702427
PDE1B	0.17066822946071625	0.652970216454674	0.41312012050697944
MTFR1	0.1706663966178894	1.0340450491142457	0.41311789433061213
MATK	0.17065013945102692	2.338151063270496	0.413098215836931
GAPT	0.17064779996871948	0.9316246309157076	0.4130953811020577
ZNF10	0.17058828473091125	1.513668585326023	0.41302334300021104
CCDC88B	0.17057639360427856	2.6297795101143846	0.4130089588080127
MTBP	0.17053931951522827	0.7895517595312148	0.4129640704839387
NUP43	0.17053352296352386	1.4606390604570907	0.4129570485932899
TBCEL	0.17047780752182007	0.9963121957134926	0.41288958175092094
EPB41L3	0.17047029733657837	0.7861154316942354	0.4128804840956001
LINC01781	0.17046701908111572	0.7226274286992705	0.4128765094900036
MPEG1	0.17045395076274872	1.8750315575764096	0.41286069879162557
ZNF134	0.17040857672691345	1.4636027605140802	0.4128057379281991
STXBP4	0.17040541768074036	1.0579649342430963	0.412801906288511
HYLS1	0.17037928104400635	1.0515044563346438	0.4127702577840008
C14orf93	0.17032523453235626	1.399251703672482	0.4127047768458172
ZNF616	0.17031800746917725	0.7242064271621778	0.41269601454884913
MXRA8	0.17029090225696564	0.4406563917681632	0.41266318052848594
TDRKH	0.17027181386947632	0.9093862818803824	0.4126400562805428
GNL3L	0.170264333486557	2.45860521089985	0.4126309949693349
SNAI3	0.17025062441825867	1.625723547634037	0.41261437766603865
ANKRD40	0.17021232843399048	2.129079712533403	0.4125679701074281
FBXO46	0.17020756006240845	0.9212325404316073	0.41256218057665733
SLC2A3	0.17017939686775208	4.612298474001245	0.412528060209955
DAPK1	0.1701476126909256	0.7729125775368277	0.412489538821263
LYPD2	0.17013970017433167	0.7547374179879368	0.4124799433959258
ZNF483	0.17013119161128998	1.2757996900785016	0.41246962431288925
ZNF546	0.17011621594429016	0.7593934119204452	0.4124514719145331
MOSMO	0.17010721564292908	1.4158314206134315	0.412440564566736
TAB3	0.1700851172208786	1.5599533376565837	0.4124137646651783
CDK8	0.1700778603553772	1.7241623029398279	0.4124049750508905
DNAJC13	0.17007243633270264	1.798184952059925	0.412398401320715
TBC1D32	0.1700669527053833	1.4825056314011644	0.41239173859174955
ZNF485	0.17006631195545197	0.7965755012186094	0.4123909698526435
MAP10	0.169976606965065	0.6627968259698129	0.41228219996280796
IBA57	0.1699729859828949	1.5201211288514265	0.41227779857274705
KIF1C	0.16996318101882935	1.1557659047773514	0.41226591245221256
GPBAR1	0.16993439197540283	0.8484148463070165	0.41223100183385253
GPR137B	0.16989213228225708	1.2891094925531483	0.4121797239850301
TIMP2	0.16988930106163025	1.2677564282983655	0.4121762989602509
OSBPL5	0.16988874971866608	0.6345872374329987	0.4121756334632656
COPB2	0.16986611485481262	2.313399285420604	0.41214816340417915
NCR3	0.16984550654888153	2.728765675391274	0.4121231770412305
NFYC-AS1	0.1698286086320877	0.9676155817919764	0.4121026723606155
KCNK6	0.1698252260684967	1.53117949124497	0.4120985556147613
DOLK	0.16981269419193268	0.8152122278323118	0.4120833556583564
CXCL16	0.1698065847158432	1.343474107798032	0.41207594254635166
PLD6	0.16976241767406464	1.4702474369856589	0.4120223466745484
ZNF717	0.16972297430038452	1.2449436860294634	0.41197447510915375
FRMD3	0.1696963757276535	0.6813190139801566	0.41194219856678127
TBC1D24	0.16969212889671326	0.8974249215646722	0.41193703968976747
TMEM187	0.16966994106769562	1.6449901616893052	0.41191011405255595
RNF213-AS1	0.16966703534126282	0.47922411672342785	0.4119065864086787
PLXNC1	0.16964872181415558	1.4726797989730178	0.41188435711527793
RASSF4	0.16964204609394073	1.1948884190042357	0.4118762460147345
NAPEPLD	0.16957618296146393	1.4531121228846553	0.41179629017902686
RNF31	0.1695689857006073	0.4913352059336001	0.41178755796897537
PPM1F	0.16955099999904633	1.4680790793850047	0.4117657056799399
CLASP1	0.16953405737876892	1.7156530510191716	0.41174513246309263
DDIT3	0.16950587928295135	3.1113930872116966	0.4117109119641987
TRIM47	0.1694698929786682	1.327571269881223	0.4116672166611899
DDX43	0.16945287585258484	0.5351426395305728	0.41164654695056424
HYI	0.16944561898708344	1.9488924883334573	0.41163772253414993
PLAT	0.16941651701927185	0.488228683784547	0.41160237483549805
UVSSA	0.16939261555671692	1.6279878499864162	0.4115733486444586
GPR146	0.1693810075521469	1.5411692165780342	0.4115592388285363
EPB41L5	0.1693686544895172	0.8726777124907322	0.41154423597169343
MAFG	0.1693614423274994	1.073527853150934	0.41153547413399244
LGALS1	0.16935382783412933	5.468259405815738	0.4115262265668388
ARL10	0.16934920847415924	0.9184036406749053	0.4115206112495782
KIR3DL2	0.16933989524841309	0.48759146128920305	0.41150929664321656
CLDN7	0.1693318784236908	0.6974995146537649	0.4114995469518202
RNF144B	0.16930998861789703	1.391169714630792	0.41147295796418343
SLC8A1	0.1693054884672165	0.7018815318971758	0.4114674844442639
DENND3	0.1692376434803009	1.3989671263201484	0.41138503800931414
ANKRD52	0.16923241317272186	1.4029101464483473	0.4113786773880268
TRIM32	0.16922862827777863	0.8541667534473756	0.41137408132737896
LINC02447	0.16922225058078766	1.0739581459326761	0.41136633004007656
BMPR2	0.16917060315608978	1.8252510832644058	0.4113035481807363
ZNF852	0.16916519403457642	0.7389899349532365	0.4112969570747841
ZNF408	0.1691562384366989	1.3867859726207923	0.41128607876759155
TIPARP-AS1	0.1691494733095169	1.8417686886257596	0.4112778527783127
TADA1	0.1691344976425171	1.5638027118083617	0.41125964887063776
ZDHHC5	0.1690922975540161	2.0496934410255987	0.41120833688936975
CEP295	0.1690848022699356	2.263783022361697	0.41119921572582263
ZBED6	0.1690845936536789	2.5088608703394044	0.4111989789429964
RWDD2B	0.1690770983695984	1.6187508167891667	0.4111898569303823
UTP14A	0.16894543170928955	2.4304712494671117	0.4110297254747059
TAPT1	0.16894395649433136	1.6488172973709545	0.411027926478235
CTTN	0.16894249618053436	0.9671099362930575	0.411026142517131
TRIM25	0.16890618205070496	1.8442483869777329	0.41098197647372064
PEX6	0.16889753937721252	1.494797756959652	0.410971457010387
FAM118B	0.16887904703617096	1.2104516019081246	0.4109489676547019
DPP3	0.1688651293516159	1.8186815618555208	0.4109320332779202
SERF1A	0.1688581258058548	1.0340115871009241	0.4109234988134146
RBM44	0.16883976757526398	0.7441425695729895	0.410901156947787
ARL4D	0.16881245374679565	1.0172579532267947	0.41086791920681026
SBNO1-AS1	0.1688075214624405	1.9673762536140238	0.41086191737849553
FAN1	0.16880691051483154	1.6454245961945633	0.4108611885168534
HSD17B4	0.16879022121429443	1.9237608450582657	0.41084086554812443
PYCARD-AS1	0.16871994733810425	0.9808153908028914	0.41075533165714834
LIMK2	0.1686795949935913	1.2240737101127361	0.4107062142646526
TNFRSF13C	0.1686231791973114	0.699752609505964	0.41063752410462495
LRP6	0.16861960291862488	0.6649329215288162	0.41063316654704163
NRBP2	0.16859614849090576	0.7418429898347891	0.4106046158356066
ZRANB3	0.16859231889247894	1.3720252177039325	0.41059994805021965
FAM229B	0.16857977211475372	1.6170801597993492	0.41058467511076185
STXBP5	0.16857384145259857	1.0837924445040839	0.4105774467132401
ZNF133	0.1685616374015808	0.938801289461125	0.41056257781624705
PELI1	0.16853925585746765	2.912727765653325	0.4105353249170745
PI4K2A	0.1685253530740738	1.2584960845466775	0.4105184013203144
CENPE	0.16846059262752533	0.7440567874702914	0.410439506495966
OGFRL1	0.16845154762268066	1.947511703346881	0.41042849309956125
ATG2B	0.16844725608825684	1.5449065207521577	0.41042326173221966
ZSCAN25	0.16842962801456451	1.2595038071446034	0.4104017929419678
GPD1L	0.1683656871318817	1.2628385595891667	0.41032387892297795
PYGO2	0.16835537552833557	1.7342614985973899	0.4103113094983517
TAF4B	0.16834306716918945	1.4666865383528203	0.4102963172578067
WHRN	0.16833975911140442	0.7258680626692899	0.4102922855445703
RAP2C-AS1	0.1683369278907776	1.1933502089018109	0.41028883503949337
DPY19L3	0.16833613812923431	0.7494260794358235	0.4102878724729677
ITPRID2	0.16831442713737488	1.7713568502915773	0.4102614216854242
TOP2A	0.16830086708068848	0.7373676638893241	0.410244892834169
TEX2	0.16826410591602325	0.7151580797758139	0.41020008856807133
CTSH	0.1682581901550293	2.8554512353692476	0.4101928654722921
SLC2A6	0.16825544834136963	1.1578601527944836	0.4101895338086572
HOMEZ	0.16825495660305023	1.2855310838569627	0.4101889277153061
FAM171A1	0.16825473308563232	0.7932212887710082	0.41018865279700284
TTC21A	0.16825301945209503	0.6545402973433564	0.4101865577927387
ZNF623	0.16823847591876984	1.077244065159582	0.410168842182518
GVQW3	0.16821584105491638	0.8999882742933843	0.4101412522036146
BCL2L1	0.1682155877351761	1.7248477641193347	0.41014093204374447
NR3C2	0.16820518672466278	1.5389192353263212	0.41012825807711206
TNNC2	0.16817642748355865	0.9146906519986661	0.41009318623564345
FKBP14	0.1681763231754303	0.9529594660262038	0.41009307342650014
NCOA5	0.16817209124565125	1.2474227714355879	0.41008791414308055
ULK2	0.16817064583301544	1.7315851477370865	0.41008613976513375
SLC25A30	0.1681666225194931	0.8822899908398303	0.41008124555739284
CD1C	0.16816215217113495	0.8219368720420019	0.41007578947709084
IL15RA	0.1681540608406067	1.425506157322405	0.4100659297660061
CD40	0.16812504827976227	1.1486961175883867	0.4100305525036949
LDAH	0.1680852323770523	1.4830278785064304	0.40998199847035394
SLC35D2	0.16807393729686737	1.5035440049408952	0.4099682220711945
ZNF671	0.16804815828800201	1.2018990755309547	0.409936773579279
ADAP1	0.16802792251110077	1.2754938194806549	0.40991209012336943
RAB30	0.16795919835567474	1.9404878175578355	0.4098282494617322
PDE9A	0.16795317828655243	1.298950982048137	0.4098209166931295
FUCA1	0.1679466813802719	1.247715459016091	0.40981298384260734
PRSS23	0.16792698204517365	0.7576040012968911	0.4097889485101395
FANCA	0.16789773106575012	1.006306618223702	0.4097532560508393
ATXN2	0.16788780689239502	2.6765291649719765	0.4097411485079358
FGF14-AS2	0.16788610816001892	0.8567231112513048	0.4097390730592354
TSTD2	0.1678438037633896	1.7327918981226924	0.40968744886162106
MKI67	0.16782422363758087	0.4754442809527861	0.40966354294411883
CCDC152	0.16781224310398102	2.09989637661711	0.40964893394601787
POLR1B	0.16780978441238403	0.9817727800758406	0.40964592665080424
TMOD1	0.16776731610298157	0.6243225518200133	0.40959408111123047
GNE	0.16776148974895477	1.184682285648653	0.4095869832070602
ROCK2	0.16775356233119965	1.8694393235148141	0.40957729351998623
FLVCR1	0.16775070130825043	1.4753949619344369	0.40957379599114624
PTAFR	0.16772688925266266	0.6884781791332582	0.40954472790420404
TOR1B	0.16772475838661194	1.3309815956486597	0.40954213331246325
RNF185	0.16771341860294342	1.3068717178028662	0.4095282828479564
EVI5	0.16769526898860931	1.007893136977236	0.4095061363654718
PTGR2	0.1676567643880844	1.178404122020093	0.4094591143246613
MORN3	0.16762983798980713	1.8501588355079008	0.4094262354675345
SLC24A1	0.1676168292760849	0.6233180061953277	0.40941034866460624
CENPU	0.16761544346809387	0.8636241250910521	0.40940864718138764
LINC02482	0.167588010430336	2.2757988483056253	0.4093751389852674
SCAF1	0.16757887601852417	1.5094082821374653	0.4093639826368368
ZNF200	0.16756071150302887	1.275101319925995	0.40934180054385905
N6AMT1	0.1675439178943634	1.4214496846628373	0.40932128371966076
TMEM268	0.16750174760818481	0.9805641419814464	0.4092697766352086
B3GNTL1	0.1674855500459671	1.219379025743382	0.40924998767152465
KLHDC10	0.1674809604883194	1.6041243539916143	0.40924438045387374
GDAP1	0.1674417406320572	1.1602039269788968	0.40919646091678363
SIK2	0.16743412613868713	1.0317180537515216	0.4091871448055488
APAF1	0.16740788519382477	1.764494739958153	0.4091550805770408
BATF	0.16738013923168182	2.7446208214851175	0.4091211707084842
CDA	0.16737905144691467	1.3984203392290064	0.40911985480491014
CD99L2	0.16735334694385529	1.073929487574146	0.40908843544565193
IRGQ	0.1673445850610733	0.9066660784441849	0.40907772874646087
CERS4	0.16732752323150635	1.8181134800344592	0.4090568636969376
PEAK1	0.16729508340358734	0.8864815370447334	0.40901720860250457
CLC	0.1672949343919754	0.3439919655978451	0.4090170321090201
KBTBD7	0.16729184985160828	1.3680765611686925	0.4090132608276441
CCAR2	0.16727705299854279	2.1476306111419796	0.40899517229075694
TRIT1	0.16724622249603271	1.4121737797598273	0.4089574876194763
RCN3	0.1672307699918747	1.0483043470716111	0.4089385817637367
MYPOP	0.1672152280807495	1.1808021871294556	0.4089195819354645
TMEM200A	0.1672142744064331	0.5293926960892148	0.4089184244683135
KCNQ1	0.16721369326114655	1.529122179837976	0.4089177026619055
TMEM62	0.16720084846019745	1.0305584208376106	0.4089020092030901
TPM2	0.16717763245105743	1.0809131028323338	0.4088736141440127
RPS6KA2	0.16716653108596802	0.6416534177987512	0.40886004198085335
NEK4	0.16712234914302826	1.2525952047315136	0.4088059965442901
THNSL1	0.16711439192295074	0.8361340142301216	0.40879626467239044
LRRC27	0.16711296141147614	1.0750480418689405	0.4087945159727072
FEN1	0.16710296273231506	1.605564441489077	0.40878229450238246
ZBTB2	0.16708996891975403	1.8409725907205166	0.40876639920502306
ARHGAP44	0.167071133852005	0.5403314739808269	0.40874335356188435
PFKFB3	0.16704759001731873	1.6031407146389913	0.40871455195960776
PITPNM2	0.16701646149158478	1.205304372813053	0.408676474050413
COQ3	0.16695769131183624	1.139472620811499	0.40860455760032105
FBXL6	0.1669226437807083	0.9441099957031308	0.40856167508787056
SLC14A1	0.16690663993358612	0.9633281090478788	0.4085420958205999
DNAL1	0.1668911874294281	1.374155769859694	0.40852318106609103
KMT2D	0.1668708324432373	1.7766114558981754	0.40849825604574996
ATP7A	0.16683758795261383	1.4116114037703738	0.40845756388528137
ZWILCH	0.1668277382850647	1.3461049920754415	0.4084455055399187
IL6R-AS1	0.16681933403015137	0.6894064086607132	0.40843523118568736
AP5B1	0.16681496798992157	1.0776592733987904	0.4084298749910401
RGS9	0.16680723428726196	0.5401244847482192	0.4084204188923853
NOP9	0.16680575907230377	1.0711244115199166	0.40841860133039554
HINT3	0.1667969971895218	1.7511327314650875	0.40840787972770487
HPS5	0.16677649319171906	1.8787957343105155	0.408382771496951
ZNF124	0.16675636172294617	1.6742550803783753	0.40835812449122927
MAML3	0.16671334207057953	1.2876381296307648	0.4083054569120505
MUC1	0.16667453944683075	0.5594235547315115	0.40825793522785814
CDK2AP2	0.16666758060455322	3.22284208951782	0.4082494043823736
HSPBAP1	0.16664452850818634	1.9928539760724795	0.40822117234453853
DHFR	0.16660967469215393	1.972714514339564	0.4081784924414769
ATP8A1	0.16660863161087036	2.388733975732007	0.4081771983477256
HCG11	0.16658654808998108	1.3305529405102419	0.4081501501423388
STAC3	0.1665525585412979	0.8077032745341232	0.40810851561717804
TIAM2	0.16654129326343536	0.757414773905871	0.40809470886570476
DFFB	0.1665332019329071	1.3962217323853139	0.4080848059886338
ZNF862	0.16652697324752808	1.0781920377550454	0.40807716346453515
ZNF606	0.16650748252868652	1.4549917946373365	0.40805327515909506
TLK2	0.16650688648223877	2.4035352322333616	0.40805254557410325
MYCBPAP	0.1665002405643463	0.602713153793894	0.4080444167752733
VPS50	0.16649125516414642	1.5628377320209226	0.4080334024576426
LINC01252	0.16639229655265808	0.7359660150790123	0.407912122876558
ITPK1	0.1663452833890915	1.552420589544764	0.40785447969457267
ZNF212	0.16633906960487366	0.9877971979393356	0.40784686328739883
TP53INP1	0.16633731126785278	1.982658874942882	0.4078447125980443
TTLL5	0.16632118821144104	1.4333229181410252	0.40782494828794663
TMEM237	0.16623932123184204	1.1107664462821236	0.4077245685964935
LILRB2	0.16620753705501556	1.631673250961121	0.40768558774759933
MPHOSPH9	0.1661786437034607	2.815832604850389	0.4076501514057203
GEMIN5	0.16616703569889069	1.1523699301412735	0.4076359031332591
EXOC5	0.16616100072860718	2.6488607514406985	0.4076285159441974
THEMIS2	0.16615591943264008	2.6722929875055947	0.4076222782542834
DHX37	0.16615232825279236	1.6876967971809065	0.40761786796617583
ZW10	0.1661142259836197	1.1554362912059286	0.40757113597086847
VWA5A	0.16611137986183167	0.8932247961161237	0.4075676362710311
MEST	0.16603422164916992	1.1891650375963627	0.4074729661762847
SNPH	0.16596221923828125	0.7541436816769085	0.4073846157772954
FBXO38	0.16594326496124268	1.9359075111904362	0.4073613455045709
LINC01684	0.16593725979328156	0.8532590637147655	0.4073539817559364
PLAGL2	0.16591157019138336	1.0405559342254624	0.4073224375081219
MEGF6	0.16584832966327667	0.9887923771279982	0.40724480733513485
ST6GAL1	0.1658269762992859	2.828406183198951	0.40721859108546854
C3AR1	0.16582608222961426	0.7320562892261593	0.40721749100169174
CLEC16A	0.1657833606004715	1.297607822779038	0.4071650240251573
SLC9A1	0.1657760590314865	1.2014168605950601	0.407156063942926
SYT2	0.16575855016708374	0.20077142276412227	0.407134559276092
ZNF667	0.16575205326080322	0.4200356960639186	0.40712657712463435
TMCC1	0.16571536660194397	1.5628514377778517	0.4070815155125579
DHFR2	0.165692999958992	1.3296390560052405	0.40705405597303707
ZNF620	0.16568632423877716	0.7268648860669228	0.40704585449527236
CD82	0.16568505764007568	3.2777506825567664	0.40704429160242
DMXL2	0.1656668335199356	1.5121166696950394	0.4070219004091397
RECQL5	0.16564801335334778	1.2152282533974483	0.4069987835176005
POU5F2	0.16563065350055695	1.2221679890749555	0.40697746455583406
EHD4	0.16559863090515137	2.5916540595306747	0.40693811004204394
SERPINB9	0.16557878255844116	3.0253379431720893	0.40691373150168814
STARD4	0.16553713381290436	1.276763659441608	0.4068625527446276
NDUFAF1	0.16551712155342102	2.0840700556491982	0.4068379601298694
YRDC	0.16547660529613495	2.3891506644957823	0.4067881610789859
L2HGDH	0.1654687374830246	0.8966437279036219	0.4067784912060697
MYL5	0.16546283662319183	1.6254370967318728	0.40677123250948366
LINC00092	0.16545674204826355	0.5261851464080628	0.40676374730100223
SIRPB1	0.16541458666324615	0.8381304039238057	0.4067119299537258
ANKDD1B	0.16541393101215363	0.5544338761275756	0.4067111101514325
ZNF335	0.16541188955307007	1.9832600400822373	0.40670860038356793
PEX26	0.1654103845357895	2.2636671829040935	0.4067067469112313
PIK3CG	0.16538086533546448	1.6251339811931624	0.40667046979488153
GCLC	0.16537952423095703	1.4572267587157501	0.4066688069121023
ATG101	0.1653677523136139	2.3416509932028378	0.40665433870676176
LUZP1	0.16536018252372742	2.7729977341904037	0.40664504026056425
BIVM	0.16532504558563232	1.2791975147422703	0.40660182674168543
NOMO2	0.16530323028564453	0.5250609669820102	0.4065749960226055
FAXDC2	0.1652992218732834	0.5859758100861334	0.4065700643803916
TNFSF13B	0.16527509689331055	2.7497994484115833	0.40654040206170416
TRIM2	0.16522835195064545	0.7388354386863124	0.40648291000134174
CASD1	0.16519445180892944	1.7142825539998168	0.40644120146771157
SAXO2	0.1651790291070938	0.3684806849422126	0.4064222312335219
BTK	0.16517165303230286	0.9678649000852044	0.40641315606073425
MSANTD2	0.1651356965303421	0.9983342230548347	0.40636891867867736
CSNK2A3	0.16507656872272491	0.43808041347397697	0.4062961608176498
STOX1	0.165070042014122	0.366395844467755	0.4062881177702652
LMBR1	0.16506126523017883	1.8547919678048612	0.4062773212688189
LINC02694	0.16505524516105652	0.5156294432579329	0.4062699195068017
PIGV	0.16504594683647156	1.038784988881071	0.40625847406849386
SETD1B	0.16504167020320892	2.298721932360039	0.4062532046384276
LINC01011	0.1650030016899109	1.6172397721316165	0.40620560897285585
ACTR3B	0.16500046849250793	1.2096957341692913	0.40620249488358995
SYVN1	0.16498573124408722	1.6600954710752114	0.4061843492870074
DIP2C	0.16496017575263977	0.741240945298553	0.40615289056156756
ECT2	0.1649232804775238	0.5492306651683146	0.4061074689619977
PIK3C2B	0.1648993194103241	1.0554365843420284	0.40607796635957893
SLC16A5	0.16487842798233032	0.7908480954695478	0.4060522545844168
OXT	0.16487601399421692	0.9032743191810403	0.4060492722701093
HSH2D	0.16486965119838715	2.7174655418286378	0.4060414381578568
SLC41A1	0.1648675948381424	1.7866571053462923	0.40603891093925026
LIN37	0.16484731435775757	1.001527306277633	0.4060139324488525
SPINT1-AS1	0.1647428423166275	0.7343075286268731	0.40588526349627935
HK2	0.16470161080360413	0.6739657907764574	0.4058344609361495
NCOA6	0.16466893255710602	1.8083760283915933	0.405794208916185
MBNL1-AS1	0.16465210914611816	1.1172041276405598	0.40577346832084665
ERN1	0.16462871432304382	2.884695905378495	0.4057446477149628
MPND	0.16462086141109467	0.9778605866820419	0.4057349696474194
CAMSAP1	0.16461823880672455	1.2565599055354166	0.40573172976814076
ATG9B	0.164598286151886	1.512285875634672	0.405707152025852
LEO1	0.16456392407417297	2.331052687433031	0.4056647880485242
AOAH	0.1645413488149643	1.877290495510759	0.4056369618306442
SNCA	0.16450989246368408	1.3017462939594897	0.4055981902005489
SYP	0.16449962556362152	0.6571261362668654	0.40558554180844203
SLX4IP	0.16448864340782166	1.2671035289536035	0.4055720043783361
HIVEP3	0.1644759625196457	2.1694085972519215	0.40555635675564594
ESAM	0.16447331011295319	0.7414001167048896	0.40555308371361476
SNX20	0.16445548832416534	2.7220321240553	0.4055311161930235
ZKSCAN5	0.1644420325756073	0.8084524876199006	0.4055145210849586
AASS	0.1644236147403717	0.5611567533792664	0.40549182688339297
FKTN	0.16441906988620758	1.2726379926405647	0.4054862127505257
GPATCH1	0.16439901292324066	2.034028606168155	0.40546147940134786
CRHR1	0.16439323127269745	0.6088759303092957	0.4054543504369413
FYCO1	0.1643877476453781	1.117167658846954	0.40544758601397396
PINK1	0.16438762843608856	1.3587851329096432	0.40544743801728994
NAA40	0.16437256336212158	1.2627945549186619	0.4054288606589506
GCNA	0.16436785459518433	0.7611088204086969	0.40542305198935585
NOL6	0.16436588764190674	1.0213578991963033	0.40542063542358814
IL6ST	0.16436181962490082	4.108259401102176	0.40541562162124206
TRIM68	0.16434958577156067	0.8626846496972088	0.40540052471851545
TPCN2	0.16434821486473083	0.8770117598132612	0.40539883402576954
TEX10	0.16433967649936676	1.9233046580548487	0.4053883059039344
HDX	0.16430115699768066	0.47555196116824716	0.40534079791933875
SGPP1	0.16426417231559753	1.3164641376427764	0.40529517128541626
WDHD1	0.1642618626356125	0.5660442753313145	0.4052923121602429
GNA12	0.16425500810146332	0.9451121043884891	0.40528386981710024
CDYL	0.16424740850925446	1.560113498305909	0.4052744829913286
ZNF512B	0.16422897577285767	1.2802885099389087	0.40525173536273573
METTL1	0.16421093046665192	1.3531219271864472	0.4052294725655834
VPS18	0.1641976684331894	1.1290928609526476	0.40521312172281
NCALD	0.1641976237297058	1.635628465491693	0.4052130638198036
IQCE	0.16418801248073578	1.0780527447832042	0.4052011950027993
SLC12A9-AS1	0.16418054699897766	0.8386568936351615	0.40519199403347433
LINC02067	0.1641508787870407	0.32007520032111714	0.40515537091264076
KIF21B	0.164146289229393	1.6334505303837787	0.40514971095598334
ATF4	0.16414250433444977	4.474048725033172	0.40514504363064685
TTPAL	0.16411501169204712	2.309386201060138	0.4051111130188129
REL	0.1640477031469345	3.7236004652191395	0.4050280248857492
SPIB	0.16404753923416138	0.66223881270922	0.40502781981416736
PCOLCE	0.16404040157794952	0.8681836039170452	0.4050190130152138
ARMC5	0.16401922702789307	1.0321645611090677	0.4049928816144332
SAMD4A	0.16400615870952606	0.9287785697029012	0.4049767364578482
SBF2-AS1	0.16398529708385468	0.6266135750374118	0.40495098422504017
TCF7L2	0.16398504376411438	1.3678866399887422	0.40495066076025166
ENOSF1	0.16397882997989655	2.7884836274545313	0.40494299078296564
MBOAT1	0.16397713124752045	1.6599312479468598	0.40494089708127873
DCAF17	0.16393427550792694	1.8647945059670343	0.4048879838626537
SLC12A7	0.16391517221927643	1.3568559685201023	0.40486438172500383
CXCL10	0.16381533443927765	0.36173492290393605	0.40474107247987
PWWP2A	0.16381196677684784	2.632580760795038	0.40473691535036016
CNTLN	0.16380675137043	0.565777756816126	0.40473046495097686
WDR91	0.16380329430103302	1.0179469378172665	0.40472620183361474
PMM2	0.1637868732213974	2.1069427906781777	0.40470591583442733
CDH23	0.16376176476478577	0.9025911087048921	0.4046748851234535
WDR81	0.16375096142292023	1.1828144085361583	0.4046615336080176
LINC00205	0.1636330783367157	0.8486988809373643	0.4045158640875149
ZCWPW2	0.16361668705940247	0.6226539097983261	0.4044955911988865
MED18	0.1636001020669937	0.7871360423692798	0.4044750926042966
DGKH	0.1635955423116684	1.9515802746074866	0.40446945756081487
PDLIM1	0.16359102725982666	1.7096765283423823	0.40446387693723823
RELCH	0.16359010338783264	1.8577533542424782	0.4044627378495132
HELB	0.16357550024986267	2.523801299804015	0.40444468653134846
SMCR8	0.16351841390132904	0.448216212863438	0.40437410472026136
CD248	0.16347800195217133	0.5829335891309826	0.4043241224593784
MTURN	0.16347120702266693	1.4755480771320533	0.40431573173753443
NOMO1	0.1634271889925003	1.2295413769753043	0.4042612860351463
PKIA	0.1634075790643692	2.1758449543481584	0.4042370418485569
NOD2	0.16340279579162598	0.7361933049456827	0.4042311176157204
RBBP8	0.16340254247188568	0.7703942262007359	0.40423080284529467
RMI1	0.16338542103767395	0.911103344740082	0.4042096176424675
TMTC2	0.16337767243385315	0.8207108874544786	0.4042000377855215
NCKAP1	0.1633533090353012	0.5228736909869987	0.4041698974711273
ZBTB7B	0.16331224143505096	1.797109649327523	0.40411910006706986
USP45	0.16331039369106293	1.4256270098503523	0.4041168104250851
RBBP9	0.16325893998146057	0.9523518621008058	0.40405314846669627
FBXL18	0.16323775053024292	0.6670000156908656	0.4040269099352947
CHTF18	0.1632234901189804	0.765125237490939	0.404009270032156
NSDHL	0.16321057081222534	1.2230796054633641	0.40399327852431205
TMC4	0.16318681836128235	0.6733603228554415	0.40396387356766633
TPCN1	0.16316315531730652	1.5123321407142727	0.40393459236907703
ZNF502	0.163155198097229	0.8169371491419402	0.4039247509729768
STXBP1	0.16313906013965607	0.6495725530203275	0.4039047652512533
ZNF318	0.16313205659389496	1.6375977609349393	0.40389609026913725
ZNF583	0.16312238574028015	1.3916466535279577	0.40388412486739717
MIA2	0.16311591863632202	1.700096452601568	0.40387612190096567
PPP2CB	0.16310888528823853	1.6075764518816353	0.4038674115885624
MTOR	0.1630932092666626	1.6750309844126647	0.4038479993228661
ZNF771	0.163077250123024	1.1602342308024336	0.4038282477276705
CCDC88A	0.1630755215883255	1.6878796942617702	0.40382609979775974
ADCY3	0.1630641520023346	0.9044193186408258	0.4038120276958367
PIGN	0.16305848956108093	1.0754873700068828	0.40380500959284643
LAP3	0.16305676102638245	3.2165927914367325	0.4038028661323151
SPOPL	0.1630563735961914	1.2609068749051442	0.403802395031629
SCCPDH	0.16301456093788147	1.8660067269628533	0.40375062030905257
PIGO	0.163014218211174	1.2184588753857375	0.40375019077130625
LRIF1	0.16300751268863678	2.452294670987403	0.40374188770396
RNASEK	0.16300459206104279	2.733886009888631	0.40373827734895923
SERPINH1	0.16299976408481598	0.7392751269641964	0.4037322876577184
SLC27A3	0.1629868745803833	1.3234132133224459	0.40371633789451783
TRAK1	0.16297785937786102	1.4129353022895097	0.4037051659493863
AMT	0.16294875741004944	0.8545254015031902	0.403669113779084
ADAT1	0.16294236481189728	1.9775498139447178	0.4036611962467937
APOLD1	0.16289731860160828	2.7589379475948	0.4036053945158512
PIM3	0.16286632418632507	3.3786380574164263	0.4035669968218506
CASC15	0.16283945739269257	0.4245587895941917	0.4035337150197835
TBC1D22B	0.16280928254127502	1.4034422304895189	0.403496332020554
GZF1	0.16279883682727814	1.3512759845261373	0.40348337157109154
FBP1	0.16276423633098602	1.719126687424393	0.4034405001859211
PIK3R4	0.16268223524093628	1.2023116046441469	0.40333885990782165
CHKA	0.16266117990016937	0.773652102641219	0.40331275788071486
RMI2	0.16254697740077972	0.8204857245144717	0.40317114859886505
ZNF565	0.1625392884016037	0.6786840284007719	0.4031616087375465
NFE2	0.16250137984752655	0.7848099005975943	0.40311459614326667
GIN1	0.16247735917568207	1.720396417995979	0.4030848066475254
PON2	0.16246837377548218	0.9328919666251917	0.40307365670246564
PKP4	0.16244931519031525	0.9738929381315735	0.4030500076082185
AGPAT4	0.16244865953922272	1.7066502895391764	0.4030492036718617
CASP9	0.16244643926620483	0.9847457067491451	0.4030464458227292
MFSD6	0.16244490444660187	1.4611844463823398	0.40304453708429877
TLR4	0.16242237389087677	0.5398056087480194	0.40301659162938236
LAT2	0.16238649189472198	1.5887910317187108	0.4029720642916753
VPS39	0.16234585642814636	1.6765861175526147	0.402921655298575
NOM1	0.16234344244003296	2.851383306970998	0.4029186546972838
HSD11B1-AS1	0.16230684518814087	0.8137020310565429	0.40287324561618093
INPP5B	0.16229934990406036	1.6250593022825162	0.40286393154358396
GCSAM	0.16228598356246948	2.4592202600391433	0.4028473494738935
CAB39L	0.1622709184885025	1.0700683366521564	0.4028286498277523
MAP3K9	0.16225233674049377	0.6726775998356699	0.40280558862010346
CYSTM1	0.16220112144947052	2.0560222055720185	0.4027419992851973
ZC3H7B	0.16219569742679596	1.7767750878900403	0.4027352612364486
SNX25	0.1621944159269333	0.7895410405721701	0.40273368603582355
TMEM250	0.16219383478164673	1.3957657539981536	0.4027329558743618
FAM149B1	0.16217978298664093	0.827284006095024	0.4027155187156376
SLC4A10	0.16216956079006195	0.40910472295521777	0.4027028256383994
ARSG	0.16215679049491882	1.956462805983664	0.4026869547247307
BYSL	0.1621391624212265	0.6960573153020778	0.40266507573356175
ZNF552	0.16212983429431915	1.702633844481574	0.40265349021890484
MAP3K12	0.1621033102273941	0.7107415862124542	0.40262055109274364
PAQR3	0.16209374368190765	1.3992940451221905	0.40260866788554905
SH3BGR	0.16208502650260925	0.7553702722449869	0.4025978546095939
ARHGAP10	0.162082701921463	1.7906218748896514	0.4025949683948506
ADGRL1	0.16205917298793793	0.8411713804892653	0.40256573392832945
TOMM40L	0.1620209515094757	0.9836854555597707	0.4025182707735267
GSTM1	0.16201260685920715	0.333494296447299	0.40250789043744767
ALS2	0.1620081216096878	0.7681819339821622	0.40250231610573944
GLE1	0.1620015949010849	1.6415214129791407	0.40249421946059666
EFCAB7	0.16196486353874207	1.158714811920663	0.4024485807987506
CDC14B	0.16196022927761078	1.209157383419088	0.4024428279706487
BICD2	0.1619560718536377	1.7167941111486076	0.40243766261326414
C3orf18	0.16194303333759308	1.1588548574867834	0.40242145869968693
RNASE2	0.16189910471439362	0.7798894495342883	0.40236687079113254
RFX3	0.16189484298229218	1.9932720355147147	0.4023615833651241
USP40	0.16188347339630127	1.1810995319793964	0.4023474471702569
MAP3K5	0.16187188029289246	1.7939544527923468	0.4023330549332193
TSPOAP1	0.16181829571723938	0.6201632758780914	0.40226644517788135
MXD3	0.16181527078151703	1.212280976589612	0.40226269428182854
B3GLCT	0.16180244088172913	1.1554623332973641	0.40224674285183315
LMLN	0.16178645193576813	0.7742007732162988	0.4022268711755191
GORAB	0.16176767647266388	1.496954914139605	0.4022035259323943
LMAN2L	0.16175825893878937	1.1526114372001297	0.4021918097323768
ABAT	0.16175304353237152	0.9718377742045684	0.402185332153761
ENDOG	0.16172385215759277	1.2729837270988815	0.4021490464198736
ZNF260	0.16172312200069427	1.623208971658429	0.40214812875773015
CHRNB1	0.1617121398448944	1.9485478736888404	0.40213447435491806
TRIM5	0.16170784831047058	1.8351928777849993	0.4021291513886427
CARF	0.1617022454738617	2.1152326115246476	0.40212218320215876
DSE	0.16169995069503784	1.1703399882234375	0.40211933307225806
TBC1D31	0.16169267892837524	1.4934208753921976	0.4021102821932113
DOCK5	0.1616538166999817	0.8447802655427392	0.40206195961203506
HHEX	0.16164618730545044	1.1603817600628425	0.4020524636862299
KLHL3	0.1616372913122177	1.516978485830899	0.40204139895456215
ULK4	0.16160544753074646	1.6900004091390706	0.4020017937426893
PSMB10	0.16159318387508392	3.965150283214233	0.4019865513971351
AEBP1	0.16147394478321075	1.2859403822157118	0.4018382159701976
PIP5K1B	0.16145846247673035	0.5335162826082259	0.4018189395340204
POLD1	0.1614512801170349	1.4744439944910364	0.4018100012635736
TRIM24	0.1614367663860321	2.014402148595715	0.4017919431273868
JMY	0.1614258736371994	2.4183381348277417	0.40177838910486235
SEMA4C	0.1614203006029129	1.2353818332098454	0.40177144689776884
ACSM3	0.16140922904014587	1.2845502780086693	0.40175767716803834
SLC7A1	0.1613997519016266	1.261674660604119	0.40174587314599375
SERTAD3	0.16136857867240906	1.891432229586488	0.4017070897666359
ETS2	0.16135241091251373	1.9304358381421174	0.40168695482798344
SPATA2	0.16134344041347504	1.3245995714975043	0.40167579467363984
MTMR2	0.1613306850194931	1.233249531509319	0.40165990540865987
PLD2	0.16130952537059784	0.8164049850569831	0.40163356476782625
DPP4	0.16129648685455322	2.9090066020059404	0.4016173349197236
SLC16A13	0.16128934919834137	0.5440549165923934	0.4016084547538501
FCGR2A	0.16125673055648804	1.314152433726066	0.401567839797984
WDR35	0.1612546443939209	0.734103922414597	0.4015652405425804
DGUOK-AS1	0.16125181317329407	0.6198233344317396	0.4015617161564411
PHF13	0.16122926771640778	0.9318674911256037	0.40153364301597594
SMC1A	0.16122876107692719	3.4321305820311623	0.4015330064179494
CTNNA1	0.1612212061882019	1.3480192763138548	0.40152361180035534
FKBP15	0.16122080385684967	2.0396222141053943	0.401523110572283
HLCS	0.1612156629562378	1.127927705931024	0.4015167086109152
C4orf33	0.16121312975883484	1.7339854459652955	0.4015135552960359
PIP5K1C	0.1612035483121872	1.411801159838607	0.4015016116430141
RTTN	0.16119050979614258	1.1616745070479382	0.40148538614847
TMEM135	0.1611880362033844	1.0771711907167545	0.40148230361212345
TXLNB	0.16111093759536743	0.6424887920248097	0.40138627262923615
CAPN3	0.16109666228294373	0.6289446412717702	0.40136848346142323
BRWD3	0.1610874980688095	2.1061257030315326	0.40135707107974156
NDUFAF5	0.1610351800918579	1.5122510117132546	0.40129189785441266
AGFG2	0.16102826595306396	1.6228089333722417	0.40128328090489723
PPP1R3F	0.16102254390716553	1.0810027289207869	0.40127613501803705
GNPDA1	0.16099923849105835	2.373907785762772	0.4012470969902862
ABR	0.1609974056482315	1.7151207098330574	0.4012448236876761
TBC1D9	0.1609973907470703	0.5768487788594089	0.40124480480567604
ZFYVE26	0.1609964668750763	0.9162040030819246	0.40124364388203126
TTYH3	0.16099613904953003	0.843704217695185	0.4012432480157388
NUTM2B-AS1	0.1609613001346588	2.4525394288972877	0.401199821143704
SNIP1	0.1609097719192505	1.5864953107532414	0.4011356035957722
GPRASP1	0.16087207198143005	1.7426006394327829	0.40108861513198135
COPG1	0.1608612984418869	2.1110266588656836	0.4010751831469508
CCT6B	0.16082888841629028	0.6590329503419299	0.40103476833894575
ZNF701	0.16082189977169037	1.8480587076410022	0.4010260494801665
SDCBP2-AS1	0.1608150601387024	1.4942283728570316	0.40101753568136567
TRAK2	0.16078811883926392	2.4933452569661925	0.40098394567760404
TMEM79	0.1607857346534729	1.1315835878766816	0.4009809729426536
SCMH1	0.16076499223709106	1.1833410813433913	0.4009550920705573
IRF5	0.16075557470321655	1.147095094695402	0.4009433616854974
TGFBR2	0.16074593365192413	3.34916723094224	0.4009313256970879
KLF16	0.16074395179748535	1.1212466883248295	0.4009288554822867
FZD6	0.16070736944675446	0.6954262438747618	0.4008832345125138
ZNF80	0.16068634390830994	0.46431164335017006	0.4008570112157353
CDC37L1-DT	0.1606675386428833	1.913470599158057	0.4008335560441354
ZNF600	0.16064921021461487	1.8632593817181058	0.40081068957570276
LILRA5	0.16060853004455566	1.4388841695484074	0.4007599392767818
C4orf46	0.1605912446975708	0.9363092107562726	0.4007383750045288
TRIM37	0.16058316826820374	1.8337853448144321	0.4007283051817509
ZNF275	0.16057457029819489	1.6500616807818869	0.4007175634925952
ZNF419	0.1605665534734726	1.1814220149169936	0.40070756991341727
TMEM44-AS1	0.16055557131767273	0.7509380724580809	0.40069387054148564
HECTD4	0.1605500876903534	1.8217962758751207	0.40068701208619706
CFAP70	0.16054819524288177	0.6985680226850327	0.4006846623762235
TRIO	0.16054590046405792	0.557300032669557	0.4006817989269258
STARD5	0.16054144501686096	0.7874848886011204	0.4006762258981287
LINC02610	0.16052164137363434	0.5287953112203042	0.40065151383473707
MPV17L2	0.16048680245876312	1.3845168404652242	0.4006080447579874
ZNF296	0.16046665608882904	0.9607677285584454	0.4005828961599283
ZNF266	0.16037586331367493	1.9901065588910918	0.40046955910996823
TEP1	0.16037370264530182	1.158763047835836	0.4004668613959599
P2RX1	0.16036152839660645	0.8177721390208065	0.40045165612478234
DNAJC16	0.16034607589244843	1.7895469352660052	0.400432363687812
PRDM15	0.1603175401687622	0.9098462551489643	0.40039672597127285
CD2AP	0.16031306982040405	2.7889288312173894	0.40039114153329475
BRMS1L	0.16030782461166382	1.2957067382289988	0.40038459416494043
CYP51A1	0.16028715670108795	0.5808935413472497	0.4003587933398402
ACE	0.1602863222360611	0.5367850403219347	0.4003577345332006
EPOR	0.16028334200382233	1.2473540782243355	0.40035402646845447
CEP170	0.16025827825069427	2.1410844805596887	0.4003227248200781
CNNM3	0.16025139391422272	0.9904749678925993	0.40031410981857257
RPAP1	0.16024824976921082	1.350964129085285	0.40031019956190234
CARNS1	0.16024792194366455	0.8103324646465623	0.4003097733549902
LINC02352	0.16024594008922577	0.7251532925043069	0.40030731611949627
PFKM	0.16021743416786194	1.0981974543511182	0.4002716935228607
ARL4A	0.16019567847251892	3.815310170367303	0.4002445148942514
PEX5	0.1601816564798355	1.1537091596144826	0.40022701356010737
ZDHHC1	0.16016200184822083	0.6542000256164777	0.4002024518730868
RHOQ	0.16015806794166565	1.2708271222324663	0.40019752913626455
NFKBIE	0.1601358950138092	1.7474598528324872	0.40016983489499
MS4A4A	0.1601194143295288	0.5983651291821651	0.40014923984995526
CRY1	0.16010135412216187	1.9204626923776678	0.400126670338641
NEO1	0.1600998342037201	0.6854656870794479	0.4001247740541217
HACE1	0.16009621322155	0.8045960382140916	0.400120239916745
LRSAM1	0.16009218990802765	1.1971178266052085	0.40011522331145966
DCUN1D4	0.1600891649723053	1.8928300811413148	0.4001114333863965
PDE4DIP	0.16007432341575623	2.33595396047351	0.4000928973465087
LASP1	0.1600663810968399	2.6238378989742177	0.4000829737074296
CSF2RA	0.1600562036037445	0.7313086840384765	0.4000702497006131
PCNX3	0.16004659235477448	1.2169919282883064	0.40005823998600015
MFSD9	0.16002118587493896	0.8651743595741718	0.4000264882898476
CD163	0.15999305248260498	0.9440214705307365	0.39999131080077055
CLDND2	0.15999174118041992	0.7925068366687417	0.3999896714801174
TXNRD1	0.15996725857257843	2.180443757110172	0.39995907304703865
TCTN1	0.15996292233467102	1.19614619941547	0.3999536425705038
GEMIN4	0.15993070602416992	1.0965548284437465	0.3999133668752037
SORD	0.1599108725786209	1.0746130113172347	0.39988857763798036
ZEB2	0.15990453958511353	2.4442850874301576	0.39988065276226264
SPAG1	0.15984578430652618	0.4886471118164245	0.39980717824646766
BST1	0.15983882546424866	1.0860520531619646	0.39979848979875426
TMEM87B	0.15983223915100098	2.1239822771814136	0.39979025061819246
SOS2	0.1598016619682312	2.0465382159441368	0.39975199351786517
ZSCAN12	0.15979145467281342	0.8148757515625021	0.39973924210238015
GPR180	0.1597859263420105	1.5607318706896114	0.3997323221332286
FAM168A	0.15975777804851532	1.0996313946913943	0.3996971066238806
CHROMR	0.1597352921962738	1.1056723695148454	0.3996689740340889
DNHD1	0.15971434116363525	0.9832357796215919	0.3996427683740611
ZSCAN30	0.15970651805400848	1.3368193279966083	0.3996329764860511
EIF2AK3	0.15967793762683868	1.2593928173584044	0.39959722162699035
MPZL1	0.15967027842998505	1.1229536600724948	0.399587641032353
CLSPN	0.15966877341270447	0.49065713121973237	0.39958576145738534
CD300E	0.15966717898845673	1.4895002549635497	0.3995837561751468
CLK2	0.15965765714645386	1.470940380260862	0.3995718389049357
ANKHD1-EIF4EBP3	0.15960289537906647	0.6353002937931668	0.3995033185750396
IGSF22	0.1595885455608368	1.3006268507904477	0.399485345234258
ZSCAN32	0.15958566963672638	1.2645728746821596	0.39948174245143875
CEP135	0.15957683324813843	2.980081703927782	0.39947068588594653
PINK1-AS	0.15956681966781616	0.488925213558007	0.3994581484629164
SHQ1	0.1595650315284729	1.3946363764932785	0.3994559151736381
TCL1A	0.1595291644334793	1.4477453206690791	0.3994110294514696
HYAL2	0.15952803194522858	0.6241724131436184	0.39940959895758826
MCM2	0.15952305495738983	0.5450084776085912	0.3994033768146894
MALINC1	0.1595226526260376	1.1434289557837891	0.39940286464614233
ARL17B	0.1595156490802765	1.7850633110579859	0.39939410030168
ZNF514	0.1595132201910019	1.5504526096285531	0.3993910561484194
PLEKHM1	0.15950344502925873	1.8691449738553658	0.39937882818902076
RFESD	0.15950238704681396	1.488528889257789	0.3993774923180469
MCF2L-AS1	0.1595010906457901	1.2753699807828414	0.39937586913952566
WDR41	0.15949787199497223	1.333313642676306	0.39937184544318743
CDC42BPB	0.1594913899898529	0.6711266767019513	0.39936373530795255
NOP14-AS1	0.1594790667295456	1.3745637370480432	0.39934829385679566
CHCHD4	0.15946917235851288	1.5377067124249835	0.39933592253726685
MFAP3	0.15946605801582336	0.9964724300122353	0.39933201884048375
METTL2A	0.15946289896965027	1.756698879017227	0.3993280540442608
OTUD1	0.15946243703365326	1.9745026982150315	0.39932748769132426
SGMS1	0.15945768356323242	2.1593268488558772	0.3993215383291858
KNSTRN	0.1594480723142624	0.8877477404943371	0.39930948558351653
SPATA6	0.15943576395511627	0.8989296772470876	0.3992940893319595
IDS	0.15943312644958496	4.124132973937696	0.39929078641294075
TRAF4	0.15941965579986572	1.4311726228030706	0.3992739036009942
EIF4G3	0.15940329432487488	1.662563837807754	0.3992534289006705
SETD2	0.15938949584960938	3.2851432146240467	0.39923613937309094
MOCS3	0.15937064588069916	0.966357087837782	0.3992125369272842
FBXO42	0.1593291312456131	2.055051192926721	0.3991605324676464
HEATR5B	0.15931735932826996	2.309791768190961	0.39914579261901023
RCN1	0.15930430591106415	1.6612824361443064	0.39912944201059813
DYNC2H1	0.15930382907390594	0.8099604142808366	0.3991288439638086
SHTN1	0.15927697718143463	0.8042750218704743	0.39909519520803716
FGF9	0.15926645696163177	0.6235239959653767	0.39908201644250557
FARP2	0.15926338732242584	0.8493770565338061	0.39907816887511405
YY2	0.1592516154050827	0.7787775418995897	0.39906341538124174
CCDC77	0.15925094485282898	1.4719628572920729	0.3990625830162669
PFAS	0.15923741459846497	0.9061573394413652	0.3990456212085068
NAT1	0.15922507643699646	0.7239397591786366	0.3990301625715863
PAM	0.15920142829418182	1.3612782580642409	0.3990005395325277
SLC9A8	0.15919454395771027	1.7989779071332852	0.39899191548510277
ADGRG5	0.1591891050338745	0.5038511533275875	0.3989850956226701
VPS53	0.15918898582458496	2.6660074128044977	0.39898494458184824
KHK	0.15914955735206604	1.1512890026487153	0.3989355240682112
TRAPPC12-AS1	0.1591467708349228	0.36090338335754313	0.39893203366414204
ZBTB11	0.15909653902053833	2.5747163131319244	0.3988690755493544
DVL3	0.15908639132976532	1.2311820476904682	0.39885636043014655
CETN3	0.1590728461742401	2.3992743167840658	0.3988393759296439
APOBR	0.15903572738170624	1.6051316914430522	0.3987928441885804
ZBTB18	0.15903474390506744	1.9613431230815435	0.39879160073887615
CDK2	0.15901416540145874	0.9711432605410901	0.3987658082880455
CLASP2	0.1589815318584442	2.35278176804612	0.39872488861109906
DROSHA	0.158967986702919	1.5150270481447607	0.3987078964888843
PRCD	0.15895968675613403	0.45093935882223063	0.39869747982381337
ENO3	0.15895020961761475	0.9823819244730061	0.39868559673462595
ERLIN1	0.15892691910266876	1.2223726876394045	0.3986564012751261
PTK6	0.15889735519886017	0.4307197704625769	0.3986193025610327
TUBG2	0.15888409316539764	0.87106128750633	0.3986026764491715
KLHL21	0.15885110199451447	1.1820327418060594	0.3985612859335337
ZNF554	0.15881505608558655	0.8643827496588915	0.39851607452927656
CLCF1	0.158794105052948	0.6407601880159415	0.3984897837903472
PCYOX1	0.15879127383232117	2.06414397945806	0.398486234307989
IL1RN	0.15876704454421997	0.622515003057732	0.3984558292815744
NOXA1	0.1587488204240799	0.8016977364989533	0.3984329530228118
POFUT1	0.15874357521533966	0.9621605199415565	0.3984263750020847
KDM2A	0.15873287618160248	3.352380393565386	0.398412942858144
SKP2	0.15872246026992798	1.7909709400144116	0.3983998802126308
FBXO31	0.15872050821781158	1.4508034457877221	0.3983974296844009
HEXIM2	0.15870729088783264	0.7317496704301615	0.39838083843371097
KLF4	0.1587062031030655	2.327945225540249	0.3983794769137143
PRXL2A	0.1586373895406723	1.8028922252271367	0.39829308994398455
MUC20	0.15862469375133514	0.5378217047144627	0.39827716100260396
PEX10	0.15859918296337128	1.2024143068726492	0.39824512670876405
IQCK	0.15859225392341614	0.7736209605845455	0.3982364253087012
INF2	0.15857166051864624	2.0484833224066374	0.3982105799683081
DYM	0.15857145190238953	1.7959380245756829	0.3982103023420942
CSF2RB	0.15854233503341675	0.76024513997109	0.3981737570838028
PPAT	0.1584903448820114	1.6565728380533926	0.3981084622348221
TNK1	0.15846756100654602	1.06134811991476	0.39807983498842403
PAXBP1	0.1584639996290207	2.5553807088698464	0.3980753635407036
ZNF324B	0.15846391022205353	0.7303566976639503	0.39807525789767007
TWSG1	0.1584368497133255	0.8139092450055126	0.3980412679363015
EML5	0.15841490030288696	0.621018821537723	0.39801368495785133
TSPAN18	0.15834888815879822	1.9163883740646173	0.3979307650288579
NANS	0.15829433500766754	2.8089912138679476	0.3978622133257265
TCF12	0.15829144418239594	2.1888770842460836	0.39785857779296013
ZNF573	0.15827268362045288	1.6113265670579056	0.39783499940129996
ECE2	0.15826791524887085	0.7858576892778791	0.3978290111262422
BEX1	0.15825341641902924	0.44868114208124604	0.3978107751819154
STON1	0.15825210511684418	0.5461413041042642	0.397809129915669
SETD1A	0.15823720395565033	1.5798805922384007	0.3977904067392009
CKMT2-AS1	0.15823592245578766	1.743022394134624	0.3977887856728785
KLHDC1	0.15819212794303894	1.465636751089973	0.39773373511499244
CDKN1A	0.1581731140613556	2.2125636617799374	0.3977098385384451
NQO1	0.15815874934196472	0.9212380683056696	0.397691774384658
CPEB2	0.15814626216888428	1.1283761498115072	0.3976760828738532
PNMA3	0.1581447869539261	0.6205953219727082	0.3976742261965425
GUCD1	0.15813936293125153	1.8990562003234337	0.39766740284473334
ZNF398	0.15812841057777405	1.2645088081387268	0.3976536278661505
BCDIN3D	0.15812614560127258	1.3485053969525742	0.3976507844717706
RINT1	0.15811839699745178	1.5488872148981496	0.3976410386426506
KLHDC7B	0.15811830759048462	1.760761017771973	0.39764093722504296
REEP6	0.1581162065267563	1.2064990406977263	0.3976382897331416
SFXN2	0.15810135006904602	0.7336329983911295	0.3976196027857759
XPO5	0.1580933779478073	1.2360421523052156	0.3976095846919719
IPPK	0.15807820856571198	1.0041542514530635	0.3975904952925222
GALNT10	0.15804831683635712	1.8330178708408984	0.39755290580766317
ZNF397	0.15800347924232483	2.0753345156081333	0.397496521940027
HILPDA	0.15796688199043274	0.7263123375931005	0.3974504832188011
MTHFR	0.1579645872116089	1.8186770957320129	0.397447581723186
PABPC1L	0.15795475244522095	1.188114711151269	0.39743521481184646
ANKRD36C	0.15794725716114044	3.7360948776376657	0.39742577908995613
POLB	0.15794329345226288	1.8380677483090953	0.3974208035586927
ARL5B	0.157941073179245	1.8044111114352142	0.3974180039659055
ZNF714	0.15793289244174957	1.6728970551171065	0.39740770862916114
CLMN	0.1579308658838272	0.4989565685676889	0.39740516591390423
PLAAT3	0.15792028605937958	2.1215675528022064	0.3973918637971387
TBL2	0.15790438652038574	1.3043201827226472	0.39737184825096733
PRXL2B	0.15788738429546356	1.422064993344961	0.39735044978250134
USF3	0.15788677334785461	2.755255961326804	0.39734968003618365
LYN	0.15787355601787567	2.00241761234985	0.39733304822739685
FXR2	0.15787340700626373	0.9232365306309813	0.39733287133433465
PUS3	0.1578076034784317	1.9330532075801572	0.39725005904803884
SLC25A42	0.1578047126531601	1.988580858684591	0.3972464147791708
PSMA8	0.15780051052570343	0.6094984387072567	0.3972411274407996
FZD3	0.1577722132205963	1.3493848738199907	0.3972054995541855
ITGA4	0.15772968530654907	4.350691854725396	0.39715197068051206
ITGAV	0.1577022522687912	0.893202299359201	0.39711742080557544
VPS13B-DT	0.1576726734638214	2.2128047730730867	0.3970801907289484
MPRIP-AS1	0.15763241052627563	0.5984349239374943	0.39702948314619246
LPAR5	0.15762843191623688	0.8549648129391945	0.3970244774655095
ALAD	0.1576174795627594	1.9797803581446067	0.39701068445915283
FAM219A	0.15760765969753265	0.9041945033374874	0.39699830652098134
CLEC10A	0.1576031744480133	0.7414414935756004	0.39699266151551765
PLA2G6	0.15760019421577454	1.3567031240554606	0.3969889019645251
CEP131	0.15759064257144928	0.8542096909435316	0.39697687198124265
H6PD	0.15757347643375397	1.6913227221974925	0.3969552615624232
SLC25A12	0.15754090249538422	1.5069546340982576	0.39691422176750457
NDE1	0.15752002596855164	3.036958129469919	0.39688793050608034
TGFBRAP1	0.15751835703849792	1.4088146767625407	0.3968858272442984
GABARAPL1	0.1575063318014145	2.875391621242538	0.3968706684063279
WWC3	0.1574639081954956	1.747512365780571	0.3968172198432307
CREB3L4	0.15745913982391357	0.8857254866667634	0.39681121776154193
MISP3	0.1574513167142868	0.6807051933588196	0.3968013528458592
INAFM1	0.15744605660438538	1.807962684567404	0.39679473293360273
LINC00663	0.15741193294525146	0.9725105596342306	0.3967517290948586
SLC25A40	0.15740682184696198	1.670278153200259	0.3967452943554077
MCM3AP	0.1574057787656784	2.033489986854495	0.39674397919313786
APC	0.15740524232387543	2.413864907177015	0.3967432949612394
MCAM	0.15735390782356262	0.34251749966564765	0.396678601771833
LINC02812	0.15734414756298065	0.7275196450309278	0.39666629105119816
ENTR1	0.1573118418455124	1.5393973279501743	0.3966255712466581
ZNF180	0.1572982668876648	1.2682502520952188	0.39660845067776057
F8	0.1572931557893753	0.7277302873888235	0.3966020171770045
FAF1	0.15728501975536346	1.9989549825931419	0.39659175450488576
BRPF1	0.15727290511131287	1.4430122380055688	0.3965764813122516
POLR3A	0.15727092325687408	1.6512635576313939	0.39657398811146594
ZNF461	0.1572657972574234	1.0036357066868822	0.39656752158159175
SAP30L	0.1572609543800354	1.1590732109957729	0.39656141538071205
VPS9D1	0.15723229944705963	1.1815562800886075	0.3965252832991554
FASN	0.157203808426857	1.2258734130996398	0.3964893528114504
NUDT17	0.1571858674287796	0.7631944232402633	0.396466731055874
SNX19	0.157183438539505	1.878301999578074	0.39646367223192497
WDR47	0.157176673412323	1.094550548271201	0.3964551330829201
CCDC126	0.15717259049415588	1.6009211914749437	0.3964499804643271
SNHG12	0.15716861188411713	2.9897955688023474	0.3964449693315211
VWA8	0.15715494751930237	1.6295083011018818	0.39642773891755617
GSN	0.1571475863456726	1.256407482699416	0.3964184427112001
AACS	0.15712608397006989	1.1358417773840528	0.3963913190631632
DNAJC18	0.1571183055639267	0.8909004992908902	0.39638151268460087
ARRB1	0.15708515048027039	1.4465857355987433	0.3963396912375474
EFL1	0.15707813203334808	1.402306294989312	0.3963308421587222
CD36	0.15705886483192444	1.9596547600866734	0.39630653235629776
TMEM147-AS1	0.15704526007175446	1.287550652735078	0.3962893597514806
DHX33	0.15704511106014252	1.4723012739671144	0.39628918512754063
C5orf34	0.15704090893268585	0.7402291096375819	0.39628386845016045
EXOC3-AS1	0.1570146381855011	1.4287299189531026	0.3962507200528103
P2RY13	0.15700475871562958	0.7036662895332351	0.3962382569421533
PXMP4	0.1569998413324356	1.337129708565058	0.3962320638664603
DIXDC1	0.15699012577533722	0.6228231805951202	0.39621980340386337
SIN3B	0.15697628259658813	1.8869290828019722	0.396202325089273
PDE7B	0.15697066485881805	0.4949843602618952	0.3961952449716424
TMEM131L	0.15695953369140625	2.890317782588389	0.3961811918397463
ZNF41	0.15693771839141846	0.8053171747717364	0.3961536509503216
PCSK5	0.15692636370658875	1.8773193674525996	0.39613932504929755
CCDC184	0.15691550076007843	0.3909251412726453	0.3961256088727706
SERAC1	0.15690644085407257	1.1021547808500998	0.39611416724421455
EAF1-AS1	0.15687651932239532	0.7401879067850295	0.3960763972290652
EEF2K	0.1568758189678192	0.9203973042553869	0.39607552630778553
PIK3R1	0.15687352418899536	4.860823501572298	0.3960726256219465
C1QTNF6	0.15685854852199554	0.8435313027366368	0.39605371281969215
INPP5F	0.1568404585123062	1.165901819979094	0.39603087247781527
PPP2R3B	0.1568271815776825	0.983727083580704	0.3960141231835125
WBP1	0.15682353079319	1.017416562271301	0.39600950074093066
ZNF449	0.15681317448616028	0.6551768531972878	0.3959964399426067
RBM28	0.15680190920829773	2.6028958385474836	0.3959822046452963
RIC1	0.1567968726158142	1.7889300742368588	0.3959758403797967
TRMT12	0.15677134692668915	1.3044512306136646	0.3959436150545586
ZNF615	0.15674492716789246	0.8557797098867738	0.39591025743698804
DET1	0.156742125749588	0.81176238287226	0.3959067087230797
KRBA1	0.15674184262752533	0.7766133243096742	0.3959063479412346
IRF2BP1	0.15671119093894958	1.0522396458291459	0.39586764352656884
MTMR12	0.15670721232891083	2.008828539501205	0.3958626222504188
ZNF34	0.1567058116197586	1.1634007286979777	0.3958608398026781
BEX5	0.1566619873046875	2.859344117942898	0.3958054937067237
ZNF570	0.15664762258529663	0.9069488952899801	0.39578734667482934
NEK1	0.15663596987724304	2.218770403058136	0.39577262932644325
TRIM39	0.15662823617458344	1.7600998832804946	0.3957628595106786
SPIN3	0.156626895070076	0.6929674226205468	0.3957611581827304
SCAMP4	0.15660621225833893	2.4054488528277225	0.39573503679452365
NCKAP5L	0.15657664835453033	0.9794411892178415	0.3956976804089374
FAM89A	0.1565755158662796	0.8257174873831629	0.39569623564367046
TERF2	0.15657253563404083	1.9334387249416776	0.39569247608151914
COG6	0.15656578540802002	1.5753323627614426	0.3956839508928339
ATP2C1	0.15651975572109222	2.0348129304432776	0.39562578170506435
SFXN5	0.1565120369195938	1.1998393143958972	0.3956160193604818
WDR25	0.1565028578042984	1.1344563341003724	0.395604416318778
GTDC1	0.156478613615036	1.6222088929565472	0.3955737718338905
GCNT4	0.15645357966423035	1.0261481223891977	0.3955421425909132
LTBP4	0.15643957257270813	2.3553260062389447	0.39552442022116036
ANGEL1	0.15641963481903076	0.748484248002827	0.39549921874819777
BAIAP2	0.1564170867204666	0.9094686230708813	0.39549599160522686
SLC39A8	0.15641143918037415	2.3768774060910687	0.395488867608561
MSTO1	0.156410813331604	1.466087370197435	0.3954880737607689
ZNF576	0.15639574825763702	1.588069381385014	0.39546902886664015
PER1	0.15637536346912384	2.9679184617667365	0.3954432556419712
MAT2A	0.15633399784564972	2.7397895745390675	0.39539093961586624
DNM3	0.15632231533527374	0.7138357787639246	0.39537617793496804
HMGN4	0.15631955862045288	1.7040459475983147	0.395372685503016
TMEM177	0.15631620585918427	1.2869069910825897	0.3953684375169199
MAPKBP1	0.15630245208740234	0.8595472561673643	0.3953510428316915
TRDMT1	0.15630115568637848	1.7838248978172682	0.3953494184671098
IGFBP7	0.1562928706407547	1.0094991631206425	0.3953389403705344
NETO2	0.15628375113010406	0.5469888773001017	0.39532739873586187
POLR3D	0.15626241266727448	2.424297034512078	0.395300409088424
IL10RB-DT	0.15625818073749542	0.7860476686351601	0.3952950543616719
NEK11	0.15624691545963287	0.9060839604143895	0.3952807992240918
RANBP10	0.15624664723873138	1.2250111407932194	0.3952804688450327
SMYD5	0.15624545514583588	1.3926264519207323	0.39527895394051216
RSPH3	0.1562364101409912	0.9995120980730459	0.39526751389521125
ITPR3	0.15619084239006042	1.5059510841680213	0.39520986761287324
TTLL4	0.15618835389614105	0.7839331679988182	0.3952067167077371
ROPN1L	0.1561877578496933	0.7599261233518864	0.39520597761095744
STARD4-AS1	0.1561654955148697	0.4947484575811474	0.39517780516020673
CPNE5	0.15615075826644897	0.5254401548041238	0.39515914736087454
NFAT5	0.15613706409931183	2.6715951851958057	0.395141821729123
COG8	0.1561322659254074	1.7870820134992345	0.3951357504468903
GTF2E1	0.15613211691379547	1.455959749290313	0.39513556372622255
SAMD9	0.15611949563026428	4.1185603488907505	0.39511959761214216
MARS2	0.15609979629516602	0.946638783504223	0.3950946705220292
GSR	0.15609656274318695	1.7023810188203936	0.3950905709111665
AREL1	0.1560715287923813	1.1368395481758191	0.3950588974230952
SEC24C	0.15606415271759033	1.7131568428657065	0.39504956427632215
PIP5K1A	0.15605556964874268	1.802722148054861	0.395038697398953
CDK6	0.15604497492313385	3.177822635091584	0.39502528280308863
TNNT1	0.15604089200496674	0.5410189278338148	0.3950201128083616
STARD10	0.15601502358913422	0.9904388123088412	0.39498737969507985
P3H4	0.15600872039794922	1.0448721256749383	0.3949793996346271
RAB20	0.15598560869693756	0.9002510308077509	0.3949501301215822
ITGA5	0.15598081052303314	1.7819942975866383	0.3949440584517994
RBP7	0.15597176551818848	1.4461874603311677	0.3949326029617247
E2F6	0.1559714525938034	1.230878401305027	0.39493221571582093
OSBP	0.15597128868103027	1.7845089038213093	0.3949319958358457
HARBI1	0.15596161782741547	1.0684028581869556	0.39491975560284037
DLAT	0.1559547483921051	1.8879297067379128	0.3949110725636114
ADCK1	0.15594984591007233	0.840469979748872	0.394904856669472
RPH3AL	0.15594850480556488	0.6394070877882713	0.39490316304254064
USP37	0.15594536066055298	1.752328707683132	0.3948991822716428
DOLPP1	0.15593677759170532	0.9190434955089029	0.3948883017174607
TMEM164	0.15593107044696808	1.068520694628529	0.39488107776756026
DMTN	0.15592269599437714	1.337288148101719	0.3948704839707082
TGFBI	0.15591375529766083	1.5363665959615818	0.39485915960594964
RHEBL1	0.1559036374092102	0.917578230187354	0.39484634155228465
STPG1	0.1558700054883957	1.1865509466421558	0.3948037478613217
RBM12B	0.15586908161640167	1.8358727243668276	0.39480259131862117
PARVB	0.15585336089134216	1.7698196615752588	0.3947826724178373
GPD2	0.15584813058376312	1.0495586717836702	0.3947760481717943
CDYL2	0.15583357214927673	0.7341319825571616	0.3947576055351505
ZNF185	0.15582554042339325	0.6403470223776682	0.39474744386610006
WIPI1	0.155806764960289	0.9222366848667919	0.39472365459772785
FITM2	0.15576498210430145	0.6332994269571085	0.3946707269211905
SLC25A28	0.1557607650756836	1.5842551570742522	0.39466537559053994
SEC16A	0.15575456619262695	1.9316775632087297	0.394657538952373
AMMECR1L	0.15573838353157043	0.9758735355061133	0.3946370248478853
AGAP6	0.15572945773601532	1.0647230861972574	0.3946257234526587
DCBLD1	0.15572629868984222	1.5382526880023124	0.3946217172308851
ZFP41	0.15571479499340057	0.5869188519958335	0.3946071406945445
LINC01765	0.1557115763425827	0.6841117647758389	0.3946030684267848
C1orf21	0.15568667650222778	0.8389678393629776	0.39457151539078883
SMKR1	0.15568596124649048	1.1519899994020717	0.3945706038136037
EIF2AK3-DT	0.15563611686229706	1.069608264841796	0.3945074289899923
YWHAH	0.15558640658855438	3.478719643706106	0.3944444192887657
FPGT	0.15555791556835175	1.0551610452005233	0.39440831232399776
KLHL35	0.15555426478385925	0.6238580788574913	0.39440368316919494
CTNND1	0.15553075075149536	0.9937447090258543	0.39437387458112305
BCL3	0.15551145374774933	1.7732001721173867	0.3943494114518386
ACOT7	0.15550900995731354	1.2467978635510266	0.3943463055967966
NUP133	0.1555018126964569	1.5221399067690546	0.39433718114118954
PRPF40B	0.15548567473888397	1.1503757896094486	0.3943167196541576
LSM14B	0.15546734631061554	1.3243713606134686	0.39429347483992094
GK	0.1554638147354126	1.1508629641770403	0.39428900257760935
BRI3BP	0.15541012585163116	1.6422342975477606	0.3942209121150182
RAB3D	0.15540705621242523	1.1323923983564779	0.3942170137382603
JDP2	0.15540049970149994	0.8388809063882207	0.39420869714848167
YPEL5	0.15539561212062836	4.680737063345782	0.39420249742845725
GFPT1	0.15538018941879272	1.9557246223263356	0.3941829304426916
NFAM1	0.1553780436515808	0.7232335952620853	0.3941802205950852
SIAH1	0.1553732007741928	1.8325084244611163	0.39417406481996614
FAM111A-DT	0.1553700566291809	1.1814680330141294	0.3941700857465955
TMEM115	0.15534637868404388	1.7506618782935015	0.3941400473766602
EP300	0.15533027052879333	2.4445148035027513	0.39411960824546505
MAFK	0.1553277224302292	1.3173382037900874	0.39411637396412785
ASGR1	0.15531927347183228	1.3023698035327869	0.3941056628905544
TIGD6	0.15529587864875793	0.6423719806232672	0.394075983062034
AXIN2	0.15529292821884155	1.5861295529023898	0.39407224116914025
DNAJA4	0.15527617931365967	1.2603143678542754	0.39405099295225077
AP3S2	0.15526315569877625	1.2073647575131778	0.3940344651233271
HIPK2	0.1552426815032959	2.5198093136608373	0.39400848635439295
ATAD5	0.15521816909313202	1.8926718773969746	0.393977365928414
JPT2	0.1552116423845291	1.5433149203030085	0.3939690962744162
CD68	0.15520453453063965	2.179100540405946	0.3939600755617362
NHSL2	0.15519320964813232	0.4315614148232215	0.3939456978283113
SLC23A2	0.1551433801651001	1.427802120132008	0.3938824405592254
MORC4	0.1551281362771988	1.7745768826354966	0.39386309734235786
HPS6	0.1551218032836914	1.3828695835509976	0.39385504715916475
OCEL1	0.15511558949947357	2.5679662355517974	0.39384716992199675
ATP10D	0.15511521697044373	0.8549519269174086	0.39384668358799996
MYSM1	0.1550801694393158	2.9062059158566353	0.39380219285495704
RRAGD	0.15505285561084747	0.8686184198863205	0.39376751211013233
VSTM1	0.15503032505512238	0.6463346407102899	0.3937388965162388
PANX1	0.15502971410751343	0.9565071616022066	0.3937381285156741
TTC12	0.15501457452774048	1.535452424794778	0.39371889929915066
EDN3	0.15499603748321533	0.2668861177289623	0.3936953653457157
PLCH2	0.15498943626880646	0.6714759719097751	0.39368698180265377
ZNF765	0.1549089103937149	0.7915705002815787	0.39358468601616525
IL32	0.1548898071050644	7.0348990520755	0.3935604175944147
LINC01063	0.15488211810588837	0.6349016506210597	0.3935506606472695
GCLM	0.15487994253635406	2.2749459177141444	0.39354788673439
IFT88	0.15486635267734528	2.009829113766608	0.3935306309000934
SRRD	0.154862180352211	1.256655108654636	0.39352532296277887
PODXL2	0.1548476219177246	1.1345481156617745	0.39350682373318785
CYP2U1	0.1548432558774948	0.9151301849276626	0.393501284195751
ZNF337-AS1	0.15480700135231018	0.8308039288182825	0.393455201156141
CRCP	0.1547977775335312	2.9804926023629434	0.3934434878202667
S100P	0.15479333698749542	0.6879146311474943	0.3934378488770468
C5orf63	0.15479141473770142	1.8713364719887804	0.39343539483094087
AGO1	0.1547795683145523	1.9136189176661758	0.39342035331543146
AZIN2	0.1547718197107315	0.776087485168172	0.39341049852493754
CDHR3	0.15476928651332855	0.9410974294860701	0.39340728194312136
MIEF2	0.15476420521736145	1.148439012953148	0.39340081860411585
INO80	0.1547297239303589	2.593103008251994	0.39335698595345314
SLC19A1	0.15472742915153503	0.9153780998854801	0.3933540694012847
ARMCX2	0.15472152829170227	0.7911164197656844	0.3933465666369938
DAPL1	0.1547185182571411	1.0533692939528103	0.39334274426142923
PIGS	0.15471786260604858	2.3171874613597474	0.3933419212028191
ZDHHC3	0.15471142530441284	2.4337240516911063	0.3933337341098197
YTHDF1	0.15471124649047852	1.7870732567547838	0.3933335115435603
SLC30A1	0.15470664203166962	1.1128599466720304	0.39332764825179817
POLM	0.1546860635280609	2.6101825744256204	0.3933015003232466
MAP3K6	0.1546831876039505	1.3860298234155808	0.3932978401477362
SIPA1L3	0.1546810120344162	1.1819622130686296	0.3932950616764925
RPTOR	0.15465818345546722	1.4055996150120922	0.39326605543542936
ZNF845	0.15463019907474518	0.8653603027150092	0.39323047054948246
HAUS4	0.1546197533607483	1.9976562350645832	0.3932171849613228
ADIRF	0.15459804236888885	0.447501699986129	0.39318956728215276
HMGCR	0.1545906662940979	1.2791776868347007	0.3931801986552266
CKAP4	0.1545843482017517	1.8548454765615792	0.39317216895513124
BMP2K	0.1545780897140503	1.056748308897932	0.3931642112137887
DECR2	0.15457771718502045	0.9673730491221636	0.3931637371826619
VPS54	0.15457554161548615	1.2420975451725196	0.39316095297898246
EFNB1	0.15457327663898468	0.5665410647732545	0.39315808121514856
BCLAF3	0.15456333756446838	1.2154057172066408	0.3931454425249235
MKS1	0.15454332530498505	1.3000715669544263	0.39311998543193155
GNB4	0.15450885891914368	0.4842692557080039	0.3930761424388092
FANCG	0.15448512136936188	0.8932050090868354	0.39304594927278363
CLEC4E	0.1544751524925232	1.1609274529177567	0.39303328068268306
ANKFY1	0.1544400006532669	2.098649598401168	0.39298855565443575
CAHM	0.15443849563598633	1.0054822574401725	0.3929866263407615
FNBP1L	0.15443603694438934	0.544113095407285	0.39298350923525843
ITFG2-AS1	0.15443341434001923	1.3188637837596324	0.3929801785293954
FAM131A	0.15441356599330902	0.7724172851477547	0.39295491417158557
MINDY3	0.154380202293396	1.6450995112059217	0.3929124534054553
POT1-AS1	0.15436993539333344	0.7995133776203426	0.39289938858380824
ZNF354C	0.15436454117298126	0.7127346712168149	0.392892533372131
ZNF700	0.15435445308685303	1.2416761784717953	0.3928796840200453
RORA-AS1	0.15433059632778168	0.8694773664077123	0.3928493287221831
NPTN	0.15432801842689514	1.5765177573280773	0.39284605340778495
ZCCHC14	0.1542898267507553	1.044748553371064	0.3927974417136034
FNTB	0.15427961945533752	0.7963288953363667	0.3927844400971305
LATS2	0.15427255630493164	0.5757608513037363	0.3927754465686651
TSEN2	0.1542716920375824	1.7020141419551382	0.3927743504482277
TLR2	0.15424686670303345	1.1760080671401774	0.3927427514306861
AFG1L	0.15422968566417694	0.7909454258579861	0.39272087239469444
ACOT9	0.15422135591506958	2.274872883069561	0.39271027751595483
CNKSR1	0.15419554710388184	0.5813079614805993	0.39267740749888475
GDPD1	0.15419547259807587	0.9291422637714737	0.3926773117002949
EIF5A	0.15418311953544617	4.945883746348121	0.3926615925695691
CIP2A	0.15417592227458954	0.8651459731475604	0.3926524203373768
KIAA0930	0.15416574478149414	1.4003595467728216	0.3926394678186825
HMGCS1	0.15415476262569427	1.9083830346549608	0.3926254812294855
TNNC1	0.15414924919605255	0.5998538950051384	0.3926184509606016
TAS2R14	0.15414032340049744	0.6714476284167775	0.39260708107296877
VKORC1L1	0.15413279831409454	1.0618979747039605	0.39259750766054874
FCRL2	0.15412859618663788	0.5098590199974762	0.3925921446757036
ACAD10	0.15412209928035736	1.5532950788622157	0.3925838725686293
BMPR1A	0.15412135422229767	0.8345174767733534	0.39258292382698196
PTPN23	0.15411683917045593	1.164159561710796	0.39257718342766795
STK11IP	0.15411396324634552	1.0963474548639465	0.3925735182502517
LENG8-AS1	0.15410906076431274	1.1361440537190528	0.3925672736335213
LINC00539	0.1540839821100235	0.6320991832406128	0.39253533411454106
MCM9	0.15407924354076385	1.7077177597416773	0.3925292847246878
GPR132	0.15407870709896088	1.9260902302018528	0.3925286002396911
LINC02328	0.15407265722751617	1.492234220449952	0.39252090192908773
FBXO45	0.15394824743270874	0.9079167542558063	0.3923623956811835
AQR	0.15393218398094177	2.494163916028779	0.3923419221566687
DYNLL1	0.15392668545246124	4.441692142194258	0.3923349097410292
PREP	0.15389694273471832	1.8069952460312753	0.3922970150413395
TEC	0.15385153889656067	0.7916807040172519	0.3922391432248033
TEX30	0.15384507179260254	2.0754290266511997	0.39223089808832684
ZNF519	0.1538415551185608	1.3883227573500738	0.39222640088232413
CSTF2	0.15383180975914001	1.03376494410851	0.3922139791868482
KDM1A	0.1538296937942505	2.0501291587434967	0.39221128248830966
ORC6	0.15379297733306885	0.9296848402854583	0.39216447975836016
HLF	0.15377990901470184	0.42103917000394214	0.3921478132405542
GPALPP1	0.15377384424209595	2.276216218754706	0.3921400754832242
ERP27	0.1537727564573288	1.1401337792818573	0.39213869436320786
ZNF778	0.15376940369606018	0.9980082655775135	0.392134413698734
NPIPA1	0.15376119315624237	0.9361607545979636	0.3921239607437039
SMDT1	0.15374428033828735	5.631628825746733	0.39210237950758525
LRRC32	0.1537409871816635	0.3181773613124972	0.3920981826312721
USPL1	0.1537247747182846	2.1823194707490474	0.3920775156666741
PARD6A	0.1537230759859085	1.6092707592408775	0.392075350697309
TMEM53	0.15371233224868774	0.824940467874209	0.3920616458229237
PHF2	0.15370811522006989	1.50992237790791	0.3920562646382026
ACVR2A	0.15370120108127594	1.562186760692304	0.39204745635766064
TRIM62	0.15368112921714783	0.8682804418249606	0.39202185551252267
TCP11L1	0.15364724397659302	0.8742791452512887	0.3919786303616535
NUP188	0.15364445745944977	1.4540957162206658	0.39197507348783067
WARS2-AS1	0.15364308655261993	1.2690666275691256	0.3919733249519767
C1orf54	0.15364283323287964	1.3737771115997286	0.39197299245370193
SLC39A1	0.15363231301307678	2.163890453590744	0.3919595743102136
PMS2	0.15362867712974548	2.0441156134751566	0.3919549470241642
KLHL6	0.15361294150352478	2.4039103692518795	0.39193486953700163
SLC35G2	0.15358586609363556	0.5316536544725813	0.3919003203019249
TMEM238	0.15357497334480286	0.8378527642894978	0.3918864202997713
AP4M1	0.15357302129268646	1.3425820249478935	0.39188393752226264
HMOX1	0.1535671204328537	1.3656198125461052	0.391876412716468
GPHN	0.15355657041072845	1.3905722025025393	0.3918629478606621
SLC25A43	0.15350426733493805	0.8623005929920409	0.3917961987694574
LNX1	0.1534990519285202	0.5433073904208297	0.39178954429286295
C2CD3	0.1534828543663025	1.4222190222520938	0.391768878252339
MICB	0.15348024666309357	1.6752245675101591	0.391765547728917
LACTB2-AS1	0.15346701443195343	2.4345304701063366	0.3917486691596117
DGCR8	0.15346312522888184	1.439711873672931	0.39174369498929673
ARHGEF5	0.15345042943954468	0.5537253997620495	0.39172749605401486
MRTFA	0.15341609716415405	2.0714070897449477	0.3916836754920644
KLF7	0.15336941182613373	2.4984936764413828	0.39162406378913417
TM6SF1	0.1533641815185547	0.6446302436092347	0.39161739384991995
GPR107	0.15335774421691895	1.20627102472773	0.39160916867991175
SNX29	0.15333548188209534	2.3153826724523787	0.39158074762208467
HCRT	0.15333430469036102	0.5926186675312876	0.39157924827201257
SEMA4B	0.1533128172159195	0.8767210373019807	0.39155181453501975
LINC01619	0.15331220626831055	2.577244876445025	0.3915510314986182
AGBL5	0.1532985419034958	1.0132743624891816	0.39153358407017813
GBP4	0.15329672396183014	3.2653316474052225	0.391531255231097
UBN2	0.1532885879278183	2.0404571639623676	0.39152087465066093
GNGT2	0.1532527655363083	1.0450634360313416	0.3914751174716095
HEATR5A	0.15324172377586365	0.9474903618010525	0.39146101508100184
RAB33A	0.15323595702648163	1.803217589855194	0.39145365328119913
ACTN1	0.15322551131248474	3.298329261984405	0.39144031307886124
ZNF362	0.15318799018859863	1.6747434655368556	0.39139237948739414
OSGIN2	0.15317992866039276	1.8800339490974542	0.39138206984171814
AHCYL2	0.15317793190479279	0.8860699003455282	0.391379515065141
CYP1B1	0.15315397083759308	0.6621376570613905	0.39134891101105096
LINC01963	0.1531430035829544	0.6408817435247232	0.39133489731259774
DENND2D	0.1531248688697815	3.541457890550752	0.3913117247460662
FHOD1	0.15311993658542633	1.4662518802730518	0.3913054326330531
RTL10	0.1530979424715042	1.5372945440226589	0.3912773247716627
UTP20	0.1530596762895584	1.6256984262174117	0.39122841172244815
NECTIN3	0.1530582457780838	0.6815936619066187	0.39122658436689806
POLA2	0.15305165946483612	1.3029057259075487	0.3912181688733356
ZCCHC18	0.1530313491821289	0.703809624830425	0.39119221161132933
CSF1	0.15300872921943665	0.557751256044797	0.3911633080666028
RPS6KB1	0.15300819277763367	2.5888863893304292	0.39116261184293005
TBC1D8B	0.15300004184246063	0.5232810734332293	0.3911522030334301
GSTZ1	0.15297894179821014	1.4530652727203808	0.39112522748743395
RCCD1	0.15293432772159576	1.4066907573933802	0.3910681924640921
RAB11FIP5	0.15292906761169434	0.8830839301891253	0.3910614653899123
EIF4B	0.15292155742645264	5.212994739927095	0.39105186088704663
FBXL20	0.15288157761096954	1.4961983956596403	0.3910007321314138
LZTS2	0.1528782993555069	1.0111907905545727	0.39099654100669184
PHLDB2	0.15287183225154877	0.5644158637614999	0.39098827971790473
INPP1	0.15287043154239655	1.0656962552289853	0.3909864914703518
PLEKHG4	0.1528395116329193	0.7533787385599823	0.3909469474680771
ABCC1	0.15283648669719696	1.7395473643280994	0.3909430686080638
SAP130	0.15283367037773132	1.29405427424387	0.3909394655202266
GUF1	0.15281997621059418	1.9380213935713202	0.3909219628204335
SH3BP5L	0.1528068631887436	0.969563543568169	0.3909051775566913
GPR157	0.15278781950473785	0.6763890040217688	0.3908808207319901
C21orf91	0.15276284515857697	2.5077247994156178	0.3908488726804295
MAPK9	0.15274493396282196	1.7747188719753104	0.39082595566222295
NMI	0.1527436077594757	3.521283783218413	0.390824264365924
SLC37A4	0.1527240127325058	1.3235401722434836	0.3907992017564625
DBR1	0.15270262956619263	1.5815893546374822	0.39077184659292324
CATSPERG	0.15269911289215088	0.712704461767299	0.39076733178259926
ARHGEF19	0.15269072353839874	1.2387483172489766	0.390756611056989
S100A4	0.15268255770206451	7.320775328011348	0.3907461578605338
CPEB3	0.15265125036239624	0.9994187359608909	0.39070609818995233
ZEB2-AS1	0.15264448523521423	0.5357969511171867	0.3906974320536994
KMT5A	0.15264026820659637	1.7356000024240135	0.39069204084003184
ZC3H4	0.15263137221336365	2.382794001550053	0.39068065063082225
MCF2L	0.15262384712696075	0.6474765588839849	0.3906710145851839
MED26	0.15260888636112213	1.2062812786677788	0.3906518818308223
QPRT	0.15258213877677917	0.5836150915115729	0.39061764544028554
NDST2	0.15256310999393463	1.2168826081743642	0.3905932762868029
TLE2	0.15253911912441254	1.2835458207632846	0.39056256783047305
EOGT	0.15252329409122467	0.8075712994026498	0.3905423046468607
NEURL1	0.15249787271022797	1.0751423899698074	0.3905097681660248
NCBP1	0.152463898062706	1.9387751415771544	0.39046625133905394
PCNX4	0.15245239436626434	1.5611106264636891	0.3904515300361323
C19orf38	0.1524396389722824	1.5091871355456867	0.3904351953404827
ZNF563	0.15243427455425262	1.672969598651389	0.39042831476477546
KLF10	0.1524338275194168	2.7712839270916936	0.3904277495189817
TRMT5	0.15242424607276917	1.1251131886495027	0.3904154697976212
BLNK	0.15240775048732758	0.5001896353745369	0.39039435042917225
SGMS1-AS1	0.15239429473876953	0.7706439161666052	0.3903771210843608
PTCD2	0.15237128734588623	1.1010776799300621	0.39034764892595963
BTBD6	0.1523461639881134	0.8377271399073217	0.3903154689413231
GNG7	0.15232406556606293	1.7326849130378372	0.3902871563305794
PTPN3	0.1523170918226242	0.16518709266208598	0.3902782292529609
DENND4A	0.15230043232440948	2.3546683199104224	0.39025687104361545
RRAS	0.15229949355125427	1.4407378074309836	0.3902556741979528
IPO11	0.15229228138923645	1.213866200711992	0.390246436283352
RASGEF1A	0.15227873623371124	0.46887686802966383	0.39022907701107495
PTGDR2	0.15226444602012634	0.350153640083883	0.39021077222974615
KLHL22	0.15226410329341888	1.6145423689564526	0.39021032479268825
SMG8	0.15225794911384583	0.7208644482824538	0.3902024535060619
AKT3	0.1522475630044937	2.178965569912702	0.39018913220072104
RAI1	0.15224121510982513	0.7902103719583417	0.39018100487030805
RTN4IP1	0.15223704278469086	1.0385303322611183	0.3901756495576225
FHL1	0.15223188698291779	2.3459507217809157	0.3901690550294702
SEC24B-AS1	0.15223094820976257	0.9683211599958355	0.3901678527824917
NCK1-DT	0.15222449600696564	1.4152690103684349	0.39015958692649466
IGHMBP2	0.15221960842609406	1.4003713480357467	0.39015331888725713
SMURF1	0.1521957963705063	0.8903925074014627	0.39012280543912115
CYBB	0.15218542516231537	2.318227222139351	0.3901094956041347
C10orf95	0.15218541026115417	1.6936417521188085	0.39010948625453506
EPS8	0.15217188000679016	0.622913754991188	0.3900921414948722
TMEM186	0.15216970443725586	1.4289654518452641	0.39008935334786615
TEX261	0.152127206325531	1.804333587715909	0.3900348691869488
ASB3	0.1521206945180893	1.618656715214024	0.3900265236778764
SLC25A44	0.15212006866931915	1.1791915475637063	0.3900257204812657
TRIM11	0.15211525559425354	2.1395493028721133	0.39001955137816097
CRB3	0.15210066735744476	0.9104023823564537	0.3900008493988201
KBTBD8	0.15209051966667175	0.8436293788682455	0.3899878510272645
DAGLB	0.15208746492862701	1.6120084135925177	0.3899839316355221
B4GAT1	0.15207526087760925	1.0119587124764233	0.38996827831229564
CPQ	0.15207074582576752	2.5438446537288213	0.38996248811246587
KALRN	0.15206439793109894	0.5981128315130869	0.3899543616544664
ZNF641	0.15206240117549896	1.485741278791793	0.38995178811530695
MTMR11	0.15205726027488708	0.7317155827393477	0.3899451935855983
CDKN3	0.15198583900928497	0.7953613685351222	0.3898536151741274
CCNE1	0.15198329091072083	0.6437956943137436	0.3898503535623566
RTL6	0.1519782841205597	0.9168893688026516	0.38984392918771965
GTPBP2	0.15196838974952698	0.8559208188020406	0.3898312392784592
NQO2	0.1519670933485031	2.5803367073051775	0.3898295631591052
SLC48A1	0.15195749700069427	1.341831632386679	0.3898172542938889
SLC35G1	0.15195375680923462	1.4908123185351434	0.3898124688639034
RCC1	0.15193718671798706	1.9507498878172074	0.3897912171887863
LINC00957	0.15190130472183228	1.2717167896100845	0.3897451887174587
POLN	0.1518833488225937	0.5819813574296762	0.3897221441194008
MED16	0.15188002586364746	2.5316641202831636	0.38971788481613845
ZNF81	0.15187767148017883	0.8505029895296499	0.3897148520865701
LRIG2	0.15187181532382965	1.7688109584695078	0.3897073463103582
EPN2	0.15186722576618195	1.1862542786246515	0.38970146431805414
ZNF558	0.15184997022151947	0.7773973061435524	0.38967930912955895
USP30-AS1	0.15184327960014343	2.1241066423869226	0.3896707346867067
MAP3K4	0.15184104442596436	2.4564830265739412	0.38966786363256434
DUSP18	0.15183912217617035	1.694710706956542	0.38966539095801245
RACGAP1	0.15180228650569916	0.7420498447856684	0.3896181342071081
FOXO4	0.15180064737796783	0.8736084067615969	0.38961603458526045
DRC3	0.15179090201854706	0.5987176157505576	0.3896035281369971
F12	0.1517845243215561	0.5587874070323747	0.38959532696851523
FUZ	0.1517793834209442	1.62591233084485	0.3895887432846081
SPAG4	0.15177814662456512	0.6177500761560096	0.38958713961384467
ALDH1B1	0.15176211297512054	0.7459938175034249	0.3895665614630933
CTBP1-DT	0.15175221860408783	2.209750120438835	0.3895538632692895
KDF1	0.15175125002861023	0.7364104185182015	0.38955263519064304
YJEFN3	0.15174074470996857	0.7527391845467447	0.38953914699114645
OSGEPL1-AS1	0.15173842012882233	0.5728097957098621	0.38953615720635004
TTLL7	0.1517343372106552	0.42533891322626466	0.3895309272081102
MAST3	0.1517273485660553	2.2006335806572572	0.38952194606375334
TMEM97	0.15172606706619263	1.2975349992627843	0.38952029987295167
NHLRC4	0.1517219990491867	0.6391348953276759	0.3895150904154389
ABCA2	0.15171608328819275	1.157897411692188	0.38950748667136187
DIP2B	0.15171292424201965	2.243631691311511	0.38950343926072195
IPO13	0.1517123579978943	0.8725070306510304	0.38950270502705464
PID1	0.15171225368976593	0.544545270873669	0.3895025724067613
PPP1R37	0.15170079469680786	1.6490974079146696	0.3894878573775346
ZNF329	0.15170058608055115	1.1996501495783356	0.3894876008731411
SAYSD1	0.1516932100057602	2.0202117847756864	0.38947813256429614
SCN1B	0.15168432891368866	0.6708806316971322	0.38946672539262617
BRICD5	0.15167489647865295	0.8814688283821632	0.3894546172255378
OTULIN	0.1516398936510086	2.4191806147381723	0.38940968124083547
SS18L1	0.1516132354736328	1.267220028058779	0.3893754415558588
DNAL4	0.1515876203775406	1.4890942991464988	0.3893425480623994
CD9	0.15158617496490479	1.828166504244238	0.38934069516374276
AP1B1	0.15158392488956451	2.021598093126012	0.38933780750571834
GBF1	0.1515723168849945	1.8049163571719467	0.3893228861586861
BRF1	0.15156207978725433	1.7589327676999615	0.389309750074051
SLC43A1	0.15154632925987244	1.0628981689612071	0.3892895113092767
SEC61A2	0.15154041349887848	0.9210759606854669	0.38928192869250167
RAP1GAP2	0.1515352874994278	1.7453614696003925	0.3892753335401327
TTI1	0.15150119364261627	1.2842190223407015	0.3892315391356243
ZNF626	0.15149980783462524	1.8433092414647683	0.389229771461566
SLC2A13	0.15145055949687958	0.8677167931279003	0.38916649006909854
ULK1	0.15144318342208862	1.3216607809295142	0.3891570251363125
HARS2	0.15143515169620514	1.5405150683903603	0.38914669047760575
LIMA1	0.1514292061328888	2.400123014075546	0.38913906275731214
LINC00115	0.15141107141971588	1.1332954236830788	0.38911576332696995
PRELID2	0.1513976901769638	0.5293748774405184	0.3890985538621789
TAF1C	0.15139281749725342	1.379315318732426	0.3890922929849894
CEP57L1	0.15138401091098785	1.4297796092727633	0.3890809775894387
CHSY1	0.15137287974357605	1.0684493897746805	0.3890666714764698
LTA	0.15136964619159698	2.192395498697785	0.38906251607048187
NACC2	0.15136781334877014	1.2330692376213512	0.38906017100544704
RGCC	0.15136757493019104	4.366438038961184	0.38905985414815036
ICOSLG	0.15133962035179138	1.1840620934963226	0.38902392882213127
C1QB	0.15133506059646606	0.4999541590040214	0.3890180761784778
RBSN	0.15132907032966614	2.0134287312113006	0.3890103766241348
RCBTB1	0.1513206511735916	1.3859395504682914	0.38899955010485826
GFOD1	0.15125927329063416	0.675844434919942	0.38892065814624216
ZNF747	0.15124043822288513	1.3668636303980233	0.3888964391874824
TTL	0.15122972428798676	1.4784800487916587	0.3888826675689471
ZNF549	0.15121078491210938	0.9709600169083168	0.38885830777205693
ZNF799	0.15116113424301147	0.6358869503969433	0.3887944721605915
MCM8	0.15115511417388916	0.7500044340945752	0.38878671457634634
HVCN1	0.1511528193950653	2.058857796749393	0.38878377460069885
EOMES	0.15113060176372528	0.6826687052103751	0.3887552022980699
METTL2B	0.1511230170726776	2.242459915378541	0.38874543779898924
ALDH3A2	0.1511194109916687	1.872333371091163	0.388740804742337
PEX3	0.15111254155635834	1.9825145878554304	0.3887319588550585
KCNN1	0.15108773112297058	0.40141590907313357	0.3887000469455884
ZKSCAN8	0.15106701850891113	1.4944673630469603	0.38867341453034626
MGAT5	0.1510562002658844	1.7466855880401144	0.38865949182988774
CACNA2D4	0.15103647112846375	1.6835995255987306	0.3886341040704029
OTUD3	0.15103033185005188	1.478559484769558	0.38862620594405733
ASCL2	0.15101884305477142	0.9034401093862979	0.3886114348945949
RNF135	0.1510012000799179	1.434584870306468	0.3885887303624315
C10orf88	0.1509791910648346	1.435089440523893	0.38856041594108603
WNT2B	0.15091945230960846	0.7326382436286444	0.3884835308005515
EXTL3	0.1509101837873459	0.7308229610495184	0.38847159095327854
SNN	0.1508975476026535	2.561721213932695	0.38845533994854514
SLC15A4	0.15085455775260925	1.2973008729032174	0.3883999881709887
RPGRIP1L	0.150845468044281	0.7866847162274109	0.3883882996961485
CRAT	0.1508277952671051	1.234738958292994	0.3883655479530864
RAB40C	0.15081927180290222	1.1703151749925138	0.3883545753620034
MIRLET7BHG	0.15081265568733215	0.9886012408468459	0.3883460423513102
SMN1	0.15073144435882568	1.5779276008350183	0.38824148604033654
TPH1	0.1507205218076706	0.6752819183685771	0.3882274187535002
C21orf58	0.1507173627614975	1.1410569281413638	0.38822334296273614
BBOF1	0.1506999433040619	1.1142031162177923	0.3882009086105314
SCRIB	0.15069450438022614	0.9040875496535465	0.3881939074752868
DHX57	0.15069155395030975	1.8878407115223763	0.3881901087435572
KIFC2	0.15069018304347992	1.4715974255539905	0.388188328169249
RRBP1	0.15066847205162048	2.746450930262891	0.38816037095354033
ZNF562	0.15064871311187744	1.4900389001972374	0.38813491409555456
RWDD2A	0.15064659714698792	1.2725476831540294	0.3881321834244239
LINC01806	0.15064041316509247	0.9725230138648973	0.3881242156425967
ZFYVE21	0.15063884854316711	1.667652122133993	0.3881222169700858
ARHGAP31	0.1506267786026001	0.6233889252746699	0.3881066515430812
THORLNC	0.1506243199110031	0.2898640915523087	0.3881034940033889
TSPAN13	0.1506083905696869	0.7176115469457546	0.38808296178665125
NLK	0.150603786110878	1.030579866234827	0.38807703889582
OR2A1-AS1	0.15058572590351105	1.7796324836339987	0.38805375936783715
LINC00342	0.15057037770748138	1.6634012296282012	0.3880339896338294
TIRAP	0.15056192874908447	0.9236782145226139	0.3880231092790187
ICAM4	0.1505448818206787	0.5918129945166724	0.3880011336326963
GAB2	0.15052530169487	0.6373367230211638	0.38797590327356096
FAM241A	0.15052001178264618	2.133312542776495	0.3879690926525762
ZNF682	0.1505180299282074	1.564048783189949	0.3879665251534613
UEVLD	0.15050826966762543	0.9996650070522937	0.3879539536437738
WBP2NL	0.15050020813941956	0.886450563582424	0.3879435535307833
KLHL2	0.15048493444919586	1.4157172412936259	0.3879238853573148
ZXDB	0.1504780352115631	1.3048892147924709	0.38791499230097626
ZZEF1	0.15047714114189148	2.237407693917724	0.3879138282342582
MYO16	0.15042249858379364	0.3376744338721608	0.38784339815352387
MORF4L2-AS1	0.15042181313037872	0.9397533008421974	0.3878425190953364
STX11	0.15041333436965942	2.0567225649439056	0.38783157381780137
DCUN1D2	0.15041261911392212	0.8146512222929476	0.3878306541075659
CCDC71L	0.1504068523645401	1.2116961842295768	0.3878232229218334
HGD	0.1503978967666626	0.6481398060860761	0.3878116687893747
INPP5A	0.1503843367099762	0.7016429116671112	0.38779418587537284
LINC01569	0.15035945177078247	0.8181420327146391	0.3877621161586627
AGFG1	0.15034876763820648	1.9111910939673353	0.3877483316381195
SLAIN1	0.1503259837627411	1.1971469012256784	0.38771894116812466
CDK20	0.15031787753105164	0.6783347722442671	0.3877084958892785
MTX3	0.1503170132637024	1.7025848540309745	0.3877073849762822
RABGEF1	0.15031489729881287	0.6763095545129301	0.3877046435696548
MINK1	0.1503075659275055	2.018889228502909	0.3876951894640206
ANO6	0.15029576420783997	2.0025213765001846	0.3876799694060492
ADNP	0.15029150247573853	2.588486874697309	0.38767447601186966
LILRA4	0.15027940273284912	0.4006691249622696	0.38765887240673996
NMNAT3	0.15022768080234528	0.6598259001627735	0.38759215749808756
CEP85	0.15022139251232147	0.9533872487901272	0.3875840536137327
ZFP1	0.1502131074666977	1.2989817949090423	0.3875733580628861
UBE2L6	0.15020601451396942	4.083179551522851	0.38756419809738507
DLEU2L	0.15018177032470703	0.7483258539689455	0.3875329303609309
MAPK11	0.15018175542354584	0.5376106855741406	0.3875329024669686
ZNF165	0.1501813381910324	0.5205681935752032	0.38753237870525453
SLC25A22	0.15016651153564453	1.453479875093219	0.38751324911641793
ZXDA	0.1501438170671463	1.247918053947646	0.3874839644647245
SLC29A2	0.1501196324825287	0.7303846678857145	0.38745275830063264
FCGR2B	0.15010298788547516	0.6867586085394425	0.3874312604712398
ZNF781	0.15007667243480682	1.620387622679787	0.3873972965532654
B3GNT9	0.15006579458713531	0.5177386887514271	0.3873832666143504
SLX1A	0.15006482601165771	0.5742745793413842	0.38738202474881184
UNC93B1	0.15006254613399506	1.846548396965553	0.38737908115681136
ARHGAP35	0.15006178617477417	1.9558473610786642	0.3873780867211489
MCM3AP-AS1	0.15004196763038635	1.1587822430435268	0.38735251990925845
PLAGL1	0.15002937614917755	0.7693836023866902	0.3873362577578835
SFMBT2	0.1500129997730255	1.8994360295520432	0.38731511824844883
ALG9	0.15001127123832703	0.9840158027707389	0.38731288703210953
CNTD1	0.1500079482793808	0.4799793948958203	0.38730859566246856
GRWD1	0.14999526739120483	2.251821452630434	0.3872922232680229
CLN8	0.14999108016490936	2.237654459202427	0.38728681120555186
OSBPL7	0.14998118579387665	1.4062279282401804	0.3872740391583111
SNAPC4	0.14994993805885315	1.1429480621412795	0.38723369571690625
CEP78	0.14993597567081451	2.4729016388969858	0.38721566962051374
NRG2	0.1499229222536087	0.736185578322502	0.38719882346268353
MYH10	0.14991749823093414	0.6001959970056783	0.3871918193101492
LMO7	0.1499072164297104	2.230692862322504	0.38717852351612175
FES	0.14988291263580322	1.112657266215803	0.3871471462970813
PPARD	0.14986459910869598	1.5120624913566414	0.3871234902472011
SCAF8	0.1498328447341919	2.040892429735469	0.38708247870080176
FAM169A	0.14982308447360992	1.5187223571927155	0.38706986770781604
CARM1	0.14978690445423126	0.9437129553478797	0.38702313962645163
EEF2KMT	0.14977765083312988	1.4581595462857535	0.3870111683162659
AMY2B	0.1497633010149002	1.0066781128503353	0.3869926304107652
APOBEC3G	0.14975501596927643	3.194809512617031	0.3869819396766602
C6orf47	0.14972980320453644	1.9885203486658147	0.38694935092837474
TSR1	0.14970137178897858	2.3031775056173975	0.38691261599540033
ANKRD31	0.14969219267368317	0.6447545047349856	0.3869007454294
CMC4	0.1496889889240265	0.5802099455818819	0.3868966077198368
EPB41	0.14967449009418488	4.2493309042919645	0.38687787966166404
PANK3	0.14967431128025055	1.9164598604728436	0.38687763588102536
CEBPA	0.14964820444583893	0.621192668132855	0.3868439066704973
KCTD12	0.1496269553899765	1.679412990922672	0.38681643773189456
FSD1L	0.14962191879749298	0.5463993986676022	0.3868099174913132
ABL1	0.14961205422878265	1.2331090848107904	0.38679717686025045
GRIN2C	0.14957253634929657	0.3930165284095596	0.38674608411917205
MYD88	0.14954927563667297	2.4443827365093305	0.3867160052728759
SAMD10	0.14953301846981049	1.1516324000797054	0.386694985371638
CIAO3	0.1495179533958435	2.007192427856255	0.3866755059379704
PRKN	0.14949879050254822	0.5298086095358677	0.38665074244717546
SUSD1	0.1494654417037964	0.9689321171392427	0.3866076145307811
C5orf22	0.14943501353263855	1.6053510986525437	0.38656825739186856
KAT2B	0.14943434298038483	2.0269277803742565	0.38656738301280413
PCIF1	0.14941221475601196	2.3563124306813967	0.3865387677382752
SGSH	0.14940588176250458	1.7661658292529228	0.3865305758867257
BARD1	0.14937704801559448	1.5655882451040992	0.3864932754110595
ERMP1	0.1493741273880005	0.7600947969032887	0.3864894898009287
NPAT	0.1493457704782486	3.2015029324425592	0.3864528013230799
PGAM5	0.14931771159172058	0.9657508734313921	0.3864164962184706
ATP23	0.14931590855121613	1.6811250888981581	0.3864141682885087
DLG2	0.14930219948291779	0.5642295308211297	0.3863964248692448
ZNF74	0.14928123354911804	0.7632516414726375	0.3863693030053727
USP21	0.14924363791942596	1.247307094235073	0.38632064726106463
CLPB	0.149238720536232	0.7410667246899842	0.38631428393927575
PHC2	0.14923115074634552	1.3360334335615809	0.38630447259890577
NUFIP2	0.14922550320625305	3.5257684736873	0.386297166862614
CREBBP	0.14921413362026215	2.966243090757465	0.3862824503599005
HK1	0.1492137610912323	2.933098206118149	0.3862819763715281
IL12RB2	0.14920082688331604	0.3947699135062338	0.38626522379866907
ITPR1	0.14918820559978485	2.0397537526499723	0.38624888993397294
PWWP2B	0.14917734265327454	0.9008917907873789	0.38623483084378385
TTC22	0.1491689831018448	0.8409987960396141	0.386223997411297
LMO2	0.14915558695793152	0.7892866127221521	0.38620666954977106
ZNF827	0.14914719760417938	1.6734459346509984	0.3861957991974015
TBC1D14	0.14913372695446014	2.13578751945861	0.3861783678571464
NAMPT	0.1491267830133438	2.7677195186359214	0.3861693667404669
PTPRM	0.14911380410194397	0.7147122215037145	0.3861525649251321
DTX1	0.14911366999149323	0.6040622416698156	0.3861523990112369
TFAP4	0.1491120159626007	2.3060797302202247	0.38615024853592916
FTO	0.1490994095802307	1.596172815081717	0.3861339174459141
ARRDC3	0.14908690750598907	4.211993976571094	0.3861177284283887
SLC38A5	0.14907234907150269	1.8910326907461175	0.38609888684031024
TRIM58	0.14905330538749695	0.6518441706439088	0.3860742277224166
WDCP	0.1490468531847	0.7484379379913725	0.38606586206590676
URB2	0.14903363585472107	1.0701400418391174	0.3860487424627247
TNFRSF13B	0.1490272879600525	0.49256319920907077	0.3860405325972609
MACF1	0.1490168422460556	3.7594584961960598	0.3860270005033034
MMP23B	0.14899687469005585	0.6684811464100505	0.386001124749109
DENND2C	0.14898230135440826	0.4870562871411386	0.3859822582933343
FUT8	0.14897598326206207	2.3857463968211206	0.38597407243001314
TJP2	0.1489340215921402	0.782031470388745	0.38591970921425683
ECPAS	0.1489332616329193	1.7724617541521446	0.38591872633563834
TBCCD1	0.14892932772636414	1.3727155931836343	0.38591362659572354
TCF19	0.14890356361865997	1.0457216123854063	0.38588023593761295
C19orf33	0.14889642596244812	0.7071797105544372	0.38587099574340716
ACTR3C	0.14888693392276764	0.979346638895086	0.38585870414536366
SLC30A4	0.14888238906860352	0.8333880728346178	0.38585280790084775
POMT1	0.14886365830898285	1.788053863920928	0.3858285333445141
CHST14	0.14884120225906372	0.8403654164738126	0.38579943556797275
GLIS3	0.1488269865512848	0.4373634577768059	0.38578100573477403
SLC25A19	0.14879001677036285	1.5157800563450516	0.3857330976154578
ZKSCAN2	0.1487814486026764	0.7237740620342707	0.3857219847727511
IGF2R	0.14877714216709137	1.9573224552289736	0.38571640283144226
CHIC1	0.14872689545154572	1.472323337848159	0.38565126357647234
ATP2A1-AS1	0.14872275292873383	0.8240468293085865	0.38564589680204936
CHEK2	0.14868153631687164	1.2381359458654777	0.38559245259067726
ZNF665	0.14867529273033142	0.7247709147774853	0.3855843513759212
SLC9B1	0.14865288138389587	0.9825588387091041	0.38555529599015986
PRR14L	0.1486349254846573	2.417286519346566	0.3855320031442122
PITPNA	0.14863412082195282	1.7115872070707123	0.38553096270114334
SLC1A4	0.14861594140529633	0.555016055988626	0.3855073798369748
LINC01220	0.14857640862464905	0.45222420259682156	0.3854561106959562
ST3GAL4	0.14855803549289703	0.8452030469402956	0.38543227594791163
ACVR1	0.14854952692985535	1.6461674340383303	0.3854212320341879
CASK	0.14853748679161072	1.601437428673565	0.3854056226002572
GORASP1	0.14851798117160797	1.0950741895770661	0.38538031154772373
VPS11	0.14850705862045288	1.793968126691621	0.38536612909840895
RESF1	0.14850541949272156	4.575751934014974	0.38536400802607695
CD27-AS1	0.14849840104579926	1.4807511391082486	0.38535489740132556
FCRL5	0.1484972983598709	0.5042496219106104	0.385353479675355
PLBD2	0.14847633242607117	0.8591458676989507	0.38532626277303583
SCLY	0.14840854704380035	0.9339547048811712	0.3852383075022612
CREB5	0.14838752150535583	0.7246961402367815	0.38521101302157496
UTP15	0.14837583899497986	1.3694648180884876	0.38519584211532626
TGFBR1	0.14836430549621582	1.6953219796505925	0.38518087937075157
MIB1	0.14833438396453857	1.89784124938921	0.3851420360146928
DOT1L	0.14829546213150024	1.227050361847969	0.3850915037490487
ZNF48	0.1482817381620407	1.3776212274114747	0.38507367535915976
RHOC	0.14827628433704376	3.0112066848981427	0.38506660015799843
STK39	0.14823341369628906	1.3712726706974352	0.38501091953626837
SLC66A1	0.14822721481323242	0.7450766715852694	0.3850028677864198
FCHO2	0.14822572469711304	0.49195996834628886	0.38500094291198916
IRAK2	0.14822536706924438	0.5149359231764786	0.38500048158635336
NOL10	0.1482176035642624	2.4455213016933866	0.3849903911945307
SENCR	0.14820148050785065	0.7855437950042016	0.3849694449127014
C17orf75	0.14820106327533722	1.8552524634704737	0.384968909496389
ZNF45	0.1481906622648239	0.7000652975277882	0.38495541018308566
IGIP	0.14818497002124786	0.801568904427733	0.3849480034049157
POU6F1	0.14817966520786285	0.6573544341599804	0.3849411267989313
MAP1S	0.14815546572208405	1.4253587278598112	0.38490968940186654
FUCA2	0.14814797043800354	1.6956238799168233	0.38489994071487815
PTPRO	0.14814098179340363	0.7541487593760435	0.3848908695535754
ZNF202	0.14813213050365448	1.11292471602502	0.3848793677816182
MDP1	0.1481267362833023	1.7694849052191695	0.38487236214876486
NUP155	0.14811521768569946	1.6494463622798408	0.38485739369242594
QPCT	0.14809031784534454	0.7392247429981086	0.38482505363711583
GGT7	0.1480584293603897	1.9521736308532656	0.38478361432065755
HUS1B	0.14803776144981384	0.835812369525661	0.3847567634248983
PSMC3IP	0.14803767204284668	0.5248146822169366	0.3847566387501587
PDZD8	0.14800113439559937	1.8705187280059317	0.38470916233672053
LRFN3	0.14799392223358154	0.7400221177216234	0.38469978789014525
TAF1A-AS1	0.14796490967273712	0.8250697183768868	0.3846620807197801
RAPGEF2	0.14794841408729553	1.154531962798473	0.38464062386455655
GHDC	0.14794541895389557	1.7470164029534292	0.38463673087701034
IL1RAP	0.14791959524154663	1.1330190026326197	0.3846031740238008
ST3GAL3	0.14788846671581268	1.1921936335234806	0.3845626945170196
PHLPP2	0.14788128435611725	0.9695963523853784	0.3845533588543892
TELO2	0.1478792279958725	1.7321327805975844	0.3845506815264425
TMEM65	0.14783020317554474	0.9554743312898724	0.38448693310264637
PDIA5	0.14782598614692688	0.9616178057202891	0.384481447175972
PARD6B	0.14781887829303741	1.1769471129695117	0.3844722110316815
ZFP69B	0.14780445396900177	0.5160705608768938	0.3844534422721843
NAPB	0.1477990299463272	1.6342017290921047	0.38444639427970945
LPCAT2	0.1477956622838974	0.6900330623790222	0.38444202171718617
GRK4	0.14779159426689148	0.6981127017759272	0.38443671744270985
TAF4	0.14778757095336914	1.2364894326390892	0.38443148360228924
LZTR1	0.14776556193828583	1.14297575032574	0.3844028726147264
HLA-DQB1	0.14776384830474854	3.4784836554435934	0.38440063730229157
SCARB2	0.1477467268705368	1.7731353460143808	0.38437836584800067
TENT4A	0.147744283080101	1.2954237061442087	0.38437518852196095
SPIN1	0.14773954451084137	1.8839766371752567	0.38436902823590824
SERINC5	0.14772266149520874	3.672966687615347	0.384347061546425
NF2	0.14770618081092834	1.9333740703447568	0.3843256194802004
ANTXR2	0.14767442643642426	2.269001822590371	0.38428429903294326
HNMT	0.1476631909608841	1.0927736907626477	0.38426968159707625
ZSCAN18	0.1476631760597229	2.597414950758105	0.3842696638552862
TRMT10A	0.14765821397304535	1.5275682774996848	0.38426320806051645
GALM	0.14765019714832306	3.0706445357808665	0.38425277703352995
ZC3HC1	0.14764590561389923	1.4335426740719441	0.38424718511584116
WIZ	0.14764304459095	1.0637029295223426	0.3842434755598
ADHFE1	0.14764045178890228	1.2104260010280827	0.38424009335817366
PARP11	0.14763575792312622	2.386015966477522	0.3842339879946814
CCDC71	0.14763209223747253	1.522529346732801	0.3842292133703928
LACTB	0.14762277901172638	2.249266968376335	0.38421710302028905
SMAP2	0.1475863754749298	4.262225680881077	0.3841697187354785
CD274	0.1475793719291687	0.6855737090224964	0.38416060767923665
ZNF736	0.14756083488464355	1.434341170321936	0.38413647235195814
FBXO8	0.14751853048801422	1.7140201313057164	0.38408141265862
FUT10	0.14751526713371277	0.7006966886735054	0.3840771688235212
DCAF1	0.14751458168029785	1.6113111494373087	0.384076262729434
FABP5	0.14749190211296082	2.5449194101994976	0.38404674057116506
ICMT	0.14748771488666534	1.6091702754013384	0.38404129773366424
MYO9A	0.14746952056884766	2.2380999694382093	0.3840176102146113
SSH1	0.14746016263961792	1.3247590909972502	0.384005429212166
TRRAP	0.14745642244815826	1.8031609812002072	0.3840005556449752
TOMM34	0.1474512219429016	1.4007037677070646	0.38399377527145645
FEM1C	0.14740896224975586	1.4148259350166468	0.3839387440945353
LRRC69	0.1474064737558365	0.8163125242652565	0.3839355086926515
ZNF467	0.14740043878555298	1.6026665033965275	0.3839276531743289
EPB41L4A	0.14739717543125153	0.3494705881823525	0.38392340162189514
GATAD1	0.14737312495708466	2.166297097772474	0.383892071687173
ALDH1A1	0.14735665917396545	0.6266647800517722	0.38387062898740393
NEFH	0.1473512351512909	0.46710952985104015	0.3838635606739443
MCAT	0.14734894037246704	1.1834691620192765	0.3838605682772967
IKBIP	0.14734585583209991	1.8438975237795219	0.38385655762324944
CLSTN3	0.14734257757663727	1.3306794432616325	0.3838522804168659
LSS	0.14733925461769104	1.2327823097678436	0.3838479505186466
GALNT3	0.14732949435710907	0.6937489378269605	0.3838352479995635
DBT	0.14731405675411224	2.0971821464341263	0.38381514000498085
SLC49A4	0.14730234444141388	0.893221238392523	0.3837998731032345
SMG1	0.14727932214736938	3.3526692445250763	0.3837698773826699
CBY1	0.14725427329540253	1.5034899955965093	0.38373724383760344
SCRN3	0.1472400575876236	1.3760746242442807	0.38371872010403413
TPST1	0.14723260700702667	0.6332555080396463	0.3837090097612316
TCN2	0.1472214013338089	0.5776263317271667	0.3836944025704414
RITA1	0.1472010761499405	1.651084438594365	0.3836679292215872
GOLIM4	0.14720048010349274	0.5552852421542237	0.38366714133956453
INPP5E	0.14719617366790771	0.9755163939519861	0.3836615369370132
IGSF6	0.14717698097229004	1.5002614102144352	0.383636525991963
CLCN3	0.14716769754886627	2.235659411812194	0.383624417023507
SUMO4	0.14715544879436493	0.7014159442592854	0.3836084630067003
SLC35F6	0.14713071286678314	1.6764463572209822	0.3835762201009172
LINC01353	0.1471170336008072	0.6081031908020662	0.38355838715161
CHFR	0.14710891246795654	2.2572446499747794	0.3835477967275079
PPP2R5D	0.14710518717765808	1.5570542615948966	0.3835429436824772
TMEM260	0.14709512889385223	1.965819506581259	0.3835298331117708
CRKL	0.14709120988845825	1.7578091008224705	0.3835247240736777
PPP1R16A	0.14707417786121368	1.2100640254459163	0.38350251550452574
GNB1L	0.14705690741539001	1.767627567623767	0.3834799968745758
CASTOR1	0.1470477283000946	1.7508370451543522	0.3834680229978124
CD300A	0.147017702460289	2.2170824435935623	0.38342887598301145
CEP152	0.1470169574022293	1.5258470871896122	0.38342790351849526
ZNF646	0.14701160788536072	0.8010280213936078	0.38342091881373414
TPPP3	0.14700786769390106	0.8526145160426581	0.3834160492177867
LINC02325	0.14700275659561157	0.636556746516648	0.3834093934660615
CAPN15	0.1469457447528839	1.4631386726980464	0.38333502099466343
PRRT1	0.1469345986843109	1.178951711147681	0.38332049927876105
CCDC167	0.1468878835439682	3.923340212796383	0.38325955118592603
TNFRSF10B	0.14688251912593842	1.633204653802046	0.38325255385496115
RAB35	0.1468689888715744	2.069220828370573	0.3832348924308126
GYS1	0.14686816930770874	1.0893930686616349	0.38323383072423595
PRMT5-AS1	0.14686550199985504	0.5486220224721222	0.38323035779538617
RHOU	0.14686360955238342	0.6803005472453618	0.38322787300649347
TXNDC16	0.14685750007629395	1.6391446878170144	0.38321991559412333
PTPN14	0.14683039486408234	0.5245935949443401	0.3831845422460077
GOLGA6L4	0.1468026489019394	0.572878430857969	0.38314833565018014
PRMT5	0.1467946469783783	1.8467307122731118	0.38313789109255614
PCTP	0.14677996933460236	0.7432777357512507	0.3831187326555328
PRORP	0.14675061404705048	0.5195259291436024	0.3830804299215912
PANK4	0.14673608541488647	1.5050495247502893	0.38306145614223786
SOCS6	0.146697536110878	0.4763452139222759	0.3830111452283719
ZNF675	0.14668601751327515	2.3664956357744007	0.3829961042439337
SPACA9	0.14667341113090515	0.796451916411462	0.38297965815273455
PVALB	0.14664976298809052	0.49874597685090427	0.3829487731004511
KDM8	0.14664161205291748	0.6459354661205262	0.38293813639320184
KLHL26	0.1466224044561386	0.6887178324534062	0.3829130547985111
MFAP3L	0.14661768078804016	0.46741484468124833	0.38290688364822373
CPTP	0.14659437537193298	2.103243992474801	0.38287644790618
UTRN	0.14659416675567627	3.8651244804776947	0.38287617268172325
TSPAN31	0.14658266305923462	2.316857564951725	0.3828611632278716
ZC3H10	0.1465778648853302	0.6104395261669524	0.3828548952684709
NSUN2	0.1465730369091034	2.1456093772161053	0.3828485791744023
C1RL	0.14655616879463196	1.6379891560908935	0.3828265463212645
DMPK	0.14654074609279633	0.6288755326549669	0.382806402525427
PAIP2B	0.14653916656970978	1.4830883280070806	0.38280434471117847
TAGLN	0.14653164148330688	0.6358909051422872	0.38279450939117704
TRMT44	0.14650997519493103	1.1377015278257172	0.3827662110176238
SLC25A35	0.14649099111557007	0.9472047342879563	0.3827414080338819
PHKA2	0.1464899182319641	1.4251930749050958	0.3827400235149276
WDR19	0.14646556973457336	1.0417683928405645	0.3827082076750992
DNAAF5	0.1464536190032959	0.864216374882793	0.38269259365999403
CPT2	0.14645087718963623	1.6059592280579709	0.3826890090674175
SIAE	0.14642181992530823	0.7959718784153234	0.3826510414880588
CDK5	0.1464102566242218	1.6916799147923787	0.3826359321385484
ZMYND19	0.1463947743177414	0.7534327362003911	0.38261570748777973
LINC02076	0.14638249576091766	0.6001255311842623	0.3825996590189385
DUSP3	0.14637528359889984	0.9996635839628534	0.38259022436563805
TREX1	0.14637205004692078	2.7229928175608316	0.3825859960574393
LYAR	0.1463567316532135	4.138281323443884	0.38256598014894233
MFN2	0.1463308334350586	1.4776133814990748	0.38253214042695893
SEPSECS	0.14632943272590637	1.4518047664814069	0.3825303045334909
ARRDC4	0.14630167186260223	0.7726393560682677	0.38249401279745177
DGKQ	0.14629818499088287	1.061853987846338	0.3824894484661086
GSTO2	0.1462436020374298	0.5981213731327276	0.38241809940432814
TRAF2	0.146180659532547	1.932282878749672	0.38233578658678136
OCM	0.14617043733596802	0.916837727601044	0.3823224186299136
RAD51B	0.14614850282669067	1.5919023418791907	0.3822937449206639
LMO4	0.14612671732902527	2.6809591100590437	0.38226523985153243
FGFBP2	0.1461089700460434	2.314212377500717	0.3822420351137264
POT1	0.14608950912952423	1.696002105643466	0.3822165826027621
AMPD3	0.14607058465480804	1.2178014661845575	0.38219181805771674
IDH1	0.1460588425397873	1.3988973476649245	0.38217645784494
IFT80	0.1460561752319336	1.6894673896932053	0.38217295983256827
PDLIM7	0.1460430771112442	1.374858864993428	0.3821558278010775
ZFYVE16	0.14600594341754913	1.9124337896076655	0.38210724090313414
PBX1	0.14600540697574615	0.4540621525825669	0.3821065302231828
LONRF3	0.14599910378456116	0.534892192631389	0.38209828279207564
MYLIP	0.14598822593688965	3.7524006987896916	0.38208405268796164
SLC31A1	0.14598004519939423	1.1705610527160981	0.38207334518874203
SBF1	0.14595022797584534	1.8092358788311254	0.3820343201190856
DCLRE1A	0.1459437608718872	0.59836695642992	0.38202586099693714
TMEM150A	0.14593715965747833	1.5880842301352271	0.3820172159397562
TBC1D22A	0.14593595266342163	2.626013541587011	0.38201565362875395
MED24	0.14591966569423676	1.9633284970489955	0.3819943344901537
KLHL32	0.1459115743637085	0.505158724570183	0.3819837447247477
LPCAT3	0.14590489864349365	1.75348669610261	0.38197499406211605
ZSCAN5A	0.1458982229232788	1.341773717111098	0.381966262570498
WDR76	0.14587104320526123	1.8855757124122532	0.38193068787707807
SMARCD3	0.14586716890335083	1.2820637067387388	0.3819256143236297
TUBG1	0.14586295187473297	1.0286727219363283	0.3819200840562728
TNIP3	0.14586034417152405	0.5689250140582921	0.38191666562133825
C3orf33	0.14585678279399872	1.3163687441769232	0.3819120154532958
TBC1D2	0.14584369957447052	0.7786054458197963	0.3818948791858667
ZNF230	0.14583347737789154	1.237874335141931	0.3818814901607613
ZFAND4	0.1458323746919632	1.4903494413099982	0.38188006093989096
PPM1D	0.14583200216293335	1.3177712508316697	0.3818795585095898
ZNF555	0.14580418169498444	0.5724249465027075	0.3818431372530251
IFT172	0.14577175676822662	0.5895188572420471	0.3818006797771337
CLIC4	0.14576098322868347	0.6204248758967809	0.3817865620057223
DSN1	0.14576047658920288	1.3100451197889116	0.3817858951219487
CLIP1	0.14575231075286865	3.3058723389417275	0.381775206960224
CD200	0.1457461416721344	0.7048353630464196	0.3817671210548483
ESRRA	0.14574119448661804	1.5145954576488656	0.38176065571326057
SQOR	0.14573319256305695	3.153708525544382	0.38175017308432707
STAM2	0.14572970569133759	1.3396685336969822	0.3817456032563137
PPP2R5B	0.14571508765220642	1.3137315407795012	0.3817264628720372
ZER1	0.1456894725561142	1.1448951114639925	0.38169289616254576
SLC35F3	0.14568302035331726	0.3320326445146082	0.38168445962809877
C19orf12	0.14567787945270538	2.17868448103068	0.38167771156179375
CDKL1	0.14565971493721008	0.6211852963970995	0.38165392153835137
ZNF287	0.14563417434692383	1.3292973602183478	0.38162046819194423
TMEM182	0.14562125504016876	0.8769591803523316	0.3816035338198565
C1orf159	0.14561352133750916	1.0463286651962105	0.38159339632049283
PPP1R3D	0.1456110030412674	1.1421961579400461	0.3815901031756334
MTA3	0.1455843150615692	1.8065714491281473	0.38155512072849884
NEMP1	0.14556731283664703	0.8773035042815738	0.3815328458922184
HPSE	0.14556072652339935	1.2368070716145394	0.3815242207488409
ZHX1-C8orf76	0.14552363753318787	0.8057106168105684	0.38147559855360946
BASP1	0.14549723267555237	0.6306609718050536	0.3814409871293124
RNF125	0.14547275006771088	4.002878842225933	0.38140891048153586
BIRC3	0.14538869261741638	4.897617139122039	0.3812986852901574
RHOT1	0.1453557163476944	2.62916796691573	0.38125545369347363
GTF2H2C	0.14534607529640198	2.339608689377591	0.38124280756934087
MROH6	0.14533476531505585	0.6931622950966787	0.3812279775892235
PPP2R3A	0.14532029628753662	0.5366863993164224	0.38120898938167
PNPLA6	0.14531758427619934	2.0036937900429943	0.381205438375015
FAM201A	0.1453036516904831	0.5286851842170475	0.381187159275368
TBC1D23	0.14530175924301147	2.098665071173189	0.3811846702629841
NAP1L5	0.14529016613960266	1.9237706469393325	0.38116947647307536
APOBEC3D	0.14526213705539703	1.6774764645602054	0.381132707851729
SLC35A2	0.1452539712190628	1.634682705804306	0.3811219992081524
ABCC10	0.14524663984775543	1.5457130830406687	0.38111236547048466
PRICKLE3	0.14524520933628082	0.9726472528958229	0.3811105042177763
GLYCTK	0.14522813260555267	1.5639459634649342	0.38108808676934036
NIPAL2	0.1452195793390274	0.6509562565220727	0.38107687447561966
LCNL1	0.145181342959404	0.4054409485610052	0.381026687798614
SMPD4	0.14518015086650848	1.8315070542110794	0.3810251312134481
CASZ1	0.1451636552810669	0.6442094916813218	0.3810034804439623
FEM1A	0.14512357115745544	1.5979641532075817	0.3809508790087718
RFC3	0.14509768784046173	1.347772711766634	0.3809168963285132
ZFP37	0.14509545266628265	0.5294967967431664	0.38091396469640487
SBNO2	0.14508256316184998	1.2793727471453933	0.38089705032950466
TECPR1	0.14506956934928894	2.7936558931266666	0.38087998888250546
C11orf24	0.14504899084568024	1.3819875942107818	0.3808529738761866
MICALL1	0.14504118263721466	1.043372568842095	0.3808427361449559
ZNF589	0.1450318694114685	1.22983142402437	0.38083048994218316
ZNF319	0.1450205147266388	0.6717910296729698	0.3808155864124303
UBE2O	0.1449698805809021	1.562069850748983	0.38074910156011504
CHPF2	0.1449698656797409	1.9418970266521205	0.3807490878150289
ZDHHC21	0.14491787552833557	1.9205447423960513	0.3806807987617972
POLR3K	0.14490565657615662	2.461932771507351	0.3806647609473054
ACTR5	0.1448580026626587	1.4404857128972752	0.3806021617420488
ITSN1	0.14485149085521698	0.6643805381667112	0.3805935949829849
MMS19	0.14484743773937225	1.7875148220080526	0.3805882734894395
FCGR1A	0.14482732117176056	0.6701655817214557	0.3805618499290137
ELK3	0.14482299983501434	2.7836893810622994	0.38055616772510076
RAD54B	0.14481998980045319	0.7666066115386642	0.3805522179982807
LRCH1	0.1448080837726593	1.6922504328676566	0.3805365661437948
NUP50-DT	0.14478699862957	1.1386415417166962	0.38050886543736634
AGAP5	0.14478176832199097	0.6060108177049863	0.38050199586953326
GALNT12	0.14476795494556427	0.9357761886270567	0.3804838470111865
CDK2AP1	0.14476218819618225	0.46467634221945686	0.3804762650638202
MICA	0.14475740492343903	2.2060219207029235	0.38046998140654914
UGCG	0.1447497308254242	2.6465923000569544	0.38045988629497524
CTPS2	0.1447356939315796	0.70818256618191	0.38044143947835385
C16orf95	0.1447325199842453	0.5629984147818152	0.38043726988877785
NPHP3	0.14471524953842163	2.367963553388457	0.38041456889462183
USP3-AS1	0.1447056084871292	0.5870460682330917	0.3804019050850591
SYT15	0.14469631016254425	0.5777969004093916	0.38038967348617636
PPP1R13L	0.14467363059520721	0.6293650583517506	0.380359875308157
RUNDC1	0.14466282725334167	1.8160324057856738	0.3803456606981149
LRR1	0.1446593850851059	1.4854839492118221	0.3803411375710497
APEX2	0.14465589821338654	1.5217332621872197	0.3803365649842649
RHBDD3	0.14463217556476593	1.4527931405209946	0.3803053776602015
PGGT1B	0.14457367360591888	2.041488948224605	0.3802284502137637
TTC38	0.14456573128700256	1.1663770196081578	0.3802180056197985
ZNF175	0.1445622444152832	0.563451554183759	0.38021341469664843
CDNF	0.14454865455627441	0.5639442894536416	0.3801955498278507
MANBA	0.14451591670513153	2.3487518167130337	0.3801524995652641
MAP3K14-AS1	0.1444978415966034	0.5939587609863829	0.3801287129445348
MFSD4A	0.14448998868465424	0.5467629264255136	0.38011838304941015
CD101	0.14448311924934387	0.6117544925247116	0.38010934559430637
CASP3	0.14446093142032623	1.9896439754643203	0.38008016124637284
CRAMP1	0.14444918930530548	1.0013698911529847	0.38006471338370085
BLM	0.14443755149841309	1.2954610291568713	0.38004941433746053
GFM2	0.1444355547428131	1.355729935383888	0.3800467775462763
DEPDC5	0.14442379772663116	0.996680124395195	0.380031311393296
PARPBP	0.14442117512226105	0.8005532711401753	0.38002786653980053
TNPO3	0.1444115936756134	2.045487905827519	0.3800152546755476
CCDC86	0.1443968266248703	1.46441520447932	0.37999581933674104
NLRX1	0.14438863098621368	0.6804454895271652	0.37998504963469537
HDLBP	0.1443643718957901	2.7298715251615677	0.3799531256584545
TFE3	0.14436200261116028	1.3546515127708172	0.37995000381476496
ACTN4	0.1443576067686081	2.8744637025270428	0.3799442060269952
TIPARP	0.1443430334329605	2.6923828266589576	0.3799250380511911
MAML2	0.14432455599308014	3.4732698645171536	0.3799007144129359
FLYWCH1	0.14431878924369812	1.744527220497643	0.3798931367956156
GSE1	0.14431504905223846	1.523592632278172	0.37988821190673294
IDUA	0.14428503811359406	1.3018784374569567	0.37984870648037783
SLC9B2	0.1442670077085495	1.451968198535086	0.37982497807852067
FAAH	0.14426082372665405	0.5536506021559466	0.37981682438369924
EIF4E3	0.14425569772720337	2.5047705534317486	0.37981008590933396
NFIX	0.14425139129161835	0.5768853340911683	0.37980441747546356
LIMK1	0.1442485749721527	1.0268629755096874	0.37980070287921625
RASSF6	0.14424435794353485	0.44235805639019415	0.37979515119133694
ZNF687	0.1442422717809677	1.3453861530941564	0.37979241203779907
MSH2	0.14423584938049316	2.445216346974574	0.37978394869953863
MIER2	0.1442197561264038	1.2235895331335251	0.37976275992838376
ITIH4	0.14420033991336823	0.5790273908568525	0.3797371983618433
GBA2	0.14418520033359528	1.209355887667886	0.37971726267509043
ARL13B	0.1441793441772461	1.5404978327139127	0.37970954677237595
PPFIA1	0.14417557418346405	2.151758143271523	0.3797045931197273
RASD1	0.14417365193367004	0.4481752966441414	0.37970204714937933
DTD2	0.1441638171672821	1.5554954409599304	0.3796891141903551
MOSPD1	0.14415429532527924	2.1767026587921086	0.379676562662188
CEP70	0.14414280652999878	1.6238890281125504	0.37966144589272827
ANO9	0.14413300156593323	2.081801682139722	0.3796485326387712
PTDSS2	0.14410726726055145	1.11026362064241	0.3796146270087358
FADS2	0.14409495890140533	0.3442271221072281	0.3795984132003396
SLC6A16	0.1440630704164505	0.7731190880482224	0.3795564170802854
SPHK2	0.14405517280101776	2.059137281558523	0.37954601307660135
ARFGEF2	0.1440490484237671	2.179495890935262	0.37953793348621884
METTL16	0.14404332637786865	2.880903626310414	0.37953039820958284
SYTL3	0.14403872191905975	3.1550999742814865	0.37952434122571427
NAXD	0.1440092772245407	1.5550595218194398	0.37948555102992726
MCU	0.14395993947982788	1.1654469704262598	0.3794205287106227
SSH3	0.14394913613796234	0.7831646378698021	0.3794062911237594
TRIP12	0.14394456148147583	3.0632528939009624	0.37940026449713743
TBC1D9B	0.14394403994083405	1.8653131650325439	0.37939958005715646
THOP1	0.14394325017929077	1.6319005133091717	0.3793985354873252
STAM	0.1439269483089447	2.387020898961473	0.3793770561480203
BCO2	0.14392352104187012	0.5707725169443992	0.3793725387719676
DICER1-AS1	0.14391346275806427	1.310506810287863	0.37935928527586266
PAN2	0.14388567209243774	1.421981141485017	0.37932265134889276
RPGR	0.14385443925857544	2.304943662493622	0.3792814806033231
RNF121	0.14384794235229492	1.5202928123802975	0.3792729161641105
MYLK	0.14382024109363556	0.6135375656729913	0.37923639414139526
YIPF2	0.1438072770833969	1.1332980111184248	0.3792193015774788
CTDSPL2	0.14377422630786896	3.132678115961652	0.37917572253855264
THAP7-AS1	0.1437324434518814	1.6510789203689473	0.37912062239074984
CTH	0.14373227953910828	0.5429224470680244	0.37912041193815693
CAPN2	0.14369741082191467	3.8625381696269887	0.3790744219531789
LINC02132	0.14368131756782532	0.5560967565953047	0.37905318012838973
ELMO3	0.1436762660741806	0.5822205376807758	0.3790465320051533
TIMELESS	0.14366459846496582	0.7315081266607818	0.379031130861082
S100Z	0.1436401903629303	0.603893843361701	0.37899892988607414
ST6GALNAC4	0.14362604916095734	1.6230126518856063	0.3789802791506786
CACNB3	0.1436111181974411	0.4996193388469831	0.37896057610258654
NCKIPSD	0.14358770847320557	1.0433313816899998	0.37892969743612553
RHBDF2	0.14354921877384186	1.9261061994508766	0.3788788999375517
ZNF783	0.14354528486728668	1.6914123390369489	0.3788736975945864
TCTN2	0.14354261755943298	0.6989361530747907	0.37887018915342396
LMNTD1	0.14352813363075256	0.28676908919980243	0.3788510656377715
SP140	0.14352701604366302	3.2433232850041884	0.37884959603334667
TSC22D1	0.14352267980575562	2.2153431330147373	0.3788438730321105
WRN	0.14348092675209045	2.1888078273027793	0.37878875617629804
CDC34	0.14346468448638916	1.5088924949424933	0.37876733200312696
ZFYVE28	0.1434631198644638	2.124910835562081	0.37876526014489403
FAM241B	0.14346083998680115	1.942119349008319	0.37876225568013216
NUDT6	0.14344896376132965	0.6834510546534455	0.37874656864213924
LYSMD4	0.14344455301761627	1.2755321540595015	0.3787407486845833
STK40	0.14341551065444946	1.5756700575580085	0.3787024046598661
NEDD1	0.14340262115001678	2.325986410922931	0.37868538033555654
TMOD3	0.14339140057563782	3.5956082165926353	0.3786705769777697
AGBL2	0.14339086413383484	0.5731762176615068	0.3786698708644158
HCG27	0.14337722957134247	0.6466276279126091	0.3786518632114251
DHCR7	0.14336912333965302	1.279446444292178	0.3786411588901565
TAF9B	0.14332735538482666	2.028973974487334	0.3785859908336699
B3GALT4	0.1433224380016327	1.8894383388917564	0.3785795094761823
CCDC191	0.1433141678571701	1.5169957615863319	0.3785685727415936
SEC24D	0.1432948261499405	1.5489579781718639	0.37854303493680974
ALYREF	0.14327968657016754	1.5360665869438785	0.37852302597168225
PSD4	0.14327076077461243	2.4009683739636594	0.3785112330511828
SIRT3	0.1432703286409378	1.335161817713259	0.3785106715911717
GMNN	0.143259197473526	1.3855579040973123	0.3784959744019053
FBXO30	0.14325320720672607	0.6798545852360598	0.3784880526513661
LRIG1	0.14321164786815643	1.5825914050884173	0.378433154154719
EPC2	0.14321115612983704	2.721479290746638	0.3784324987357247
ZNF574	0.1432066410779953	1.2905070806828496	0.3784265266434513
NAF1	0.14320284128189087	2.284565975382867	0.37842152017008157
MBD5	0.14318369328975677	1.8272255837232216	0.37839620604409724
BRD7	0.1431737095117569	3.3915724133166316	0.37838302181952355
MVK	0.14316818118095398	1.5211895494168746	0.37837571844035145
E2F3	0.14316682517528534	1.6564399807845953	0.3783739233842813
DDIT4	0.1431603580713272	4.997205215395638	0.3783653808033759
MED14OS	0.1430996209383011	0.9701337721841089	0.3782851069754393
CEACAM4	0.14308492839336395	0.7236430775160076	0.37826567639480396
FKRP	0.14308349788188934	1.4126113744531097	0.37826378861640864
CLN6	0.14307992160320282	1.754694997807572	0.3782590697420062
ZNF16	0.14306437969207764	1.4794125657428727	0.3782385170025341
ADAMTSL5	0.14306318759918213	0.7905168992920397	0.37823694814371694
DERL3	0.14305365085601807	0.5268203564188033	0.3782243353735478
ACBD6	0.14300894737243652	0.7371329129084774	0.37816523913669475
SUV39H1	0.1430066078901291	1.0267669935906985	0.3781621524804023
ACTR8	0.14300189912319183	1.8722164098787124	0.37815592860922415
PSTPIP2	0.14299717545509338	2.0211427524628767	0.37814968122012643
P2RX5	0.1429351419210434	1.9195225933045719	0.37806764317785513
ACSL4	0.14292064309120178	1.9528387634233497	0.3780484729739441
RAB10	0.14291386306285858	2.9638888840474387	0.37803949111095375
MOB3C	0.14291048049926758	0.950450873352102	0.3780350294684672
LINC01857	0.14289885759353638	0.45514940838704165	0.378019649683223
PTPRK	0.1428947001695633	0.5310440070327671	0.37801416240326496
FBXL3	0.14289237558841705	2.7667337514431543	0.37801108211658724
EEA1	0.14286872744560242	3.263159275968413	0.3779797916129379
ERCC2	0.142861008644104	1.364507870884234	0.37796958807370595
RIN1	0.14283432066440582	0.8652603865469096	0.37793427974274624
FBXO41	0.14282868802547455	0.7855849354545732	0.37792683239286173
JRKL	0.14280900359153748	1.795478982372759	0.377900781898376
CLEC7A	0.1428060233592987	2.2830992069280924	0.37789683860745954
STK32C	0.14279407262802124	1.906013072450499	0.3778810281172081
TULP3	0.14278492331504822	1.4245964171100851	0.3778689308044094
VASH1	0.14277824759483337	0.487945518388602	0.3778600907365312
ARID3A	0.14276498556137085	1.5664474104327717	0.3778425443636323
DUS3L	0.1427624374628067	2.135765090299292	0.3778391745594453
LZTS3	0.14275923371315002	0.5503861414290022	0.3778349280801466
EID2	0.14274394512176514	1.5725802221974194	0.37781469083641844
GPAT2	0.14274293184280396	0.4719424044492144	0.37781334674772793
MORN2	0.14273624122142792	1.168564557344064	0.3778045062542117
ACACB	0.14272870123386383	1.0312613727260824	0.37779451606451164
CHST12	0.14272765815258026	2.8604094297036355	0.3777931395522667
HIP1R	0.14269451797008514	1.6300942532404172	0.37774927057120716
ATP6V0E2-AS1	0.14269386231899261	0.6007922822145667	0.377748405929997
CAPG	0.14269374310970306	3.4110424637337755	0.3777482530414089
MED12	0.14266802370548248	1.502123033520819	0.3777142077377767
ZBTB26	0.14265455305576324	0.7036496186735987	0.37769637973680875
GMIP	0.14264830946922302	2.174114720118	0.3776881022209403
NRIR	0.1426217406988144	0.27474767534897243	0.3776529377806422
PRRT2	0.14261160790920258	0.5914530064982016	0.3776395216716399
CDK11B	0.14260581135749817	3.2805400534151157	0.377631853997157
ZMPSTE24	0.14260287582874298	2.247448072579629	0.37762795648843256
NUDT2	0.14259867370128632	3.0732888097507285	0.37762239690441696
ARHGEF35	0.14258576929569244	0.5489558667172874	0.37760531300369815
KLHL42	0.14255981147289276	1.917858162145505	0.3775709345556022
LINC01431	0.14253973960876465	1.3737153288733457	0.3775443543204442
CCP110	0.14253467321395874	2.1604775788683543	0.377537654079369
ZSCAN29	0.14253169298171997	1.0616956510763058	0.37753369171928114
FBXO4	0.14250448346138	2.3664395811457286	0.37749766002165647
CCDC18	0.14249932765960693	1.997607288689449	0.37749082881984947
SRD5A1	0.14248201251029968	1.2646849695521754	0.37746788683800614
CCDC92	0.14247439801692963	2.037242248597273	0.3774578097445983
SLC26A2	0.1424681544303894	1.6287945061351148	0.37744953292458355
THBS3	0.14246287941932678	0.7849983981742713	0.3774425428890745
USP24	0.1424550563097	2.0665688309176216	0.3774321847021735
PSEN1	0.142442986369133	2.219577465934315	0.3774161922652707
DHTKD1	0.1424373984336853	1.4406811586970114	0.37740880110129277
ATP6V1C1	0.14240728318691254	1.9229785418601786	0.3773688875571653
OXSR1	0.14238891005516052	2.514915265799482	0.37734454721503763
UGDH	0.1423839032649994	1.7533453561337058	0.3773379099344022
ANKS6	0.14233045279979706	0.6127183163873994	0.37726708775717777
SLC25A13	0.14232434332370758	1.7070438697420318	0.37725898634984717
LFNG	0.14232072234153748	1.602062884646814	0.37725419507030006
TTC13	0.14231956005096436	1.6890781023949955	0.37725264205813785
MTHFD1	0.14231142401695251	1.7992938309336988	0.3772418704444846
PIGQ	0.1422835737466812	1.5136398766689374	0.3772049478995687
CBL	0.14228114485740662	2.689038568072849	0.3772017215767007
CRY2	0.1422753781080246	1.4876619422116042	0.3771940932908699
TPT1	0.14226795732975006	8.308269981223505	0.37718425725031635
CENPS	0.14225541055202484	1.2136717398733015	0.3771676123757979
ABCC5	0.14224186539649963	1.659135188407825	0.3771496494228284
ZNF598	0.14223358035087585	1.262127541262528	0.3771386735501086
ANKRD54	0.14220744371414185	2.220331212341557	0.37710401893260015
TBC1D10B	0.1422005444765091	1.2127048000978784	0.377094873498146
RABGAP1	0.1421983242034912	2.3104877814479257	0.37709193749493986
SGO2	0.14217878878116608	1.321779884940363	0.3770660195702232
BTN2A2	0.1421593725681305	1.2148492517827572	0.377040270284753
MGLL	0.14215101301670074	0.7310626735746633	0.37702919414232333
LZTFL1	0.14214839041233063	1.4128608244589005	0.37702571995617723
ZNF689	0.1421293020248413	1.7970380801350678	0.377000403369634
NUDT9	0.14212217926979065	2.2820254109828406	0.3769909585911259
NRIP3	0.14210446178913116	0.3912366748826714	0.3769674637392281
BST2	0.14210116863250732	4.485029667273335	0.37696309500521347
RLIM	0.14209690690040588	2.176387445451656	0.3769574355055802
ZBTB32	0.14207929372787476	0.43049475801858866	0.376934075115506
NKRF	0.14207209646701813	1.714634891214042	0.37692452781157476
TOP3A	0.14205998182296753	1.5041411086288905	0.37690845085809
WDR4	0.14205628633499146	1.435243177916355	0.3769035557198523
TXNL4B	0.1420513093471527	1.6736574184392148	0.3768969447657449
ZNF529-AS1	0.14201001822948456	1.0489166270499028	0.37684216456669467
PYROXD2	0.14200273156166077	1.238177663978489	0.37683249182868955
TBC1D13	0.14198389649391174	1.4043201920629917	0.3768075142296569
NDRG2	0.14197279512882233	1.8620579242706299	0.3767927815599261
SBK1	0.14196643233299255	1.6103721050923812	0.3767843270798865
PAPOLG	0.14196044206619263	2.1514918642025798	0.37677638394456187
OLAH	0.14194601774215698	0.1955251498468991	0.3767572486309523
PRKAR1B	0.1419444978237152	2.054379520060002	0.37675521852104754
DAG1	0.14190824329853058	0.9085626370377011	0.37670710227508913
AMIGO2	0.14189352095127106	1.641098232561601	0.37668756945947424
USP54	0.1418900340795517	0.5169183795136967	0.3766829438656167
MAN1C1	0.1418863832950592	1.7666744279222013	0.3766780992540414
JAM3	0.14186671376228333	0.6770383680232184	0.37665198192550237
MFSD3	0.14185549318790436	1.4630045845134048	0.3766370882499353
DAPK2	0.14185403287410736	0.42421311425523284	0.3766351489923387
TMCO3	0.14184902608394623	1.8865425703169285	0.37662849876236093
CHKB-DT	0.14184479415416718	0.6371001058839747	0.3766228721440928
CBFB	0.14178211987018585	3.0375576549106174	0.37653965628534763
AP4E1	0.1417696624994278	1.7585323755540154	0.37652313011564
GAS2L1	0.14174005389213562	0.6845894977164908	0.3764837991372276
ARHGAP12	0.14171861112117767	2.2687286695758044	0.3764553237584746
NMNAT1	0.14171524345874786	1.3557544408858508	0.3764508501236743
ATG16L1	0.14169208705425262	2.1190169982298124	0.37642009882281247
SLC4A7	0.14168612658977509	3.3099752605189767	0.37641217218600814
SPAG8	0.14167830348014832	0.5382113207802461	0.376401779975477
UCN	0.141677588224411	0.7917967508921678	0.37640083224276827
STK3	0.14167582988739014	1.0012572733721057	0.3763985068238851
CXCR4	0.1416665017604828	6.50568536414954	0.3763861004344034
KANSL3	0.14166060090065002	1.575622806603881	0.37637826721521755
SLC35E1	0.14165721833705902	2.218152811015703	0.3763737731847439
SNAPC3	0.1416293829679489	1.8764276691780237	0.3763367933351508
ABL2	0.14161816239356995	2.11606080070766	0.3763218894868575
ANKIB1	0.14161238074302673	2.638459547726131	0.37631421104283097
PCP2	0.14159992337226868	0.7843096125514114	0.37629765375805974
C19orf47	0.14159318804740906	0.9436860177023657	0.3762886966989975
ALG14	0.1415930539369583	1.4723325166208991	0.3762885312852479
PLPPR2	0.14156806468963623	0.7102156255208669	0.3762553183368885
CUL9	0.1415654420852661	1.670620922498776	0.3762518338725877
TBCD	0.14155948162078857	2.503065772440242	0.37624391769676896
TBKBP1	0.1415364295244217	0.49849396515851735	0.37621327549845407
ZNFX1	0.1415262222290039	2.7281507710387425	0.37619971879246983
CATSPER1	0.14152483642101288	0.709222937737845	0.3761978722101469
DTX2	0.14152291417121887	1.374856289547522	0.37619531788334787
WRAP53	0.14151398837566376	1.4806208057878574	0.3761834423643042
YPEL2	0.14150382578372955	2.8063491989369593	0.3761699474223405
ARMC2	0.14149810373783112	0.9397697133579473	0.3761623386730454
TMPO-AS1	0.14148761332035065	1.1045879830117427	0.3761483909291553
FAM50B	0.14148487150669098	1.3736918116437977	0.37614474625715216
SPATA7	0.14148354530334473	0.973333340951766	0.3761429753072047
CHAF1A	0.14146319031715393	1.4971191918484552	0.37611591999173455
SETMAR	0.141463041305542	1.2851042078372619	0.3761157261521965
CAMK1D	0.14146262407302856	2.66044317168751	0.37611516906289555
MARK4	0.14145362377166748	1.0252597411930333	0.3761032117203708
DHX34	0.14144326746463776	1.132029568098514	0.3760894324785775
ZC4H2	0.14142821729183197	1.4065557415686347	0.37606943711951996
DPCD	0.14141882956027985	0.7008540830735502	0.3760569424425131
