direction	source_dataset	target_dataset	method_id	donor_id	y_true	prob_case
SLE_GSE174188_CD4_to_SLE_GSE285773_CD4	SLE_GSE174188_CD4	SLE_GSE285773_CD4	frozen_geneformer	HD1	0	1.9463007597054417e-11
SLE_GSE174188_CD4_to_SLE_GSE285773_CD4	SLE_GSE174188_CD4	SLE_GSE285773_CD4	frozen_geneformer	HD10	0	6.901400639400978e-11
SLE_GSE174188_CD4_to_SLE_GSE285773_CD4	SLE_GSE174188_CD4	SLE_GSE285773_CD4	frozen_geneformer	HD2	0	4.0180412434643955e-12
SLE_GSE174188_CD4_to_SLE_GSE285773_CD4	SLE_GSE174188_CD4	SLE_GSE285773_CD4	frozen_geneformer	HD3	0	2.498979320553468e-12
SLE_GSE174188_CD4_to_SLE_GSE285773_CD4	SLE_GSE174188_CD4	SLE_GSE285773_CD4	frozen_geneformer	HD4	0	5.547069424339951e-12
SLE_GSE174188_CD4_to_SLE_GSE285773_CD4	SLE_GSE174188_CD4	SLE_GSE285773_CD4	frozen_geneformer	HD5	0	8.794833378306351e-11
SLE_GSE174188_CD4_to_SLE_GSE285773_CD4	SLE_GSE174188_CD4	SLE_GSE285773_CD4	frozen_geneformer	HD6	0	2.3040236920917244e-10
SLE_GSE174188_CD4_to_SLE_GSE285773_CD4	SLE_GSE174188_CD4	SLE_GSE285773_CD4	frozen_geneformer	HD7	0	2.1869884863020867e-12
SLE_GSE174188_CD4_to_SLE_GSE285773_CD4	SLE_GSE174188_CD4	SLE_GSE285773_CD4	frozen_geneformer	HD8	0	3.962613463913897e-09
SLE_GSE174188_CD4_to_SLE_GSE285773_CD4	SLE_GSE174188_CD4	SLE_GSE285773_CD4	frozen_geneformer	HD9	0	8.923656060375518e-10
SLE_GSE174188_CD4_to_SLE_GSE285773_CD4	SLE_GSE174188_CD4	SLE_GSE285773_CD4	frozen_geneformer	SLE1	1	3.1361073772173944e-09
SLE_GSE174188_CD4_to_SLE_GSE285773_CD4	SLE_GSE174188_CD4	SLE_GSE285773_CD4	frozen_geneformer	SLE10	1	9.927764402768512e-11
SLE_GSE174188_CD4_to_SLE_GSE285773_CD4	SLE_GSE174188_CD4	SLE_GSE285773_CD4	frozen_geneformer	SLE11	1	3.0227526628099176e-09
SLE_GSE174188_CD4_to_SLE_GSE285773_CD4	SLE_GSE174188_CD4	SLE_GSE285773_CD4	frozen_geneformer	SLE12	1	1.4581229267397036e-10
SLE_GSE174188_CD4_to_SLE_GSE285773_CD4	SLE_GSE174188_CD4	SLE_GSE285773_CD4	frozen_geneformer	SLE13	1	6.361189552510219e-06
SLE_GSE174188_CD4_to_SLE_GSE285773_CD4	SLE_GSE174188_CD4	SLE_GSE285773_CD4	frozen_geneformer	SLE14	1	3.2010374613819895e-08
SLE_GSE174188_CD4_to_SLE_GSE285773_CD4	SLE_GSE174188_CD4	SLE_GSE285773_CD4	frozen_geneformer	SLE15	1	8.898913445552865e-07
SLE_GSE174188_CD4_to_SLE_GSE285773_CD4	SLE_GSE174188_CD4	SLE_GSE285773_CD4	frozen_geneformer	SLE16	1	1.8645244841833133e-07
SLE_GSE174188_CD4_to_SLE_GSE285773_CD4	SLE_GSE174188_CD4	SLE_GSE285773_CD4	frozen_geneformer	SLE2	1	4.8647772307654346e-09
SLE_GSE174188_CD4_to_SLE_GSE285773_CD4	SLE_GSE174188_CD4	SLE_GSE285773_CD4	frozen_geneformer	SLE3	1	4.686351706030536e-12
SLE_GSE174188_CD4_to_SLE_GSE285773_CD4	SLE_GSE174188_CD4	SLE_GSE285773_CD4	frozen_geneformer	SLE4	1	8.602956902086003e-07
SLE_GSE174188_CD4_to_SLE_GSE285773_CD4	SLE_GSE174188_CD4	SLE_GSE285773_CD4	frozen_geneformer	SLE5	1	7.124890996127191e-07
SLE_GSE174188_CD4_to_SLE_GSE285773_CD4	SLE_GSE174188_CD4	SLE_GSE285773_CD4	frozen_geneformer	SLE6	1	2.0907156945185612e-05
SLE_GSE174188_CD4_to_SLE_GSE285773_CD4	SLE_GSE174188_CD4	SLE_GSE285773_CD4	frozen_geneformer	SLE7	1	1.3941424760828462e-07
SLE_GSE174188_CD4_to_SLE_GSE285773_CD4	SLE_GSE174188_CD4	SLE_GSE285773_CD4	frozen_geneformer	SLE8	1	4.346318148412845e-08
SLE_GSE174188_CD4_to_SLE_GSE285773_CD4	SLE_GSE174188_CD4	SLE_GSE285773_CD4	frozen_geneformer	SLE9	1	1.5534666218856294e-09
SLE_GSE174188_CD4_to_SLE_GSE285773_CD4	SLE_GSE174188_CD4	SLE_GSE285773_CD4	source_hvg_pseudobulk	HD1	0	7.538299920887614e-05
SLE_GSE174188_CD4_to_SLE_GSE285773_CD4	SLE_GSE174188_CD4	SLE_GSE285773_CD4	source_hvg_pseudobulk	HD10	0	5.3899083527096766e-08
SLE_GSE174188_CD4_to_SLE_GSE285773_CD4	SLE_GSE174188_CD4	SLE_GSE285773_CD4	source_hvg_pseudobulk	HD2	0	1.5898523045711722e-05
SLE_GSE174188_CD4_to_SLE_GSE285773_CD4	SLE_GSE174188_CD4	SLE_GSE285773_CD4	source_hvg_pseudobulk	HD3	0	5.607133159074838e-09
SLE_GSE174188_CD4_to_SLE_GSE285773_CD4	SLE_GSE174188_CD4	SLE_GSE285773_CD4	source_hvg_pseudobulk	HD4	0	1.6521100988242915e-07
SLE_GSE174188_CD4_to_SLE_GSE285773_CD4	SLE_GSE174188_CD4	SLE_GSE285773_CD4	source_hvg_pseudobulk	HD5	0	1.0533961644123369e-10
SLE_GSE174188_CD4_to_SLE_GSE285773_CD4	SLE_GSE174188_CD4	SLE_GSE285773_CD4	source_hvg_pseudobulk	HD6	0	1.2611649889960719e-08
SLE_GSE174188_CD4_to_SLE_GSE285773_CD4	SLE_GSE174188_CD4	SLE_GSE285773_CD4	source_hvg_pseudobulk	HD7	0	1.70713527070023e-08
SLE_GSE174188_CD4_to_SLE_GSE285773_CD4	SLE_GSE174188_CD4	SLE_GSE285773_CD4	source_hvg_pseudobulk	HD8	0	2.5584605481730006e-07
SLE_GSE174188_CD4_to_SLE_GSE285773_CD4	SLE_GSE174188_CD4	SLE_GSE285773_CD4	source_hvg_pseudobulk	HD9	0	1.31431490558596e-06
SLE_GSE174188_CD4_to_SLE_GSE285773_CD4	SLE_GSE174188_CD4	SLE_GSE285773_CD4	source_hvg_pseudobulk	SLE1	1	0.07000750211287614
SLE_GSE174188_CD4_to_SLE_GSE285773_CD4	SLE_GSE174188_CD4	SLE_GSE285773_CD4	source_hvg_pseudobulk	SLE10	1	1.0805796642266815e-05
SLE_GSE174188_CD4_to_SLE_GSE285773_CD4	SLE_GSE174188_CD4	SLE_GSE285773_CD4	source_hvg_pseudobulk	SLE11	1	0.0004949816270493646
SLE_GSE174188_CD4_to_SLE_GSE285773_CD4	SLE_GSE174188_CD4	SLE_GSE285773_CD4	source_hvg_pseudobulk	SLE12	1	3.9774708968803805e-05
SLE_GSE174188_CD4_to_SLE_GSE285773_CD4	SLE_GSE174188_CD4	SLE_GSE285773_CD4	source_hvg_pseudobulk	SLE13	1	0.03438764245764892
SLE_GSE174188_CD4_to_SLE_GSE285773_CD4	SLE_GSE174188_CD4	SLE_GSE285773_CD4	source_hvg_pseudobulk	SLE14	1	0.004705243196170523
SLE_GSE174188_CD4_to_SLE_GSE285773_CD4	SLE_GSE174188_CD4	SLE_GSE285773_CD4	source_hvg_pseudobulk	SLE15	1	0.0033594239286966147
SLE_GSE174188_CD4_to_SLE_GSE285773_CD4	SLE_GSE174188_CD4	SLE_GSE285773_CD4	source_hvg_pseudobulk	SLE16	1	0.0006013038145338989
SLE_GSE174188_CD4_to_SLE_GSE285773_CD4	SLE_GSE174188_CD4	SLE_GSE285773_CD4	source_hvg_pseudobulk	SLE2	1	0.8517413629272993
SLE_GSE174188_CD4_to_SLE_GSE285773_CD4	SLE_GSE174188_CD4	SLE_GSE285773_CD4	source_hvg_pseudobulk	SLE3	1	5.446630830462068e-07
SLE_GSE174188_CD4_to_SLE_GSE285773_CD4	SLE_GSE174188_CD4	SLE_GSE285773_CD4	source_hvg_pseudobulk	SLE4	1	0.049699227900236544
SLE_GSE174188_CD4_to_SLE_GSE285773_CD4	SLE_GSE174188_CD4	SLE_GSE285773_CD4	source_hvg_pseudobulk	SLE5	1	0.19150527345251311
SLE_GSE174188_CD4_to_SLE_GSE285773_CD4	SLE_GSE174188_CD4	SLE_GSE285773_CD4	source_hvg_pseudobulk	SLE6	1	0.07521331707223848
SLE_GSE174188_CD4_to_SLE_GSE285773_CD4	SLE_GSE174188_CD4	SLE_GSE285773_CD4	source_hvg_pseudobulk	SLE7	1	2.4222024709877176e-05
SLE_GSE174188_CD4_to_SLE_GSE285773_CD4	SLE_GSE174188_CD4	SLE_GSE285773_CD4	source_hvg_pseudobulk	SLE8	1	0.03799614667944759
SLE_GSE174188_CD4_to_SLE_GSE285773_CD4	SLE_GSE174188_CD4	SLE_GSE285773_CD4	source_hvg_pseudobulk	SLE9	1	1.4728313432095106e-05
SLE_GSE174188_CD4_to_SLE_GSE285773_CD4	SLE_GSE174188_CD4	SLE_GSE285773_CD4	source_pca_pseudobulk	HD1	0	0.16992331998168433
SLE_GSE174188_CD4_to_SLE_GSE285773_CD4	SLE_GSE174188_CD4	SLE_GSE285773_CD4	source_pca_pseudobulk	HD10	0	0.09107991168652882
SLE_GSE174188_CD4_to_SLE_GSE285773_CD4	SLE_GSE174188_CD4	SLE_GSE285773_CD4	source_pca_pseudobulk	HD2	0	0.08121318925970845
SLE_GSE174188_CD4_to_SLE_GSE285773_CD4	SLE_GSE174188_CD4	SLE_GSE285773_CD4	source_pca_pseudobulk	HD3	0	0.03900305295974887
SLE_GSE174188_CD4_to_SLE_GSE285773_CD4	SLE_GSE174188_CD4	SLE_GSE285773_CD4	source_pca_pseudobulk	HD4	0	0.08418494192854024
SLE_GSE174188_CD4_to_SLE_GSE285773_CD4	SLE_GSE174188_CD4	SLE_GSE285773_CD4	source_pca_pseudobulk	HD5	0	0.011388856189962594
SLE_GSE174188_CD4_to_SLE_GSE285773_CD4	SLE_GSE174188_CD4	SLE_GSE285773_CD4	source_pca_pseudobulk	HD6	0	0.04003616542240189
SLE_GSE174188_CD4_to_SLE_GSE285773_CD4	SLE_GSE174188_CD4	SLE_GSE285773_CD4	source_pca_pseudobulk	HD7	0	0.03679132520386671
SLE_GSE174188_CD4_to_SLE_GSE285773_CD4	SLE_GSE174188_CD4	SLE_GSE285773_CD4	source_pca_pseudobulk	HD8	0	0.1459753853224376
SLE_GSE174188_CD4_to_SLE_GSE285773_CD4	SLE_GSE174188_CD4	SLE_GSE285773_CD4	source_pca_pseudobulk	HD9	0	0.17146913801984828
SLE_GSE174188_CD4_to_SLE_GSE285773_CD4	SLE_GSE174188_CD4	SLE_GSE285773_CD4	source_pca_pseudobulk	SLE1	1	0.5520335414842387
SLE_GSE174188_CD4_to_SLE_GSE285773_CD4	SLE_GSE174188_CD4	SLE_GSE285773_CD4	source_pca_pseudobulk	SLE10	1	0.25029572070451206
SLE_GSE174188_CD4_to_SLE_GSE285773_CD4	SLE_GSE174188_CD4	SLE_GSE285773_CD4	source_pca_pseudobulk	SLE11	1	0.3325805601592822
SLE_GSE174188_CD4_to_SLE_GSE285773_CD4	SLE_GSE174188_CD4	SLE_GSE285773_CD4	source_pca_pseudobulk	SLE12	1	0.30150978637010273
SLE_GSE174188_CD4_to_SLE_GSE285773_CD4	SLE_GSE174188_CD4	SLE_GSE285773_CD4	source_pca_pseudobulk	SLE13	1	0.6022588219021249
SLE_GSE174188_CD4_to_SLE_GSE285773_CD4	SLE_GSE174188_CD4	SLE_GSE285773_CD4	source_pca_pseudobulk	SLE14	1	0.8842004995990423
SLE_GSE174188_CD4_to_SLE_GSE285773_CD4	SLE_GSE174188_CD4	SLE_GSE285773_CD4	source_pca_pseudobulk	SLE15	1	0.37247030905356127
SLE_GSE174188_CD4_to_SLE_GSE285773_CD4	SLE_GSE174188_CD4	SLE_GSE285773_CD4	source_pca_pseudobulk	SLE16	1	0.8424435705152821
SLE_GSE174188_CD4_to_SLE_GSE285773_CD4	SLE_GSE174188_CD4	SLE_GSE285773_CD4	source_pca_pseudobulk	SLE2	1	0.8228055980727749
SLE_GSE174188_CD4_to_SLE_GSE285773_CD4	SLE_GSE174188_CD4	SLE_GSE285773_CD4	source_pca_pseudobulk	SLE3	1	0.09475419341027169
SLE_GSE174188_CD4_to_SLE_GSE285773_CD4	SLE_GSE174188_CD4	SLE_GSE285773_CD4	source_pca_pseudobulk	SLE4	1	0.7445466941673157
SLE_GSE174188_CD4_to_SLE_GSE285773_CD4	SLE_GSE174188_CD4	SLE_GSE285773_CD4	source_pca_pseudobulk	SLE5	1	0.9126751714232736
SLE_GSE174188_CD4_to_SLE_GSE285773_CD4	SLE_GSE174188_CD4	SLE_GSE285773_CD4	source_pca_pseudobulk	SLE6	1	0.6177045515952357
SLE_GSE174188_CD4_to_SLE_GSE285773_CD4	SLE_GSE174188_CD4	SLE_GSE285773_CD4	source_pca_pseudobulk	SLE7	1	0.2420087204088174
SLE_GSE174188_CD4_to_SLE_GSE285773_CD4	SLE_GSE174188_CD4	SLE_GSE285773_CD4	source_pca_pseudobulk	SLE8	1	0.8188729779276271
SLE_GSE174188_CD4_to_SLE_GSE285773_CD4	SLE_GSE174188_CD4	SLE_GSE285773_CD4	source_pca_pseudobulk	SLE9	1	0.21929076154279484
SLE_GSE285773_CD4_to_SLE_GSE174188_CD4	SLE_GSE285773_CD4	SLE_GSE174188_CD4	frozen_geneformer	1004	1	0.39261846415827756
SLE_GSE285773_CD4_to_SLE_GSE174188_CD4	SLE_GSE285773_CD4	SLE_GSE174188_CD4	frozen_geneformer	1014	1	0.4918382741533938
SLE_GSE285773_CD4_to_SLE_GSE174188_CD4	SLE_GSE285773_CD4	SLE_GSE174188_CD4	frozen_geneformer	1015	1	0.5641484477362205
SLE_GSE285773_CD4_to_SLE_GSE174188_CD4	SLE_GSE285773_CD4	SLE_GSE174188_CD4	frozen_geneformer	1019	1	0.2967876518106497
SLE_GSE285773_CD4_to_SLE_GSE174188_CD4	SLE_GSE285773_CD4	SLE_GSE174188_CD4	frozen_geneformer	1022	1	0.5721155995988345
SLE_GSE285773_CD4_to_SLE_GSE174188_CD4	SLE_GSE285773_CD4	SLE_GSE174188_CD4	frozen_geneformer	1031	1	0.43549272504454456
SLE_GSE285773_CD4_to_SLE_GSE174188_CD4	SLE_GSE285773_CD4	SLE_GSE174188_CD4	frozen_geneformer	1039	1	0.48341885370609755
SLE_GSE285773_CD4_to_SLE_GSE174188_CD4	SLE_GSE285773_CD4	SLE_GSE174188_CD4	frozen_geneformer	1045	1	0.7615576785896452
SLE_GSE285773_CD4_to_SLE_GSE174188_CD4	SLE_GSE285773_CD4	SLE_GSE174188_CD4	frozen_geneformer	1046	1	0.3943720434014124
SLE_GSE285773_CD4_to_SLE_GSE174188_CD4	SLE_GSE285773_CD4	SLE_GSE174188_CD4	frozen_geneformer	1051	1	0.524946622109022
SLE_GSE285773_CD4_to_SLE_GSE174188_CD4	SLE_GSE285773_CD4	SLE_GSE174188_CD4	frozen_geneformer	1054	1	0.29347422036915405
SLE_GSE285773_CD4_to_SLE_GSE174188_CD4	SLE_GSE285773_CD4	SLE_GSE174188_CD4	frozen_geneformer	1056	1	0.5140973645583737
SLE_GSE285773_CD4_to_SLE_GSE174188_CD4	SLE_GSE285773_CD4	SLE_GSE174188_CD4	frozen_geneformer	1063	1	0.32276204234787037
SLE_GSE285773_CD4_to_SLE_GSE174188_CD4	SLE_GSE285773_CD4	SLE_GSE174188_CD4	frozen_geneformer	1068	1	0.33399325761136667
SLE_GSE285773_CD4_to_SLE_GSE174188_CD4	SLE_GSE285773_CD4	SLE_GSE174188_CD4	frozen_geneformer	1078	1	0.6029085214742465
SLE_GSE285773_CD4_to_SLE_GSE174188_CD4	SLE_GSE285773_CD4	SLE_GSE174188_CD4	frozen_geneformer	1087	1	0.4619212045312721
SLE_GSE285773_CD4_to_SLE_GSE174188_CD4	SLE_GSE285773_CD4	SLE_GSE174188_CD4	frozen_geneformer	1101	1	0.7123792390741897
SLE_GSE285773_CD4_to_SLE_GSE174188_CD4	SLE_GSE285773_CD4	SLE_GSE174188_CD4	frozen_geneformer	1110	1	0.4811552197097917
SLE_GSE285773_CD4_to_SLE_GSE174188_CD4	SLE_GSE285773_CD4	SLE_GSE174188_CD4	frozen_geneformer	1119	1	0.6527053166783849
SLE_GSE285773_CD4_to_SLE_GSE174188_CD4	SLE_GSE285773_CD4	SLE_GSE174188_CD4	frozen_geneformer	1121	1	0.5948429946478888
SLE_GSE285773_CD4_to_SLE_GSE174188_CD4	SLE_GSE285773_CD4	SLE_GSE174188_CD4	frozen_geneformer	1122	1	0.38556625204888795
SLE_GSE285773_CD4_to_SLE_GSE174188_CD4	SLE_GSE285773_CD4	SLE_GSE174188_CD4	frozen_geneformer	1127	1	0.31387176107861187
SLE_GSE285773_CD4_to_SLE_GSE174188_CD4	SLE_GSE285773_CD4	SLE_GSE174188_CD4	frozen_geneformer	1130	1	0.6486578786938422
SLE_GSE285773_CD4_to_SLE_GSE174188_CD4	SLE_GSE285773_CD4	SLE_GSE174188_CD4	frozen_geneformer	1132	1	0.5595652146438584
SLE_GSE285773_CD4_to_SLE_GSE174188_CD4	SLE_GSE285773_CD4	SLE_GSE174188_CD4	frozen_geneformer	1165	1	0.5204476035077922
SLE_GSE285773_CD4_to_SLE_GSE174188_CD4	SLE_GSE285773_CD4	SLE_GSE174188_CD4	frozen_geneformer	1193	1	0.4825821151397123
SLE_GSE285773_CD4_to_SLE_GSE174188_CD4	SLE_GSE285773_CD4	SLE_GSE174188_CD4	frozen_geneformer	1195	1	0.3925701649946581
SLE_GSE285773_CD4_to_SLE_GSE174188_CD4	SLE_GSE285773_CD4	SLE_GSE174188_CD4	frozen_geneformer	1196	1	0.5410949144370135
SLE_GSE285773_CD4_to_SLE_GSE174188_CD4	SLE_GSE285773_CD4	SLE_GSE174188_CD4	frozen_geneformer	1197	1	0.4818712876477374
SLE_GSE285773_CD4_to_SLE_GSE174188_CD4	SLE_GSE285773_CD4	SLE_GSE174188_CD4	frozen_geneformer	1203	1	0.3352243174008284
SLE_GSE285773_CD4_to_SLE_GSE174188_CD4	SLE_GSE285773_CD4	SLE_GSE174188_CD4	frozen_geneformer	1216	1	0.19873753379671136
SLE_GSE285773_CD4_to_SLE_GSE174188_CD4	SLE_GSE285773_CD4	SLE_GSE174188_CD4	frozen_geneformer	1219	1	0.21420398343964794
SLE_GSE285773_CD4_to_SLE_GSE174188_CD4	SLE_GSE285773_CD4	SLE_GSE174188_CD4	frozen_geneformer	1221	1	0.4257053766720005
SLE_GSE285773_CD4_to_SLE_GSE174188_CD4	SLE_GSE285773_CD4	SLE_GSE174188_CD4	frozen_geneformer	1222	1	0.4613737936970584
SLE_GSE285773_CD4_to_SLE_GSE174188_CD4	SLE_GSE285773_CD4	SLE_GSE174188_CD4	frozen_geneformer	1225	1	0.5733937223528836
SLE_GSE285773_CD4_to_SLE_GSE174188_CD4	SLE_GSE285773_CD4	SLE_GSE174188_CD4	frozen_geneformer	1226	1	0.4510932043363451
SLE_GSE285773_CD4_to_SLE_GSE174188_CD4	SLE_GSE285773_CD4	SLE_GSE174188_CD4	frozen_geneformer	1234	1	0.3456606969985606
SLE_GSE285773_CD4_to_SLE_GSE174188_CD4	SLE_GSE285773_CD4	SLE_GSE174188_CD4	frozen_geneformer	1240	1	0.5995670117315355
SLE_GSE285773_CD4_to_SLE_GSE174188_CD4	SLE_GSE285773_CD4	SLE_GSE174188_CD4	frozen_geneformer	1243	1	0.24778390786686066
SLE_GSE285773_CD4_to_SLE_GSE174188_CD4	SLE_GSE285773_CD4	SLE_GSE174188_CD4	frozen_geneformer	1248	1	0.4832432115873334
SLE_GSE285773_CD4_to_SLE_GSE174188_CD4	SLE_GSE285773_CD4	SLE_GSE174188_CD4	frozen_geneformer	1249	1	0.2595245099306742
SLE_GSE285773_CD4_to_SLE_GSE174188_CD4	SLE_GSE285773_CD4	SLE_GSE174188_CD4	frozen_geneformer	1250	1	0.3732524125251265
SLE_GSE285773_CD4_to_SLE_GSE174188_CD4	SLE_GSE285773_CD4	SLE_GSE174188_CD4	frozen_geneformer	1251	1	0.45753634956038375
SLE_GSE285773_CD4_to_SLE_GSE174188_CD4	SLE_GSE285773_CD4	SLE_GSE174188_CD4	frozen_geneformer	1256	1	0.2897194422082944
SLE_GSE285773_CD4_to_SLE_GSE174188_CD4	SLE_GSE285773_CD4	SLE_GSE174188_CD4	frozen_geneformer	1259	1	0.4265684155766702
SLE_GSE285773_CD4_to_SLE_GSE174188_CD4	SLE_GSE285773_CD4	SLE_GSE174188_CD4	frozen_geneformer	1262	1	0.32859093023594177
SLE_GSE285773_CD4_to_SLE_GSE174188_CD4	SLE_GSE285773_CD4	SLE_GSE174188_CD4	frozen_geneformer	1270	1	0.6054649516485285
SLE_GSE285773_CD4_to_SLE_GSE174188_CD4	SLE_GSE285773_CD4	SLE_GSE174188_CD4	frozen_geneformer	1279	1	0.5646677569639605
SLE_GSE285773_CD4_to_SLE_GSE174188_CD4	SLE_GSE285773_CD4	SLE_GSE174188_CD4	frozen_geneformer	1281	1	0.4381819682825984
SLE_GSE285773_CD4_to_SLE_GSE174188_CD4	SLE_GSE285773_CD4	SLE_GSE174188_CD4	frozen_geneformer	1285	1	0.6416357878087984
SLE_GSE285773_CD4_to_SLE_GSE174188_CD4	SLE_GSE285773_CD4	SLE_GSE174188_CD4	frozen_geneformer	1294	1	0.3274862618078548
SLE_GSE285773_CD4_to_SLE_GSE174188_CD4	SLE_GSE285773_CD4	SLE_GSE174188_CD4	frozen_geneformer	1297	1	0.4798460242728855
SLE_GSE285773_CD4_to_SLE_GSE174188_CD4	SLE_GSE285773_CD4	SLE_GSE174188_CD4	frozen_geneformer	1315	1	0.5325109611575283
SLE_GSE285773_CD4_to_SLE_GSE174188_CD4	SLE_GSE285773_CD4	SLE_GSE174188_CD4	frozen_geneformer	1320	1	0.583417287916032
SLE_GSE285773_CD4_to_SLE_GSE174188_CD4	SLE_GSE285773_CD4	SLE_GSE174188_CD4	frozen_geneformer	1324	1	0.6753236084367957
SLE_GSE285773_CD4_to_SLE_GSE174188_CD4	SLE_GSE285773_CD4	SLE_GSE174188_CD4	frozen_geneformer	1325	1	0.5163529942307296
SLE_GSE285773_CD4_to_SLE_GSE174188_CD4	SLE_GSE285773_CD4	SLE_GSE174188_CD4	frozen_geneformer	1326	1	0.43507607574478285
SLE_GSE285773_CD4_to_SLE_GSE174188_CD4	SLE_GSE285773_CD4	SLE_GSE174188_CD4	frozen_geneformer	1329	1	0.4289544841294108
SLE_GSE285773_CD4_to_SLE_GSE174188_CD4	SLE_GSE285773_CD4	SLE_GSE174188_CD4	frozen_geneformer	1333	1	0.3445882635333822
SLE_GSE285773_CD4_to_SLE_GSE174188_CD4	SLE_GSE285773_CD4	SLE_GSE174188_CD4	frozen_geneformer	1334	1	0.3592632960715118
SLE_GSE285773_CD4_to_SLE_GSE174188_CD4	SLE_GSE285773_CD4	SLE_GSE174188_CD4	frozen_geneformer	1337	1	0.3715428854939737
SLE_GSE285773_CD4_to_SLE_GSE174188_CD4	SLE_GSE285773_CD4	SLE_GSE174188_CD4	frozen_geneformer	1338	1	0.4173632211678404
SLE_GSE285773_CD4_to_SLE_GSE174188_CD4	SLE_GSE285773_CD4	SLE_GSE174188_CD4	frozen_geneformer	1340	1	0.4030689292826221
SLE_GSE285773_CD4_to_SLE_GSE174188_CD4	SLE_GSE285773_CD4	SLE_GSE174188_CD4	frozen_geneformer	1341	1	0.23077618948350284
SLE_GSE285773_CD4_to_SLE_GSE174188_CD4	SLE_GSE285773_CD4	SLE_GSE174188_CD4	frozen_geneformer	1366	1	0.5353459853610429
SLE_GSE285773_CD4_to_SLE_GSE174188_CD4	SLE_GSE285773_CD4	SLE_GSE174188_CD4	frozen_geneformer	1368	1	0.2997520561677438
SLE_GSE285773_CD4_to_SLE_GSE174188_CD4	SLE_GSE285773_CD4	SLE_GSE174188_CD4	frozen_geneformer	1404	1	0.49820608837533403
SLE_GSE285773_CD4_to_SLE_GSE174188_CD4	SLE_GSE285773_CD4	SLE_GSE174188_CD4	frozen_geneformer	1414	1	0.4524112557897268
SLE_GSE285773_CD4_to_SLE_GSE174188_CD4	SLE_GSE285773_CD4	SLE_GSE174188_CD4	frozen_geneformer	1417	1	0.6490135649573973
SLE_GSE285773_CD4_to_SLE_GSE174188_CD4	SLE_GSE285773_CD4	SLE_GSE174188_CD4	frozen_geneformer	1418	1	0.49682115531181986
SLE_GSE285773_CD4_to_SLE_GSE174188_CD4	SLE_GSE285773_CD4	SLE_GSE174188_CD4	frozen_geneformer	1419	1	0.3472388802711906
SLE_GSE285773_CD4_to_SLE_GSE174188_CD4	SLE_GSE285773_CD4	SLE_GSE174188_CD4	frozen_geneformer	1420	1	0.3549182293329156
SLE_GSE285773_CD4_to_SLE_GSE174188_CD4	SLE_GSE285773_CD4	SLE_GSE174188_CD4	frozen_geneformer	1445	1	0.3605507406662075
SLE_GSE285773_CD4_to_SLE_GSE174188_CD4	SLE_GSE285773_CD4	SLE_GSE174188_CD4	frozen_geneformer	1452	1	0.28593861418533784
SLE_GSE285773_CD4_to_SLE_GSE174188_CD4	SLE_GSE285773_CD4	SLE_GSE174188_CD4	frozen_geneformer	1472	1	0.6367067274393859
SLE_GSE285773_CD4_to_SLE_GSE174188_CD4	SLE_GSE285773_CD4	SLE_GSE174188_CD4	frozen_geneformer	1479	1	0.2570036578753435
SLE_GSE285773_CD4_to_SLE_GSE174188_CD4	SLE_GSE285773_CD4	SLE_GSE174188_CD4	frozen_geneformer	1480	1	0.4549255648042704
SLE_GSE285773_CD4_to_SLE_GSE174188_CD4	SLE_GSE285773_CD4	SLE_GSE174188_CD4	frozen_geneformer	1492	1	0.4546282587080103
SLE_GSE285773_CD4_to_SLE_GSE174188_CD4	SLE_GSE285773_CD4	SLE_GSE174188_CD4	frozen_geneformer	1493	1	0.4241515421112502
SLE_GSE285773_CD4_to_SLE_GSE174188_CD4	SLE_GSE285773_CD4	SLE_GSE174188_CD4	frozen_geneformer	1496	1	0.33769421181938925
SLE_GSE285773_CD4_to_SLE_GSE174188_CD4	SLE_GSE285773_CD4	SLE_GSE174188_CD4	frozen_geneformer	1510	1	0.29538811214642713
SLE_GSE285773_CD4_to_SLE_GSE174188_CD4	SLE_GSE285773_CD4	SLE_GSE174188_CD4	frozen_geneformer	1514	1	0.28039657174630866
SLE_GSE285773_CD4_to_SLE_GSE174188_CD4	SLE_GSE285773_CD4	SLE_GSE174188_CD4	frozen_geneformer	1522	1	0.6300229416287805
SLE_GSE285773_CD4_to_SLE_GSE174188_CD4	SLE_GSE285773_CD4	SLE_GSE174188_CD4	frozen_geneformer	1535	1	0.49779676832853115
SLE_GSE285773_CD4_to_SLE_GSE174188_CD4	SLE_GSE285773_CD4	SLE_GSE174188_CD4	frozen_geneformer	1543	1	0.45661731023343866
SLE_GSE285773_CD4_to_SLE_GSE174188_CD4	SLE_GSE285773_CD4	SLE_GSE174188_CD4	frozen_geneformer	1545	1	0.24563854095850512
SLE_GSE285773_CD4_to_SLE_GSE174188_CD4	SLE_GSE285773_CD4	SLE_GSE174188_CD4	frozen_geneformer	1558	1	0.33740240175356356
SLE_GSE285773_CD4_to_SLE_GSE174188_CD4	SLE_GSE285773_CD4	SLE_GSE174188_CD4	frozen_geneformer	1567	1	0.386777379477633
SLE_GSE285773_CD4_to_SLE_GSE174188_CD4	SLE_GSE285773_CD4	SLE_GSE174188_CD4	frozen_geneformer	1569	1	0.5292746681159485
SLE_GSE285773_CD4_to_SLE_GSE174188_CD4	SLE_GSE285773_CD4	SLE_GSE174188_CD4	frozen_geneformer	1582	1	0.21255570099694585
SLE_GSE285773_CD4_to_SLE_GSE174188_CD4	SLE_GSE285773_CD4	SLE_GSE174188_CD4	frozen_geneformer	1584	1	0.3733125441960528
SLE_GSE285773_CD4_to_SLE_GSE174188_CD4	SLE_GSE285773_CD4	SLE_GSE174188_CD4	frozen_geneformer	1586	1	0.5708328629834784
SLE_GSE285773_CD4_to_SLE_GSE174188_CD4	SLE_GSE285773_CD4	SLE_GSE174188_CD4	frozen_geneformer	1588	1	0.31705742319394004
SLE_GSE285773_CD4_to_SLE_GSE174188_CD4	SLE_GSE285773_CD4	SLE_GSE174188_CD4	frozen_geneformer	1596	1	0.4080073273701376
SLE_GSE285773_CD4_to_SLE_GSE174188_CD4	SLE_GSE285773_CD4	SLE_GSE174188_CD4	frozen_geneformer	1597	1	0.29299708863339197
SLE_GSE285773_CD4_to_SLE_GSE174188_CD4	SLE_GSE285773_CD4	SLE_GSE174188_CD4	frozen_geneformer	1602	1	0.27792365860435536
SLE_GSE285773_CD4_to_SLE_GSE174188_CD4	SLE_GSE285773_CD4	SLE_GSE174188_CD4	frozen_geneformer	1614	1	0.4877464097608195
SLE_GSE285773_CD4_to_SLE_GSE174188_CD4	SLE_GSE285773_CD4	SLE_GSE174188_CD4	frozen_geneformer	1615	1	0.24426735286422013
SLE_GSE285773_CD4_to_SLE_GSE174188_CD4	SLE_GSE285773_CD4	SLE_GSE174188_CD4	frozen_geneformer	1621	1	0.5589673160229747
SLE_GSE285773_CD4_to_SLE_GSE174188_CD4	SLE_GSE285773_CD4	SLE_GSE174188_CD4	frozen_geneformer	1623	1	0.31607168054659024
SLE_GSE285773_CD4_to_SLE_GSE174188_CD4	SLE_GSE285773_CD4	SLE_GSE174188_CD4	frozen_geneformer	1633	1	0.37744149294816554
SLE_GSE285773_CD4_to_SLE_GSE174188_CD4	SLE_GSE285773_CD4	SLE_GSE174188_CD4	frozen_geneformer	1641	1	0.711077144953076
SLE_GSE285773_CD4_to_SLE_GSE174188_CD4	SLE_GSE285773_CD4	SLE_GSE174188_CD4	frozen_geneformer	1660	1	0.2541102974666865
SLE_GSE285773_CD4_to_SLE_GSE174188_CD4	SLE_GSE285773_CD4	SLE_GSE174188_CD4	frozen_geneformer	1667	1	0.36126786795379057
SLE_GSE285773_CD4_to_SLE_GSE174188_CD4	SLE_GSE285773_CD4	SLE_GSE174188_CD4	frozen_geneformer	1672	1	0.3943106347128593
SLE_GSE285773_CD4_to_SLE_GSE174188_CD4	SLE_GSE285773_CD4	SLE_GSE174188_CD4	frozen_geneformer	1680	1	0.4970826204076806
SLE_GSE285773_CD4_to_SLE_GSE174188_CD4	SLE_GSE285773_CD4	SLE_GSE174188_CD4	frozen_geneformer	1682	1	0.3479833572046488
SLE_GSE285773_CD4_to_SLE_GSE174188_CD4	SLE_GSE285773_CD4	SLE_GSE174188_CD4	frozen_geneformer	1716	1	0.2268842879335867
SLE_GSE285773_CD4_to_SLE_GSE174188_CD4	SLE_GSE285773_CD4	SLE_GSE174188_CD4	frozen_geneformer	1721	1	0.5491188307639616
SLE_GSE285773_CD4_to_SLE_GSE174188_CD4	SLE_GSE285773_CD4	SLE_GSE174188_CD4	frozen_geneformer	1726	1	0.4020067856414642
SLE_GSE285773_CD4_to_SLE_GSE174188_CD4	SLE_GSE285773_CD4	SLE_GSE174188_CD4	frozen_geneformer	1730	1	0.2803298227150019
SLE_GSE285773_CD4_to_SLE_GSE174188_CD4	SLE_GSE285773_CD4	SLE_GSE174188_CD4	frozen_geneformer	1731	1	0.2589584100691812
SLE_GSE285773_CD4_to_SLE_GSE174188_CD4	SLE_GSE285773_CD4	SLE_GSE174188_CD4	frozen_geneformer	1737	1	0.35627674505144574
SLE_GSE285773_CD4_to_SLE_GSE174188_CD4	SLE_GSE285773_CD4	SLE_GSE174188_CD4	frozen_geneformer	1741	1	0.4477939913858712
SLE_GSE285773_CD4_to_SLE_GSE174188_CD4	SLE_GSE285773_CD4	SLE_GSE174188_CD4	frozen_geneformer	1743	1	0.29060765857455445
SLE_GSE285773_CD4_to_SLE_GSE174188_CD4	SLE_GSE285773_CD4	SLE_GSE174188_CD4	frozen_geneformer	1754	1	0.6709321965526752
SLE_GSE285773_CD4_to_SLE_GSE174188_CD4	SLE_GSE285773_CD4	SLE_GSE174188_CD4	frozen_geneformer	1760	1	0.4849049411983617
SLE_GSE285773_CD4_to_SLE_GSE174188_CD4	SLE_GSE285773_CD4	SLE_GSE174188_CD4	frozen_geneformer	1763	1	0.5919032302494627
SLE_GSE285773_CD4_to_SLE_GSE174188_CD4	SLE_GSE285773_CD4	SLE_GSE174188_CD4	frozen_geneformer	1767	1	0.33288415314820763
SLE_GSE285773_CD4_to_SLE_GSE174188_CD4	SLE_GSE285773_CD4	SLE_GSE174188_CD4	frozen_geneformer	1768	1	0.33900822514382795
SLE_GSE285773_CD4_to_SLE_GSE174188_CD4	SLE_GSE285773_CD4	SLE_GSE174188_CD4	frozen_geneformer	1771	1	0.6859866628617677
SLE_GSE285773_CD4_to_SLE_GSE174188_CD4	SLE_GSE285773_CD4	SLE_GSE174188_CD4	frozen_geneformer	1772	1	0.47163778998549205
SLE_GSE285773_CD4_to_SLE_GSE174188_CD4	SLE_GSE285773_CD4	SLE_GSE174188_CD4	frozen_geneformer	1775	1	0.2731937011756477
SLE_GSE285773_CD4_to_SLE_GSE174188_CD4	SLE_GSE285773_CD4	SLE_GSE174188_CD4	frozen_geneformer	1785	1	0.5038942948641512
SLE_GSE285773_CD4_to_SLE_GSE174188_CD4	SLE_GSE285773_CD4	SLE_GSE174188_CD4	frozen_geneformer	1791	1	0.5732044972085274
SLE_GSE285773_CD4_to_SLE_GSE174188_CD4	SLE_GSE285773_CD4	SLE_GSE174188_CD4	frozen_geneformer	1799	1	0.2280740854769384
SLE_GSE285773_CD4_to_SLE_GSE174188_CD4	SLE_GSE285773_CD4	SLE_GSE174188_CD4	frozen_geneformer	1804	1	0.25224410153929594
SLE_GSE285773_CD4_to_SLE_GSE174188_CD4	SLE_GSE285773_CD4	SLE_GSE174188_CD4	frozen_geneformer	1811	1	0.37050281791371675
SLE_GSE285773_CD4_to_SLE_GSE174188_CD4	SLE_GSE285773_CD4	SLE_GSE174188_CD4	frozen_geneformer	1815	1	0.6179587000142379
SLE_GSE285773_CD4_to_SLE_GSE174188_CD4	SLE_GSE285773_CD4	SLE_GSE174188_CD4	frozen_geneformer	1827	1	0.24571704169683092
SLE_GSE285773_CD4_to_SLE_GSE174188_CD4	SLE_GSE285773_CD4	SLE_GSE174188_CD4	frozen_geneformer	1829	1	0.4392446800790926
SLE_GSE285773_CD4_to_SLE_GSE174188_CD4	SLE_GSE285773_CD4	SLE_GSE174188_CD4	frozen_geneformer	1848	1	0.45118914919095787
SLE_GSE285773_CD4_to_SLE_GSE174188_CD4	SLE_GSE285773_CD4	SLE_GSE174188_CD4	frozen_geneformer	1857	1	0.6950999293797638
SLE_GSE285773_CD4_to_SLE_GSE174188_CD4	SLE_GSE285773_CD4	SLE_GSE174188_CD4	frozen_geneformer	1881	1	0.5854484635537951
SLE_GSE285773_CD4_to_SLE_GSE174188_CD4	SLE_GSE285773_CD4	SLE_GSE174188_CD4	frozen_geneformer	1886	1	0.30331633521153206
SLE_GSE285773_CD4_to_SLE_GSE174188_CD4	SLE_GSE285773_CD4	SLE_GSE174188_CD4	frozen_geneformer	1888	1	0.2635822618498769
SLE_GSE285773_CD4_to_SLE_GSE174188_CD4	SLE_GSE285773_CD4	SLE_GSE174188_CD4	frozen_geneformer	1891	1	0.28672357633084883
SLE_GSE285773_CD4_to_SLE_GSE174188_CD4	SLE_GSE285773_CD4	SLE_GSE174188_CD4	frozen_geneformer	1892	1	0.418459846564248
SLE_GSE285773_CD4_to_SLE_GSE174188_CD4	SLE_GSE285773_CD4	SLE_GSE174188_CD4	frozen_geneformer	1909	1	0.3542072210712938
SLE_GSE285773_CD4_to_SLE_GSE174188_CD4	SLE_GSE285773_CD4	SLE_GSE174188_CD4	frozen_geneformer	1928	1	0.3853759539615664
SLE_GSE285773_CD4_to_SLE_GSE174188_CD4	SLE_GSE285773_CD4	SLE_GSE174188_CD4	frozen_geneformer	1941	1	0.5322995157973928
SLE_GSE285773_CD4_to_SLE_GSE174188_CD4	SLE_GSE285773_CD4	SLE_GSE174188_CD4	frozen_geneformer	1947	1	0.37789420200816437
SLE_GSE285773_CD4_to_SLE_GSE174188_CD4	SLE_GSE285773_CD4	SLE_GSE174188_CD4	frozen_geneformer	1958	1	0.2884382608037057
SLE_GSE285773_CD4_to_SLE_GSE174188_CD4	SLE_GSE285773_CD4	SLE_GSE174188_CD4	frozen_geneformer	1961	1	0.6627687493842075
SLE_GSE285773_CD4_to_SLE_GSE174188_CD4	SLE_GSE285773_CD4	SLE_GSE174188_CD4	frozen_geneformer	2061	1	0.36751050132042334
SLE_GSE285773_CD4_to_SLE_GSE174188_CD4	SLE_GSE285773_CD4	SLE_GSE174188_CD4	frozen_geneformer	2082	1	0.3684464079327659
SLE_GSE285773_CD4_to_SLE_GSE174188_CD4	SLE_GSE285773_CD4	SLE_GSE174188_CD4	frozen_geneformer	2132	1	0.7037496129695038
SLE_GSE285773_CD4_to_SLE_GSE174188_CD4	SLE_GSE285773_CD4	SLE_GSE174188_CD4	frozen_geneformer	2135	1	0.5048945145874123
SLE_GSE285773_CD4_to_SLE_GSE174188_CD4	SLE_GSE285773_CD4	SLE_GSE174188_CD4	frozen_geneformer	FLARE001	1	0.3860880155937565
SLE_GSE285773_CD4_to_SLE_GSE174188_CD4	SLE_GSE285773_CD4	SLE_GSE174188_CD4	frozen_geneformer	FLARE004	1	0.3744406242679262
SLE_GSE285773_CD4_to_SLE_GSE174188_CD4	SLE_GSE285773_CD4	SLE_GSE174188_CD4	frozen_geneformer	FLARE005	1	0.38862337399664293
SLE_GSE285773_CD4_to_SLE_GSE174188_CD4	SLE_GSE285773_CD4	SLE_GSE174188_CD4	frozen_geneformer	FLARE006	1	0.39562558319225044
SLE_GSE285773_CD4_to_SLE_GSE174188_CD4	SLE_GSE285773_CD4	SLE_GSE174188_CD4	frozen_geneformer	FLARE007	1	0.6857784987621764
SLE_GSE285773_CD4_to_SLE_GSE174188_CD4	SLE_GSE285773_CD4	SLE_GSE174188_CD4	frozen_geneformer	FLARE009	1	0.7492333019004117
SLE_GSE285773_CD4_to_SLE_GSE174188_CD4	SLE_GSE285773_CD4	SLE_GSE174188_CD4	frozen_geneformer	FLARE010	1	0.5725435445500713
SLE_GSE285773_CD4_to_SLE_GSE174188_CD4	SLE_GSE285773_CD4	SLE_GSE174188_CD4	frozen_geneformer	FLARE011	1	0.5527593629318082
SLE_GSE285773_CD4_to_SLE_GSE174188_CD4	SLE_GSE285773_CD4	SLE_GSE174188_CD4	frozen_geneformer	FLARE013	1	0.43156206690630466
SLE_GSE285773_CD4_to_SLE_GSE174188_CD4	SLE_GSE285773_CD4	SLE_GSE174188_CD4	frozen_geneformer	FLARE014	1	0.39437496591833515
SLE_GSE285773_CD4_to_SLE_GSE174188_CD4	SLE_GSE285773_CD4	SLE_GSE174188_CD4	frozen_geneformer	FLARE015	1	0.35271454432625265
SLE_GSE285773_CD4_to_SLE_GSE174188_CD4	SLE_GSE285773_CD4	SLE_GSE174188_CD4	frozen_geneformer	FLARE016	1	0.4440169416533831
SLE_GSE285773_CD4_to_SLE_GSE174188_CD4	SLE_GSE285773_CD4	SLE_GSE174188_CD4	frozen_geneformer	FLARE017	1	0.5227094093092185
SLE_GSE285773_CD4_to_SLE_GSE174188_CD4	SLE_GSE285773_CD4	SLE_GSE174188_CD4	frozen_geneformer	FLARE020	1	0.3577648404556342
SLE_GSE285773_CD4_to_SLE_GSE174188_CD4	SLE_GSE285773_CD4	SLE_GSE174188_CD4	frozen_geneformer	HC-002	0	0.23194056218117717
SLE_GSE285773_CD4_to_SLE_GSE174188_CD4	SLE_GSE285773_CD4	SLE_GSE174188_CD4	frozen_geneformer	HC-006	0	0.43273058381364177
SLE_GSE285773_CD4_to_SLE_GSE174188_CD4	SLE_GSE285773_CD4	SLE_GSE174188_CD4	frozen_geneformer	HC-008	0	0.20799685792174766
SLE_GSE285773_CD4_to_SLE_GSE174188_CD4	SLE_GSE285773_CD4	SLE_GSE174188_CD4	frozen_geneformer	HC-009	0	0.21420555274841221
SLE_GSE285773_CD4_to_SLE_GSE174188_CD4	SLE_GSE285773_CD4	SLE_GSE174188_CD4	frozen_geneformer	HC-011	0	0.376074357962631
SLE_GSE285773_CD4_to_SLE_GSE174188_CD4	SLE_GSE285773_CD4	SLE_GSE174188_CD4	frozen_geneformer	HC-014	0	0.40857195625328746
SLE_GSE285773_CD4_to_SLE_GSE174188_CD4	SLE_GSE285773_CD4	SLE_GSE174188_CD4	frozen_geneformer	HC-015	0	0.2582575388254248
SLE_GSE285773_CD4_to_SLE_GSE174188_CD4	SLE_GSE285773_CD4	SLE_GSE174188_CD4	frozen_geneformer	HC-019	0	0.2813687067308172
SLE_GSE285773_CD4_to_SLE_GSE174188_CD4	SLE_GSE285773_CD4	SLE_GSE174188_CD4	frozen_geneformer	HC-020	0	0.3147910643412275
SLE_GSE285773_CD4_to_SLE_GSE174188_CD4	SLE_GSE285773_CD4	SLE_GSE174188_CD4	frozen_geneformer	HC-022	0	0.33753451869066314
SLE_GSE285773_CD4_to_SLE_GSE174188_CD4	SLE_GSE285773_CD4	SLE_GSE174188_CD4	frozen_geneformer	HC-500	0	0.2959398317104776
SLE_GSE285773_CD4_to_SLE_GSE174188_CD4	SLE_GSE285773_CD4	SLE_GSE174188_CD4	frozen_geneformer	HC-501	0	0.3336821423246932
SLE_GSE285773_CD4_to_SLE_GSE174188_CD4	SLE_GSE285773_CD4	SLE_GSE174188_CD4	frozen_geneformer	HC-502	0	0.24280563963231208
SLE_GSE285773_CD4_to_SLE_GSE174188_CD4	SLE_GSE285773_CD4	SLE_GSE174188_CD4	frozen_geneformer	HC-503	0	0.34969727009448504
SLE_GSE285773_CD4_to_SLE_GSE174188_CD4	SLE_GSE285773_CD4	SLE_GSE174188_CD4	frozen_geneformer	HC-504	0	0.28172803184091744
SLE_GSE285773_CD4_to_SLE_GSE174188_CD4	SLE_GSE285773_CD4	SLE_GSE174188_CD4	frozen_geneformer	HC-506	0	0.2667412471693381
SLE_GSE285773_CD4_to_SLE_GSE174188_CD4	SLE_GSE285773_CD4	SLE_GSE174188_CD4	frozen_geneformer	HC-508	0	0.32037554031706766
SLE_GSE285773_CD4_to_SLE_GSE174188_CD4	SLE_GSE285773_CD4	SLE_GSE174188_CD4	frozen_geneformer	HC-512	0	0.39087380619440837
SLE_GSE285773_CD4_to_SLE_GSE174188_CD4	SLE_GSE285773_CD4	SLE_GSE174188_CD4	frozen_geneformer	HC-516	0	0.27500657509698023
SLE_GSE285773_CD4_to_SLE_GSE174188_CD4	SLE_GSE285773_CD4	SLE_GSE174188_CD4	frozen_geneformer	HC-519	0	0.2329134911222582
SLE_GSE285773_CD4_to_SLE_GSE174188_CD4	SLE_GSE285773_CD4	SLE_GSE174188_CD4	frozen_geneformer	HC-520	0	0.23606707081313066
SLE_GSE285773_CD4_to_SLE_GSE174188_CD4	SLE_GSE285773_CD4	SLE_GSE174188_CD4	frozen_geneformer	HC-524	0	0.3828951292327554
SLE_GSE285773_CD4_to_SLE_GSE174188_CD4	SLE_GSE285773_CD4	SLE_GSE174188_CD4	frozen_geneformer	HC-526	0	0.3371499185288628
SLE_GSE285773_CD4_to_SLE_GSE174188_CD4	SLE_GSE285773_CD4	SLE_GSE174188_CD4	frozen_geneformer	HC-531	0	0.2933551731043789
SLE_GSE285773_CD4_to_SLE_GSE174188_CD4	SLE_GSE285773_CD4	SLE_GSE174188_CD4	frozen_geneformer	HC-532	0	0.23987080022077456
SLE_GSE285773_CD4_to_SLE_GSE174188_CD4	SLE_GSE285773_CD4	SLE_GSE174188_CD4	frozen_geneformer	HC-533	0	0.27780912931460156
SLE_GSE285773_CD4_to_SLE_GSE174188_CD4	SLE_GSE285773_CD4	SLE_GSE174188_CD4	frozen_geneformer	HC-536	0	0.2771538894078759
SLE_GSE285773_CD4_to_SLE_GSE174188_CD4	SLE_GSE285773_CD4	SLE_GSE174188_CD4	frozen_geneformer	HC-538	0	0.3021519876908407
SLE_GSE285773_CD4_to_SLE_GSE174188_CD4	SLE_GSE285773_CD4	SLE_GSE174188_CD4	frozen_geneformer	HC-540	0	0.4276148475438561
SLE_GSE285773_CD4_to_SLE_GSE174188_CD4	SLE_GSE285773_CD4	SLE_GSE174188_CD4	frozen_geneformer	HC-541	0	0.3093607473528209
SLE_GSE285773_CD4_to_SLE_GSE174188_CD4	SLE_GSE285773_CD4	SLE_GSE174188_CD4	frozen_geneformer	HC-543	0	0.3165806321497861
SLE_GSE285773_CD4_to_SLE_GSE174188_CD4	SLE_GSE285773_CD4	SLE_GSE174188_CD4	frozen_geneformer	HC-545	0	0.3226055527411953
SLE_GSE285773_CD4_to_SLE_GSE174188_CD4	SLE_GSE285773_CD4	SLE_GSE174188_CD4	frozen_geneformer	HC-546	0	0.2757176183673642
SLE_GSE285773_CD4_to_SLE_GSE174188_CD4	SLE_GSE285773_CD4	SLE_GSE174188_CD4	frozen_geneformer	HC-551	0	0.3055747553238792
SLE_GSE285773_CD4_to_SLE_GSE174188_CD4	SLE_GSE285773_CD4	SLE_GSE174188_CD4	frozen_geneformer	HC-552	0	0.2666165487488575
SLE_GSE285773_CD4_to_SLE_GSE174188_CD4	SLE_GSE285773_CD4	SLE_GSE174188_CD4	frozen_geneformer	HC-554	0	0.31902523775176195
SLE_GSE285773_CD4_to_SLE_GSE174188_CD4	SLE_GSE285773_CD4	SLE_GSE174188_CD4	frozen_geneformer	HC-556	0	0.22858264540213435
SLE_GSE285773_CD4_to_SLE_GSE174188_CD4	SLE_GSE285773_CD4	SLE_GSE174188_CD4	frozen_geneformer	HC-558	0	0.22715054662263578
SLE_GSE285773_CD4_to_SLE_GSE174188_CD4	SLE_GSE285773_CD4	SLE_GSE174188_CD4	frozen_geneformer	HC-563	0	0.22856182632854052
SLE_GSE285773_CD4_to_SLE_GSE174188_CD4	SLE_GSE285773_CD4	SLE_GSE174188_CD4	frozen_geneformer	HC-566	0	0.23846857017601367
SLE_GSE285773_CD4_to_SLE_GSE174188_CD4	SLE_GSE285773_CD4	SLE_GSE174188_CD4	frozen_geneformer	HC-567	0	0.2578420766106247
SLE_GSE285773_CD4_to_SLE_GSE174188_CD4	SLE_GSE285773_CD4	SLE_GSE174188_CD4	frozen_geneformer	HC-571	0	0.2869258761619173
SLE_GSE285773_CD4_to_SLE_GSE174188_CD4	SLE_GSE285773_CD4	SLE_GSE174188_CD4	frozen_geneformer	HC-572	0	0.3179307689506862
SLE_GSE285773_CD4_to_SLE_GSE174188_CD4	SLE_GSE285773_CD4	SLE_GSE174188_CD4	frozen_geneformer	HC-573	0	0.2472763797262323
SLE_GSE285773_CD4_to_SLE_GSE174188_CD4	SLE_GSE285773_CD4	SLE_GSE174188_CD4	frozen_geneformer	HC-574	0	0.29757236430736284
SLE_GSE285773_CD4_to_SLE_GSE174188_CD4	SLE_GSE285773_CD4	SLE_GSE174188_CD4	frozen_geneformer	HC-578	0	0.30195080887616205
SLE_GSE285773_CD4_to_SLE_GSE174188_CD4	SLE_GSE285773_CD4	SLE_GSE174188_CD4	frozen_geneformer	HC-580	0	0.27763008298699643
SLE_GSE285773_CD4_to_SLE_GSE174188_CD4	SLE_GSE285773_CD4	SLE_GSE174188_CD4	frozen_geneformer	HC-585	0	0.23288029182983058
SLE_GSE285773_CD4_to_SLE_GSE174188_CD4	SLE_GSE285773_CD4	SLE_GSE174188_CD4	frozen_geneformer	ICC_control	0	0.25409589436202695
SLE_GSE285773_CD4_to_SLE_GSE174188_CD4	SLE_GSE285773_CD4	SLE_GSE174188_CD4	frozen_geneformer	IGTB1290	0	0.25382311827967563
SLE_GSE285773_CD4_to_SLE_GSE174188_CD4	SLE_GSE285773_CD4	SLE_GSE174188_CD4	frozen_geneformer	IGTB1372	0	0.23167139664174338
SLE_GSE285773_CD4_to_SLE_GSE174188_CD4	SLE_GSE285773_CD4	SLE_GSE174188_CD4	frozen_geneformer	IGTB141	0	0.24924423007728777
SLE_GSE285773_CD4_to_SLE_GSE174188_CD4	SLE_GSE285773_CD4	SLE_GSE174188_CD4	frozen_geneformer	IGTB143	0	0.16655128180719092
SLE_GSE285773_CD4_to_SLE_GSE174188_CD4	SLE_GSE285773_CD4	SLE_GSE174188_CD4	frozen_geneformer	IGTB1506	0	0.23456524912750498
SLE_GSE285773_CD4_to_SLE_GSE174188_CD4	SLE_GSE285773_CD4	SLE_GSE174188_CD4	frozen_geneformer	IGTB1539	0	0.26345356111926055
SLE_GSE285773_CD4_to_SLE_GSE174188_CD4	SLE_GSE285773_CD4	SLE_GSE174188_CD4	frozen_geneformer	IGTB1540	0	0.23181143703966342
SLE_GSE285773_CD4_to_SLE_GSE174188_CD4	SLE_GSE285773_CD4	SLE_GSE174188_CD4	frozen_geneformer	IGTB1542	0	0.19222255147899844
SLE_GSE285773_CD4_to_SLE_GSE174188_CD4	SLE_GSE285773_CD4	SLE_GSE174188_CD4	frozen_geneformer	IGTB1575	0	0.22154933915193428
SLE_GSE285773_CD4_to_SLE_GSE174188_CD4	SLE_GSE285773_CD4	SLE_GSE174188_CD4	frozen_geneformer	IGTB1650	0	0.3214098101892655
SLE_GSE285773_CD4_to_SLE_GSE174188_CD4	SLE_GSE285773_CD4	SLE_GSE174188_CD4	frozen_geneformer	IGTB1731	0	0.2984505822886574
SLE_GSE285773_CD4_to_SLE_GSE174188_CD4	SLE_GSE285773_CD4	SLE_GSE174188_CD4	frozen_geneformer	IGTB1762	0	0.20601303858048434
SLE_GSE285773_CD4_to_SLE_GSE174188_CD4	SLE_GSE285773_CD4	SLE_GSE174188_CD4	frozen_geneformer	IGTB1768	0	0.29277021721526575
SLE_GSE285773_CD4_to_SLE_GSE174188_CD4	SLE_GSE285773_CD4	SLE_GSE174188_CD4	frozen_geneformer	IGTB1789	0	0.21784393668218788
SLE_GSE285773_CD4_to_SLE_GSE174188_CD4	SLE_GSE285773_CD4	SLE_GSE174188_CD4	frozen_geneformer	IGTB1793	0	0.24130063446039082
SLE_GSE285773_CD4_to_SLE_GSE174188_CD4	SLE_GSE285773_CD4	SLE_GSE174188_CD4	frozen_geneformer	IGTB1814	0	0.3464798563086106
SLE_GSE285773_CD4_to_SLE_GSE174188_CD4	SLE_GSE285773_CD4	SLE_GSE174188_CD4	frozen_geneformer	IGTB1815	0	0.2390148239193904
SLE_GSE285773_CD4_to_SLE_GSE174188_CD4	SLE_GSE285773_CD4	SLE_GSE174188_CD4	frozen_geneformer	IGTB1819	0	0.16767222468708382
SLE_GSE285773_CD4_to_SLE_GSE174188_CD4	SLE_GSE285773_CD4	SLE_GSE174188_CD4	frozen_geneformer	IGTB1826	0	0.28559212063195677
SLE_GSE285773_CD4_to_SLE_GSE174188_CD4	SLE_GSE285773_CD4	SLE_GSE174188_CD4	frozen_geneformer	IGTB1827	0	0.27628568007703147
SLE_GSE285773_CD4_to_SLE_GSE174188_CD4	SLE_GSE285773_CD4	SLE_GSE174188_CD4	frozen_geneformer	IGTB1828	0	0.2529343346170458
SLE_GSE285773_CD4_to_SLE_GSE174188_CD4	SLE_GSE285773_CD4	SLE_GSE174188_CD4	frozen_geneformer	IGTB1840	0	0.17462637311033855
SLE_GSE285773_CD4_to_SLE_GSE174188_CD4	SLE_GSE285773_CD4	SLE_GSE174188_CD4	frozen_geneformer	IGTB1844	0	0.3535351447781126
SLE_GSE285773_CD4_to_SLE_GSE174188_CD4	SLE_GSE285773_CD4	SLE_GSE174188_CD4	frozen_geneformer	IGTB1871	0	0.24650584801819922
SLE_GSE285773_CD4_to_SLE_GSE174188_CD4	SLE_GSE285773_CD4	SLE_GSE174188_CD4	frozen_geneformer	IGTB1895	0	0.20452392062141722
SLE_GSE285773_CD4_to_SLE_GSE174188_CD4	SLE_GSE285773_CD4	SLE_GSE174188_CD4	frozen_geneformer	IGTB1901	0	0.16531568839816826
SLE_GSE285773_CD4_to_SLE_GSE174188_CD4	SLE_GSE285773_CD4	SLE_GSE174188_CD4	frozen_geneformer	IGTB1906	0	0.24638833450421194
SLE_GSE285773_CD4_to_SLE_GSE174188_CD4	SLE_GSE285773_CD4	SLE_GSE174188_CD4	frozen_geneformer	IGTB1908	0	0.3559037634493698
SLE_GSE285773_CD4_to_SLE_GSE174188_CD4	SLE_GSE285773_CD4	SLE_GSE174188_CD4	frozen_geneformer	IGTB1913	0	0.2938967130592108
SLE_GSE285773_CD4_to_SLE_GSE174188_CD4	SLE_GSE285773_CD4	SLE_GSE174188_CD4	frozen_geneformer	IGTB1916	0	0.29702667068943245
SLE_GSE285773_CD4_to_SLE_GSE174188_CD4	SLE_GSE285773_CD4	SLE_GSE174188_CD4	frozen_geneformer	IGTB1921	0	0.2380277554274215
SLE_GSE285773_CD4_to_SLE_GSE174188_CD4	SLE_GSE285773_CD4	SLE_GSE174188_CD4	frozen_geneformer	IGTB195	0	0.2156017181153221
SLE_GSE285773_CD4_to_SLE_GSE174188_CD4	SLE_GSE285773_CD4	SLE_GSE174188_CD4	frozen_geneformer	IGTB1952	0	0.19911454159101127
SLE_GSE285773_CD4_to_SLE_GSE174188_CD4	SLE_GSE285773_CD4	SLE_GSE174188_CD4	frozen_geneformer	IGTB1966	0	0.23081847087075497
SLE_GSE285773_CD4_to_SLE_GSE174188_CD4	SLE_GSE285773_CD4	SLE_GSE174188_CD4	frozen_geneformer	IGTB1974	0	0.2834175546372792
SLE_GSE285773_CD4_to_SLE_GSE174188_CD4	SLE_GSE285773_CD4	SLE_GSE174188_CD4	frozen_geneformer	IGTB1982	0	0.18221199535489616
SLE_GSE285773_CD4_to_SLE_GSE174188_CD4	SLE_GSE285773_CD4	SLE_GSE174188_CD4	frozen_geneformer	IGTB1987	0	0.2595087580102987
SLE_GSE285773_CD4_to_SLE_GSE174188_CD4	SLE_GSE285773_CD4	SLE_GSE174188_CD4	frozen_geneformer	IGTB1996	0	0.261385506689757
SLE_GSE285773_CD4_to_SLE_GSE174188_CD4	SLE_GSE285773_CD4	SLE_GSE174188_CD4	frozen_geneformer	IGTB2007	0	0.2169577559114357
SLE_GSE285773_CD4_to_SLE_GSE174188_CD4	SLE_GSE285773_CD4	SLE_GSE174188_CD4	frozen_geneformer	IGTB2065	0	0.18483396572671887
SLE_GSE285773_CD4_to_SLE_GSE174188_CD4	SLE_GSE285773_CD4	SLE_GSE174188_CD4	frozen_geneformer	IGTB256	0	0.2605321085670396
SLE_GSE285773_CD4_to_SLE_GSE174188_CD4	SLE_GSE285773_CD4	SLE_GSE174188_CD4	frozen_geneformer	IGTB469	0	0.22005907472459896
SLE_GSE285773_CD4_to_SLE_GSE174188_CD4	SLE_GSE285773_CD4	SLE_GSE174188_CD4	frozen_geneformer	IGTB498	0	0.20185844534618047
SLE_GSE285773_CD4_to_SLE_GSE174188_CD4	SLE_GSE285773_CD4	SLE_GSE174188_CD4	frozen_geneformer	IGTB508	0	0.2214073112560864
SLE_GSE285773_CD4_to_SLE_GSE174188_CD4	SLE_GSE285773_CD4	SLE_GSE174188_CD4	frozen_geneformer	IGTB514	0	0.2394367381677175
SLE_GSE285773_CD4_to_SLE_GSE174188_CD4	SLE_GSE285773_CD4	SLE_GSE174188_CD4	frozen_geneformer	IGTB645	0	0.17881334801508048
SLE_GSE285773_CD4_to_SLE_GSE174188_CD4	SLE_GSE285773_CD4	SLE_GSE174188_CD4	frozen_geneformer	IGTB670	0	0.20640457637143678
SLE_GSE285773_CD4_to_SLE_GSE174188_CD4	SLE_GSE285773_CD4	SLE_GSE174188_CD4	frozen_geneformer	IGTB826	0	0.2417765661057493
SLE_GSE285773_CD4_to_SLE_GSE174188_CD4	SLE_GSE285773_CD4	SLE_GSE174188_CD4	frozen_geneformer	IGTB884	0	0.2159899043258955
SLE_GSE285773_CD4_to_SLE_GSE174188_CD4	SLE_GSE285773_CD4	SLE_GSE174188_CD4	frozen_geneformer	IGTB986	0	0.3026693701226868
SLE_GSE285773_CD4_to_SLE_GSE174188_CD4	SLE_GSE285773_CD4	SLE_GSE174188_CD4	source_hvg_pseudobulk	1004	1	0.9639005539767611
SLE_GSE285773_CD4_to_SLE_GSE174188_CD4	SLE_GSE285773_CD4	SLE_GSE174188_CD4	source_hvg_pseudobulk	1014	1	0.9995664884730862
SLE_GSE285773_CD4_to_SLE_GSE174188_CD4	SLE_GSE285773_CD4	SLE_GSE174188_CD4	source_hvg_pseudobulk	1015	1	0.9993027721355071
SLE_GSE285773_CD4_to_SLE_GSE174188_CD4	SLE_GSE285773_CD4	SLE_GSE174188_CD4	source_hvg_pseudobulk	1019	1	0.32518585989215165
SLE_GSE285773_CD4_to_SLE_GSE174188_CD4	SLE_GSE285773_CD4	SLE_GSE174188_CD4	source_hvg_pseudobulk	1022	1	0.9999644901563647
SLE_GSE285773_CD4_to_SLE_GSE174188_CD4	SLE_GSE285773_CD4	SLE_GSE174188_CD4	source_hvg_pseudobulk	1031	1	0.9960292204980131
SLE_GSE285773_CD4_to_SLE_GSE174188_CD4	SLE_GSE285773_CD4	SLE_GSE174188_CD4	source_hvg_pseudobulk	1039	1	0.9940283098246366
SLE_GSE285773_CD4_to_SLE_GSE174188_CD4	SLE_GSE285773_CD4	SLE_GSE174188_CD4	source_hvg_pseudobulk	1045	1	0.9999981533710803
SLE_GSE285773_CD4_to_SLE_GSE174188_CD4	SLE_GSE285773_CD4	SLE_GSE174188_CD4	source_hvg_pseudobulk	1046	1	0.9885295170041741
SLE_GSE285773_CD4_to_SLE_GSE174188_CD4	SLE_GSE285773_CD4	SLE_GSE174188_CD4	source_hvg_pseudobulk	1051	1	0.9998745854122252
SLE_GSE285773_CD4_to_SLE_GSE174188_CD4	SLE_GSE285773_CD4	SLE_GSE174188_CD4	source_hvg_pseudobulk	1054	1	0.37180201264596685
SLE_GSE285773_CD4_to_SLE_GSE174188_CD4	SLE_GSE285773_CD4	SLE_GSE174188_CD4	source_hvg_pseudobulk	1056	1	0.9793509580571401
SLE_GSE285773_CD4_to_SLE_GSE174188_CD4	SLE_GSE285773_CD4	SLE_GSE174188_CD4	source_hvg_pseudobulk	1063	1	0.6770606739051972
SLE_GSE285773_CD4_to_SLE_GSE174188_CD4	SLE_GSE285773_CD4	SLE_GSE174188_CD4	source_hvg_pseudobulk	1068	1	0.8634672196935894
SLE_GSE285773_CD4_to_SLE_GSE174188_CD4	SLE_GSE285773_CD4	SLE_GSE174188_CD4	source_hvg_pseudobulk	1078	1	0.9999947827558058
SLE_GSE285773_CD4_to_SLE_GSE174188_CD4	SLE_GSE285773_CD4	SLE_GSE174188_CD4	source_hvg_pseudobulk	1087	1	0.5310556516958296
SLE_GSE285773_CD4_to_SLE_GSE174188_CD4	SLE_GSE285773_CD4	SLE_GSE174188_CD4	source_hvg_pseudobulk	1101	1	0.9999726542278905
SLE_GSE285773_CD4_to_SLE_GSE174188_CD4	SLE_GSE285773_CD4	SLE_GSE174188_CD4	source_hvg_pseudobulk	1110	1	0.6907438109351884
SLE_GSE285773_CD4_to_SLE_GSE174188_CD4	SLE_GSE285773_CD4	SLE_GSE174188_CD4	source_hvg_pseudobulk	1119	1	0.9999473176475693
SLE_GSE285773_CD4_to_SLE_GSE174188_CD4	SLE_GSE285773_CD4	SLE_GSE174188_CD4	source_hvg_pseudobulk	1121	1	0.9994019125159359
SLE_GSE285773_CD4_to_SLE_GSE174188_CD4	SLE_GSE285773_CD4	SLE_GSE174188_CD4	source_hvg_pseudobulk	1122	1	0.3208515825279326
SLE_GSE285773_CD4_to_SLE_GSE174188_CD4	SLE_GSE285773_CD4	SLE_GSE174188_CD4	source_hvg_pseudobulk	1127	1	0.02550244581981579
SLE_GSE285773_CD4_to_SLE_GSE174188_CD4	SLE_GSE285773_CD4	SLE_GSE174188_CD4	source_hvg_pseudobulk	1130	1	0.9994294686105215
SLE_GSE285773_CD4_to_SLE_GSE174188_CD4	SLE_GSE285773_CD4	SLE_GSE174188_CD4	source_hvg_pseudobulk	1132	1	0.9991134408054138
SLE_GSE285773_CD4_to_SLE_GSE174188_CD4	SLE_GSE285773_CD4	SLE_GSE174188_CD4	source_hvg_pseudobulk	1165	1	0.999999900921962
SLE_GSE285773_CD4_to_SLE_GSE174188_CD4	SLE_GSE285773_CD4	SLE_GSE174188_CD4	source_hvg_pseudobulk	1193	1	0.9989163290537837
SLE_GSE285773_CD4_to_SLE_GSE174188_CD4	SLE_GSE285773_CD4	SLE_GSE174188_CD4	source_hvg_pseudobulk	1195	1	0.9985610826285752
SLE_GSE285773_CD4_to_SLE_GSE174188_CD4	SLE_GSE285773_CD4	SLE_GSE174188_CD4	source_hvg_pseudobulk	1196	1	0.9987854281969897
SLE_GSE285773_CD4_to_SLE_GSE174188_CD4	SLE_GSE285773_CD4	SLE_GSE174188_CD4	source_hvg_pseudobulk	1197	1	0.9999838431974157
SLE_GSE285773_CD4_to_SLE_GSE174188_CD4	SLE_GSE285773_CD4	SLE_GSE174188_CD4	source_hvg_pseudobulk	1203	1	0.11475615972832309
SLE_GSE285773_CD4_to_SLE_GSE174188_CD4	SLE_GSE285773_CD4	SLE_GSE174188_CD4	source_hvg_pseudobulk	1216	1	0.06797181613180725
SLE_GSE285773_CD4_to_SLE_GSE174188_CD4	SLE_GSE285773_CD4	SLE_GSE174188_CD4	source_hvg_pseudobulk	1219	1	0.003956975139102286
SLE_GSE285773_CD4_to_SLE_GSE174188_CD4	SLE_GSE285773_CD4	SLE_GSE174188_CD4	source_hvg_pseudobulk	1221	1	0.9545590854281261
SLE_GSE285773_CD4_to_SLE_GSE174188_CD4	SLE_GSE285773_CD4	SLE_GSE174188_CD4	source_hvg_pseudobulk	1222	1	0.9997833374467535
SLE_GSE285773_CD4_to_SLE_GSE174188_CD4	SLE_GSE285773_CD4	SLE_GSE174188_CD4	source_hvg_pseudobulk	1225	1	0.9998334968466009
SLE_GSE285773_CD4_to_SLE_GSE174188_CD4	SLE_GSE285773_CD4	SLE_GSE174188_CD4	source_hvg_pseudobulk	1226	1	0.9998935262698394
SLE_GSE285773_CD4_to_SLE_GSE174188_CD4	SLE_GSE285773_CD4	SLE_GSE174188_CD4	source_hvg_pseudobulk	1234	1	0.9889479169254407
SLE_GSE285773_CD4_to_SLE_GSE174188_CD4	SLE_GSE285773_CD4	SLE_GSE174188_CD4	source_hvg_pseudobulk	1240	1	0.9958560479870551
SLE_GSE285773_CD4_to_SLE_GSE174188_CD4	SLE_GSE285773_CD4	SLE_GSE174188_CD4	source_hvg_pseudobulk	1243	1	0.09444207083754927
SLE_GSE285773_CD4_to_SLE_GSE174188_CD4	SLE_GSE285773_CD4	SLE_GSE174188_CD4	source_hvg_pseudobulk	1248	1	0.9911213987355364
SLE_GSE285773_CD4_to_SLE_GSE174188_CD4	SLE_GSE285773_CD4	SLE_GSE174188_CD4	source_hvg_pseudobulk	1249	1	0.06341870103175638
SLE_GSE285773_CD4_to_SLE_GSE174188_CD4	SLE_GSE285773_CD4	SLE_GSE174188_CD4	source_hvg_pseudobulk	1250	1	0.9977423570281312
SLE_GSE285773_CD4_to_SLE_GSE174188_CD4	SLE_GSE285773_CD4	SLE_GSE174188_CD4	source_hvg_pseudobulk	1251	1	0.9756029862187806
SLE_GSE285773_CD4_to_SLE_GSE174188_CD4	SLE_GSE285773_CD4	SLE_GSE174188_CD4	source_hvg_pseudobulk	1256	1	0.7149024598333255
SLE_GSE285773_CD4_to_SLE_GSE174188_CD4	SLE_GSE285773_CD4	SLE_GSE174188_CD4	source_hvg_pseudobulk	1259	1	0.8619826299210613
SLE_GSE285773_CD4_to_SLE_GSE174188_CD4	SLE_GSE285773_CD4	SLE_GSE174188_CD4	source_hvg_pseudobulk	1262	1	0.48699192583891354
SLE_GSE285773_CD4_to_SLE_GSE174188_CD4	SLE_GSE285773_CD4	SLE_GSE174188_CD4	source_hvg_pseudobulk	1270	1	0.9969378321983184
SLE_GSE285773_CD4_to_SLE_GSE174188_CD4	SLE_GSE285773_CD4	SLE_GSE174188_CD4	source_hvg_pseudobulk	1279	1	0.9982300553316418
SLE_GSE285773_CD4_to_SLE_GSE174188_CD4	SLE_GSE285773_CD4	SLE_GSE174188_CD4	source_hvg_pseudobulk	1281	1	0.6675146452992317
SLE_GSE285773_CD4_to_SLE_GSE174188_CD4	SLE_GSE285773_CD4	SLE_GSE174188_CD4	source_hvg_pseudobulk	1285	1	0.9999921150189257
SLE_GSE285773_CD4_to_SLE_GSE174188_CD4	SLE_GSE285773_CD4	SLE_GSE174188_CD4	source_hvg_pseudobulk	1294	1	0.22145343367819503
SLE_GSE285773_CD4_to_SLE_GSE174188_CD4	SLE_GSE285773_CD4	SLE_GSE174188_CD4	source_hvg_pseudobulk	1297	1	0.682399721827233
SLE_GSE285773_CD4_to_SLE_GSE174188_CD4	SLE_GSE285773_CD4	SLE_GSE174188_CD4	source_hvg_pseudobulk	1315	1	0.9103609214514812
SLE_GSE285773_CD4_to_SLE_GSE174188_CD4	SLE_GSE285773_CD4	SLE_GSE174188_CD4	source_hvg_pseudobulk	1320	1	0.9999837366965627
SLE_GSE285773_CD4_to_SLE_GSE174188_CD4	SLE_GSE285773_CD4	SLE_GSE174188_CD4	source_hvg_pseudobulk	1324	1	0.9999944667345383
SLE_GSE285773_CD4_to_SLE_GSE174188_CD4	SLE_GSE285773_CD4	SLE_GSE174188_CD4	source_hvg_pseudobulk	1325	1	0.9998658931223409
SLE_GSE285773_CD4_to_SLE_GSE174188_CD4	SLE_GSE285773_CD4	SLE_GSE174188_CD4	source_hvg_pseudobulk	1326	1	0.9704569968183794
SLE_GSE285773_CD4_to_SLE_GSE174188_CD4	SLE_GSE285773_CD4	SLE_GSE174188_CD4	source_hvg_pseudobulk	1329	1	0.9548907794862849
SLE_GSE285773_CD4_to_SLE_GSE174188_CD4	SLE_GSE285773_CD4	SLE_GSE174188_CD4	source_hvg_pseudobulk	1333	1	0.5906022157087253
SLE_GSE285773_CD4_to_SLE_GSE174188_CD4	SLE_GSE285773_CD4	SLE_GSE174188_CD4	source_hvg_pseudobulk	1334	1	0.9672475189766986
SLE_GSE285773_CD4_to_SLE_GSE174188_CD4	SLE_GSE285773_CD4	SLE_GSE174188_CD4	source_hvg_pseudobulk	1337	1	0.056814287310114085
SLE_GSE285773_CD4_to_SLE_GSE174188_CD4	SLE_GSE285773_CD4	SLE_GSE174188_CD4	source_hvg_pseudobulk	1338	1	0.09539695119298694
SLE_GSE285773_CD4_to_SLE_GSE174188_CD4	SLE_GSE285773_CD4	SLE_GSE174188_CD4	source_hvg_pseudobulk	1340	1	0.9998184899258167
SLE_GSE285773_CD4_to_SLE_GSE174188_CD4	SLE_GSE285773_CD4	SLE_GSE174188_CD4	source_hvg_pseudobulk	1341	1	0.0018952062326310836
SLE_GSE285773_CD4_to_SLE_GSE174188_CD4	SLE_GSE285773_CD4	SLE_GSE174188_CD4	source_hvg_pseudobulk	1366	1	0.9974551660143983
SLE_GSE285773_CD4_to_SLE_GSE174188_CD4	SLE_GSE285773_CD4	SLE_GSE174188_CD4	source_hvg_pseudobulk	1368	1	0.5539631501060325
SLE_GSE285773_CD4_to_SLE_GSE174188_CD4	SLE_GSE285773_CD4	SLE_GSE174188_CD4	source_hvg_pseudobulk	1404	1	0.9988430208100249
SLE_GSE285773_CD4_to_SLE_GSE174188_CD4	SLE_GSE285773_CD4	SLE_GSE174188_CD4	source_hvg_pseudobulk	1414	1	0.9824998939482988
SLE_GSE285773_CD4_to_SLE_GSE174188_CD4	SLE_GSE285773_CD4	SLE_GSE174188_CD4	source_hvg_pseudobulk	1417	1	0.9999640129426621
SLE_GSE285773_CD4_to_SLE_GSE174188_CD4	SLE_GSE285773_CD4	SLE_GSE174188_CD4	source_hvg_pseudobulk	1418	1	0.9923337107891517
SLE_GSE285773_CD4_to_SLE_GSE174188_CD4	SLE_GSE285773_CD4	SLE_GSE174188_CD4	source_hvg_pseudobulk	1419	1	0.8236671341820039
SLE_GSE285773_CD4_to_SLE_GSE174188_CD4	SLE_GSE285773_CD4	SLE_GSE174188_CD4	source_hvg_pseudobulk	1420	1	0.5049853985893146
SLE_GSE285773_CD4_to_SLE_GSE174188_CD4	SLE_GSE285773_CD4	SLE_GSE174188_CD4	source_hvg_pseudobulk	1445	1	0.9820131533558465
SLE_GSE285773_CD4_to_SLE_GSE174188_CD4	SLE_GSE285773_CD4	SLE_GSE174188_CD4	source_hvg_pseudobulk	1452	1	0.03455864688265516
SLE_GSE285773_CD4_to_SLE_GSE174188_CD4	SLE_GSE285773_CD4	SLE_GSE174188_CD4	source_hvg_pseudobulk	1472	1	0.9999534847019109
SLE_GSE285773_CD4_to_SLE_GSE174188_CD4	SLE_GSE285773_CD4	SLE_GSE174188_CD4	source_hvg_pseudobulk	1479	1	0.003348433300049037
SLE_GSE285773_CD4_to_SLE_GSE174188_CD4	SLE_GSE285773_CD4	SLE_GSE174188_CD4	source_hvg_pseudobulk	1480	1	0.9905171417039705
SLE_GSE285773_CD4_to_SLE_GSE174188_CD4	SLE_GSE285773_CD4	SLE_GSE174188_CD4	source_hvg_pseudobulk	1492	1	0.9866343527569875
SLE_GSE285773_CD4_to_SLE_GSE174188_CD4	SLE_GSE285773_CD4	SLE_GSE174188_CD4	source_hvg_pseudobulk	1493	1	0.9995224278943231
SLE_GSE285773_CD4_to_SLE_GSE174188_CD4	SLE_GSE285773_CD4	SLE_GSE174188_CD4	source_hvg_pseudobulk	1496	1	0.6093672875920791
SLE_GSE285773_CD4_to_SLE_GSE174188_CD4	SLE_GSE285773_CD4	SLE_GSE174188_CD4	source_hvg_pseudobulk	1510	1	0.028424743872587126
SLE_GSE285773_CD4_to_SLE_GSE174188_CD4	SLE_GSE285773_CD4	SLE_GSE174188_CD4	source_hvg_pseudobulk	1514	1	0.016947726888795485
SLE_GSE285773_CD4_to_SLE_GSE174188_CD4	SLE_GSE285773_CD4	SLE_GSE174188_CD4	source_hvg_pseudobulk	1522	1	0.9929427636491451
SLE_GSE285773_CD4_to_SLE_GSE174188_CD4	SLE_GSE285773_CD4	SLE_GSE174188_CD4	source_hvg_pseudobulk	1535	1	0.6269227510959942
SLE_GSE285773_CD4_to_SLE_GSE174188_CD4	SLE_GSE285773_CD4	SLE_GSE174188_CD4	source_hvg_pseudobulk	1543	1	0.9997479980277136
SLE_GSE285773_CD4_to_SLE_GSE174188_CD4	SLE_GSE285773_CD4	SLE_GSE174188_CD4	source_hvg_pseudobulk	1545	1	0.02202411700343702
SLE_GSE285773_CD4_to_SLE_GSE174188_CD4	SLE_GSE285773_CD4	SLE_GSE174188_CD4	source_hvg_pseudobulk	1558	1	0.6349461785624725
SLE_GSE285773_CD4_to_SLE_GSE174188_CD4	SLE_GSE285773_CD4	SLE_GSE174188_CD4	source_hvg_pseudobulk	1567	1	0.8358464111383374
SLE_GSE285773_CD4_to_SLE_GSE174188_CD4	SLE_GSE285773_CD4	SLE_GSE174188_CD4	source_hvg_pseudobulk	1569	1	0.998229211512304
SLE_GSE285773_CD4_to_SLE_GSE174188_CD4	SLE_GSE285773_CD4	SLE_GSE174188_CD4	source_hvg_pseudobulk	1582	1	0.021494542858138576
SLE_GSE285773_CD4_to_SLE_GSE174188_CD4	SLE_GSE285773_CD4	SLE_GSE174188_CD4	source_hvg_pseudobulk	1584	1	0.9615074246542868
SLE_GSE285773_CD4_to_SLE_GSE174188_CD4	SLE_GSE285773_CD4	SLE_GSE174188_CD4	source_hvg_pseudobulk	1586	1	0.9978409125853774
SLE_GSE285773_CD4_to_SLE_GSE174188_CD4	SLE_GSE285773_CD4	SLE_GSE174188_CD4	source_hvg_pseudobulk	1588	1	0.30733906153059204
SLE_GSE285773_CD4_to_SLE_GSE174188_CD4	SLE_GSE285773_CD4	SLE_GSE174188_CD4	source_hvg_pseudobulk	1596	1	0.9815752138456368
SLE_GSE285773_CD4_to_SLE_GSE174188_CD4	SLE_GSE285773_CD4	SLE_GSE174188_CD4	source_hvg_pseudobulk	1597	1	0.6108216882784891
SLE_GSE285773_CD4_to_SLE_GSE174188_CD4	SLE_GSE285773_CD4	SLE_GSE174188_CD4	source_hvg_pseudobulk	1602	1	0.0025704909028495247
SLE_GSE285773_CD4_to_SLE_GSE174188_CD4	SLE_GSE285773_CD4	SLE_GSE174188_CD4	source_hvg_pseudobulk	1614	1	0.9996652802868414
SLE_GSE285773_CD4_to_SLE_GSE174188_CD4	SLE_GSE285773_CD4	SLE_GSE174188_CD4	source_hvg_pseudobulk	1615	1	0.017018710877733403
SLE_GSE285773_CD4_to_SLE_GSE174188_CD4	SLE_GSE285773_CD4	SLE_GSE174188_CD4	source_hvg_pseudobulk	1621	1	0.9908309424218973
SLE_GSE285773_CD4_to_SLE_GSE174188_CD4	SLE_GSE285773_CD4	SLE_GSE174188_CD4	source_hvg_pseudobulk	1623	1	0.49319923454518816
SLE_GSE285773_CD4_to_SLE_GSE174188_CD4	SLE_GSE285773_CD4	SLE_GSE174188_CD4	source_hvg_pseudobulk	1633	1	0.8873225535982923
SLE_GSE285773_CD4_to_SLE_GSE174188_CD4	SLE_GSE285773_CD4	SLE_GSE174188_CD4	source_hvg_pseudobulk	1641	1	0.9999655635335297
SLE_GSE285773_CD4_to_SLE_GSE174188_CD4	SLE_GSE285773_CD4	SLE_GSE174188_CD4	source_hvg_pseudobulk	1660	1	0.007609623060473986
SLE_GSE285773_CD4_to_SLE_GSE174188_CD4	SLE_GSE285773_CD4	SLE_GSE174188_CD4	source_hvg_pseudobulk	1667	1	0.8219561722855848
SLE_GSE285773_CD4_to_SLE_GSE174188_CD4	SLE_GSE285773_CD4	SLE_GSE174188_CD4	source_hvg_pseudobulk	1672	1	0.9465564303312146
SLE_GSE285773_CD4_to_SLE_GSE174188_CD4	SLE_GSE285773_CD4	SLE_GSE174188_CD4	source_hvg_pseudobulk	1680	1	0.9999567141951222
SLE_GSE285773_CD4_to_SLE_GSE174188_CD4	SLE_GSE285773_CD4	SLE_GSE174188_CD4	source_hvg_pseudobulk	1682	1	0.9952637090153501
SLE_GSE285773_CD4_to_SLE_GSE174188_CD4	SLE_GSE285773_CD4	SLE_GSE174188_CD4	source_hvg_pseudobulk	1716	1	0.005052511889144389
SLE_GSE285773_CD4_to_SLE_GSE174188_CD4	SLE_GSE285773_CD4	SLE_GSE174188_CD4	source_hvg_pseudobulk	1721	1	0.9998872871501505
SLE_GSE285773_CD4_to_SLE_GSE174188_CD4	SLE_GSE285773_CD4	SLE_GSE174188_CD4	source_hvg_pseudobulk	1726	1	0.1009836890105467
SLE_GSE285773_CD4_to_SLE_GSE174188_CD4	SLE_GSE285773_CD4	SLE_GSE174188_CD4	source_hvg_pseudobulk	1730	1	0.012982388359825524
SLE_GSE285773_CD4_to_SLE_GSE174188_CD4	SLE_GSE285773_CD4	SLE_GSE174188_CD4	source_hvg_pseudobulk	1731	1	0.006455510590925268
SLE_GSE285773_CD4_to_SLE_GSE174188_CD4	SLE_GSE285773_CD4	SLE_GSE174188_CD4	source_hvg_pseudobulk	1737	1	0.639174168004912
SLE_GSE285773_CD4_to_SLE_GSE174188_CD4	SLE_GSE285773_CD4	SLE_GSE174188_CD4	source_hvg_pseudobulk	1741	1	0.9965626164557578
SLE_GSE285773_CD4_to_SLE_GSE174188_CD4	SLE_GSE285773_CD4	SLE_GSE174188_CD4	source_hvg_pseudobulk	1743	1	0.737218777065352
SLE_GSE285773_CD4_to_SLE_GSE174188_CD4	SLE_GSE285773_CD4	SLE_GSE174188_CD4	source_hvg_pseudobulk	1754	1	0.9998753916345285
SLE_GSE285773_CD4_to_SLE_GSE174188_CD4	SLE_GSE285773_CD4	SLE_GSE174188_CD4	source_hvg_pseudobulk	1760	1	0.9997468541992128
SLE_GSE285773_CD4_to_SLE_GSE174188_CD4	SLE_GSE285773_CD4	SLE_GSE174188_CD4	source_hvg_pseudobulk	1763	1	0.9998304386897408
SLE_GSE285773_CD4_to_SLE_GSE174188_CD4	SLE_GSE285773_CD4	SLE_GSE174188_CD4	source_hvg_pseudobulk	1767	1	0.8080092294797105
SLE_GSE285773_CD4_to_SLE_GSE174188_CD4	SLE_GSE285773_CD4	SLE_GSE174188_CD4	source_hvg_pseudobulk	1768	1	0.9817829771154098
SLE_GSE285773_CD4_to_SLE_GSE174188_CD4	SLE_GSE285773_CD4	SLE_GSE174188_CD4	source_hvg_pseudobulk	1771	1	0.9999827479652944
SLE_GSE285773_CD4_to_SLE_GSE174188_CD4	SLE_GSE285773_CD4	SLE_GSE174188_CD4	source_hvg_pseudobulk	1772	1	0.9934562836422053
SLE_GSE285773_CD4_to_SLE_GSE174188_CD4	SLE_GSE285773_CD4	SLE_GSE174188_CD4	source_hvg_pseudobulk	1775	1	0.5999164451709067
SLE_GSE285773_CD4_to_SLE_GSE174188_CD4	SLE_GSE285773_CD4	SLE_GSE174188_CD4	source_hvg_pseudobulk	1785	1	0.991344006116964
SLE_GSE285773_CD4_to_SLE_GSE174188_CD4	SLE_GSE285773_CD4	SLE_GSE174188_CD4	source_hvg_pseudobulk	1791	1	0.998355820648942
SLE_GSE285773_CD4_to_SLE_GSE174188_CD4	SLE_GSE285773_CD4	SLE_GSE174188_CD4	source_hvg_pseudobulk	1799	1	0.0034948122018756945
SLE_GSE285773_CD4_to_SLE_GSE174188_CD4	SLE_GSE285773_CD4	SLE_GSE174188_CD4	source_hvg_pseudobulk	1804	1	0.004124305976126726
SLE_GSE285773_CD4_to_SLE_GSE174188_CD4	SLE_GSE285773_CD4	SLE_GSE174188_CD4	source_hvg_pseudobulk	1811	1	0.8557954436347824
SLE_GSE285773_CD4_to_SLE_GSE174188_CD4	SLE_GSE285773_CD4	SLE_GSE174188_CD4	source_hvg_pseudobulk	1815	1	0.9996604757355306
SLE_GSE285773_CD4_to_SLE_GSE174188_CD4	SLE_GSE285773_CD4	SLE_GSE174188_CD4	source_hvg_pseudobulk	1827	1	0.007757961506963891
SLE_GSE285773_CD4_to_SLE_GSE174188_CD4	SLE_GSE285773_CD4	SLE_GSE174188_CD4	source_hvg_pseudobulk	1829	1	0.23814611210895914
SLE_GSE285773_CD4_to_SLE_GSE174188_CD4	SLE_GSE285773_CD4	SLE_GSE174188_CD4	source_hvg_pseudobulk	1848	1	0.9690851909541925
SLE_GSE285773_CD4_to_SLE_GSE174188_CD4	SLE_GSE285773_CD4	SLE_GSE174188_CD4	source_hvg_pseudobulk	1857	1	0.9999723509886278
SLE_GSE285773_CD4_to_SLE_GSE174188_CD4	SLE_GSE285773_CD4	SLE_GSE174188_CD4	source_hvg_pseudobulk	1881	1	0.9998446215445854
SLE_GSE285773_CD4_to_SLE_GSE174188_CD4	SLE_GSE285773_CD4	SLE_GSE174188_CD4	source_hvg_pseudobulk	1886	1	0.037539890630623886
SLE_GSE285773_CD4_to_SLE_GSE174188_CD4	SLE_GSE285773_CD4	SLE_GSE174188_CD4	source_hvg_pseudobulk	1888	1	0.21018240465291452
SLE_GSE285773_CD4_to_SLE_GSE174188_CD4	SLE_GSE285773_CD4	SLE_GSE174188_CD4	source_hvg_pseudobulk	1891	1	0.04903322310950957
SLE_GSE285773_CD4_to_SLE_GSE174188_CD4	SLE_GSE285773_CD4	SLE_GSE174188_CD4	source_hvg_pseudobulk	1892	1	0.6196364309744322
SLE_GSE285773_CD4_to_SLE_GSE174188_CD4	SLE_GSE285773_CD4	SLE_GSE174188_CD4	source_hvg_pseudobulk	1909	1	0.1239488992574016
SLE_GSE285773_CD4_to_SLE_GSE174188_CD4	SLE_GSE285773_CD4	SLE_GSE174188_CD4	source_hvg_pseudobulk	1928	1	0.9836773116010775
SLE_GSE285773_CD4_to_SLE_GSE174188_CD4	SLE_GSE285773_CD4	SLE_GSE174188_CD4	source_hvg_pseudobulk	1941	1	0.9999984295400896
SLE_GSE285773_CD4_to_SLE_GSE174188_CD4	SLE_GSE285773_CD4	SLE_GSE174188_CD4	source_hvg_pseudobulk	1947	1	0.8547621577848993
SLE_GSE285773_CD4_to_SLE_GSE174188_CD4	SLE_GSE285773_CD4	SLE_GSE174188_CD4	source_hvg_pseudobulk	1958	1	0.005078531558093552
SLE_GSE285773_CD4_to_SLE_GSE174188_CD4	SLE_GSE285773_CD4	SLE_GSE174188_CD4	source_hvg_pseudobulk	1961	1	0.9999989952527276
SLE_GSE285773_CD4_to_SLE_GSE174188_CD4	SLE_GSE285773_CD4	SLE_GSE174188_CD4	source_hvg_pseudobulk	2061	1	0.9154844012025248
SLE_GSE285773_CD4_to_SLE_GSE174188_CD4	SLE_GSE285773_CD4	SLE_GSE174188_CD4	source_hvg_pseudobulk	2082	1	0.1680008052235823
SLE_GSE285773_CD4_to_SLE_GSE174188_CD4	SLE_GSE285773_CD4	SLE_GSE174188_CD4	source_hvg_pseudobulk	2132	1	0.9999967339235307
SLE_GSE285773_CD4_to_SLE_GSE174188_CD4	SLE_GSE285773_CD4	SLE_GSE174188_CD4	source_hvg_pseudobulk	2135	1	0.9952788636687314
SLE_GSE285773_CD4_to_SLE_GSE174188_CD4	SLE_GSE285773_CD4	SLE_GSE174188_CD4	source_hvg_pseudobulk	FLARE001	1	0.7456594709943088
SLE_GSE285773_CD4_to_SLE_GSE174188_CD4	SLE_GSE285773_CD4	SLE_GSE174188_CD4	source_hvg_pseudobulk	FLARE004	1	0.9185718070487014
SLE_GSE285773_CD4_to_SLE_GSE174188_CD4	SLE_GSE285773_CD4	SLE_GSE174188_CD4	source_hvg_pseudobulk	FLARE005	1	0.2939225324836582
SLE_GSE285773_CD4_to_SLE_GSE174188_CD4	SLE_GSE285773_CD4	SLE_GSE174188_CD4	source_hvg_pseudobulk	FLARE006	1	0.45253945400215095
SLE_GSE285773_CD4_to_SLE_GSE174188_CD4	SLE_GSE285773_CD4	SLE_GSE174188_CD4	source_hvg_pseudobulk	FLARE007	1	0.9999968720617397
SLE_GSE285773_CD4_to_SLE_GSE174188_CD4	SLE_GSE285773_CD4	SLE_GSE174188_CD4	source_hvg_pseudobulk	FLARE009	1	0.9999996158590257
SLE_GSE285773_CD4_to_SLE_GSE174188_CD4	SLE_GSE285773_CD4	SLE_GSE174188_CD4	source_hvg_pseudobulk	FLARE010	1	0.9999910147529902
SLE_GSE285773_CD4_to_SLE_GSE174188_CD4	SLE_GSE285773_CD4	SLE_GSE174188_CD4	source_hvg_pseudobulk	FLARE011	1	0.9994354386559543
SLE_GSE285773_CD4_to_SLE_GSE174188_CD4	SLE_GSE285773_CD4	SLE_GSE174188_CD4	source_hvg_pseudobulk	FLARE013	1	0.9996480241294698
SLE_GSE285773_CD4_to_SLE_GSE174188_CD4	SLE_GSE285773_CD4	SLE_GSE174188_CD4	source_hvg_pseudobulk	FLARE014	1	0.4618838713941959
SLE_GSE285773_CD4_to_SLE_GSE174188_CD4	SLE_GSE285773_CD4	SLE_GSE174188_CD4	source_hvg_pseudobulk	FLARE015	1	0.9997695364665214
SLE_GSE285773_CD4_to_SLE_GSE174188_CD4	SLE_GSE285773_CD4	SLE_GSE174188_CD4	source_hvg_pseudobulk	FLARE016	1	0.9751589637301757
SLE_GSE285773_CD4_to_SLE_GSE174188_CD4	SLE_GSE285773_CD4	SLE_GSE174188_CD4	source_hvg_pseudobulk	FLARE017	1	0.9999727384391043
SLE_GSE285773_CD4_to_SLE_GSE174188_CD4	SLE_GSE285773_CD4	SLE_GSE174188_CD4	source_hvg_pseudobulk	FLARE020	1	0.3810790875369687
SLE_GSE285773_CD4_to_SLE_GSE174188_CD4	SLE_GSE285773_CD4	SLE_GSE174188_CD4	source_hvg_pseudobulk	HC-002	0	0.001549843472268677
SLE_GSE285773_CD4_to_SLE_GSE174188_CD4	SLE_GSE285773_CD4	SLE_GSE174188_CD4	source_hvg_pseudobulk	HC-006	0	0.4572409081650034
SLE_GSE285773_CD4_to_SLE_GSE174188_CD4	SLE_GSE285773_CD4	SLE_GSE174188_CD4	source_hvg_pseudobulk	HC-008	0	0.00041214971970043553
SLE_GSE285773_CD4_to_SLE_GSE174188_CD4	SLE_GSE285773_CD4	SLE_GSE174188_CD4	source_hvg_pseudobulk	HC-009	0	0.0013612446124214533
SLE_GSE285773_CD4_to_SLE_GSE174188_CD4	SLE_GSE285773_CD4	SLE_GSE174188_CD4	source_hvg_pseudobulk	HC-011	0	0.2924271980665254
SLE_GSE285773_CD4_to_SLE_GSE174188_CD4	SLE_GSE285773_CD4	SLE_GSE174188_CD4	source_hvg_pseudobulk	HC-014	0	0.20009803641054122
SLE_GSE285773_CD4_to_SLE_GSE174188_CD4	SLE_GSE285773_CD4	SLE_GSE174188_CD4	source_hvg_pseudobulk	HC-015	0	0.008227011403017946
SLE_GSE285773_CD4_to_SLE_GSE174188_CD4	SLE_GSE285773_CD4	SLE_GSE174188_CD4	source_hvg_pseudobulk	HC-019	0	0.47061825862566664
SLE_GSE285773_CD4_to_SLE_GSE174188_CD4	SLE_GSE285773_CD4	SLE_GSE174188_CD4	source_hvg_pseudobulk	HC-020	0	0.0028026055801868787
SLE_GSE285773_CD4_to_SLE_GSE174188_CD4	SLE_GSE285773_CD4	SLE_GSE174188_CD4	source_hvg_pseudobulk	HC-022	0	0.3978552766695304
SLE_GSE285773_CD4_to_SLE_GSE174188_CD4	SLE_GSE285773_CD4	SLE_GSE174188_CD4	source_hvg_pseudobulk	HC-500	0	0.7129463484410045
SLE_GSE285773_CD4_to_SLE_GSE174188_CD4	SLE_GSE285773_CD4	SLE_GSE174188_CD4	source_hvg_pseudobulk	HC-501	0	0.01825346380614945
SLE_GSE285773_CD4_to_SLE_GSE174188_CD4	SLE_GSE285773_CD4	SLE_GSE174188_CD4	source_hvg_pseudobulk	HC-502	0	0.026206041037370238
SLE_GSE285773_CD4_to_SLE_GSE174188_CD4	SLE_GSE285773_CD4	SLE_GSE174188_CD4	source_hvg_pseudobulk	HC-503	0	0.06553110614305448
SLE_GSE285773_CD4_to_SLE_GSE174188_CD4	SLE_GSE285773_CD4	SLE_GSE174188_CD4	source_hvg_pseudobulk	HC-504	0	0.01902458334405166
SLE_GSE285773_CD4_to_SLE_GSE174188_CD4	SLE_GSE285773_CD4	SLE_GSE174188_CD4	source_hvg_pseudobulk	HC-506	0	0.09387763435055917
SLE_GSE285773_CD4_to_SLE_GSE174188_CD4	SLE_GSE285773_CD4	SLE_GSE174188_CD4	source_hvg_pseudobulk	HC-508	0	0.2726713587513515
SLE_GSE285773_CD4_to_SLE_GSE174188_CD4	SLE_GSE285773_CD4	SLE_GSE174188_CD4	source_hvg_pseudobulk	HC-512	0	0.8957152225596867
SLE_GSE285773_CD4_to_SLE_GSE174188_CD4	SLE_GSE285773_CD4	SLE_GSE174188_CD4	source_hvg_pseudobulk	HC-516	0	0.04863566681532518
SLE_GSE285773_CD4_to_SLE_GSE174188_CD4	SLE_GSE285773_CD4	SLE_GSE174188_CD4	source_hvg_pseudobulk	HC-519	0	0.04745210976838831
SLE_GSE285773_CD4_to_SLE_GSE174188_CD4	SLE_GSE285773_CD4	SLE_GSE174188_CD4	source_hvg_pseudobulk	HC-520	0	0.02687219170717762
SLE_GSE285773_CD4_to_SLE_GSE174188_CD4	SLE_GSE285773_CD4	SLE_GSE174188_CD4	source_hvg_pseudobulk	HC-524	0	0.30498520785360383
SLE_GSE285773_CD4_to_SLE_GSE174188_CD4	SLE_GSE285773_CD4	SLE_GSE174188_CD4	source_hvg_pseudobulk	HC-526	0	0.4077921111079039
SLE_GSE285773_CD4_to_SLE_GSE174188_CD4	SLE_GSE285773_CD4	SLE_GSE174188_CD4	source_hvg_pseudobulk	HC-531	0	0.06801567586523499
SLE_GSE285773_CD4_to_SLE_GSE174188_CD4	SLE_GSE285773_CD4	SLE_GSE174188_CD4	source_hvg_pseudobulk	HC-532	0	0.32041091808682565
SLE_GSE285773_CD4_to_SLE_GSE174188_CD4	SLE_GSE285773_CD4	SLE_GSE174188_CD4	source_hvg_pseudobulk	HC-533	0	0.002192446888013708
SLE_GSE285773_CD4_to_SLE_GSE174188_CD4	SLE_GSE285773_CD4	SLE_GSE174188_CD4	source_hvg_pseudobulk	HC-536	0	0.03404954773273641
SLE_GSE285773_CD4_to_SLE_GSE174188_CD4	SLE_GSE285773_CD4	SLE_GSE174188_CD4	source_hvg_pseudobulk	HC-538	0	0.059013836882348944
SLE_GSE285773_CD4_to_SLE_GSE174188_CD4	SLE_GSE285773_CD4	SLE_GSE174188_CD4	source_hvg_pseudobulk	HC-540	0	0.7993804049832894
SLE_GSE285773_CD4_to_SLE_GSE174188_CD4	SLE_GSE285773_CD4	SLE_GSE174188_CD4	source_hvg_pseudobulk	HC-541	0	0.10141424970305159
SLE_GSE285773_CD4_to_SLE_GSE174188_CD4	SLE_GSE285773_CD4	SLE_GSE174188_CD4	source_hvg_pseudobulk	HC-543	0	0.10031066480388978
SLE_GSE285773_CD4_to_SLE_GSE174188_CD4	SLE_GSE285773_CD4	SLE_GSE174188_CD4	source_hvg_pseudobulk	HC-545	0	0.7778899382585154
SLE_GSE285773_CD4_to_SLE_GSE174188_CD4	SLE_GSE285773_CD4	SLE_GSE174188_CD4	source_hvg_pseudobulk	HC-546	0	0.3972964157363177
SLE_GSE285773_CD4_to_SLE_GSE174188_CD4	SLE_GSE285773_CD4	SLE_GSE174188_CD4	source_hvg_pseudobulk	HC-551	0	0.10436514845801614
SLE_GSE285773_CD4_to_SLE_GSE174188_CD4	SLE_GSE285773_CD4	SLE_GSE174188_CD4	source_hvg_pseudobulk	HC-552	0	0.2562017978833911
SLE_GSE285773_CD4_to_SLE_GSE174188_CD4	SLE_GSE285773_CD4	SLE_GSE174188_CD4	source_hvg_pseudobulk	HC-554	0	0.10106249038744818
SLE_GSE285773_CD4_to_SLE_GSE174188_CD4	SLE_GSE285773_CD4	SLE_GSE174188_CD4	source_hvg_pseudobulk	HC-556	0	0.0006106549607475084
SLE_GSE285773_CD4_to_SLE_GSE174188_CD4	SLE_GSE285773_CD4	SLE_GSE174188_CD4	source_hvg_pseudobulk	HC-558	0	0.03171630508787712
SLE_GSE285773_CD4_to_SLE_GSE174188_CD4	SLE_GSE285773_CD4	SLE_GSE174188_CD4	source_hvg_pseudobulk	HC-563	0	0.03374009128811316
SLE_GSE285773_CD4_to_SLE_GSE174188_CD4	SLE_GSE285773_CD4	SLE_GSE174188_CD4	source_hvg_pseudobulk	HC-566	0	0.025119192398792393
SLE_GSE285773_CD4_to_SLE_GSE174188_CD4	SLE_GSE285773_CD4	SLE_GSE174188_CD4	source_hvg_pseudobulk	HC-567	0	0.16653606666232457
SLE_GSE285773_CD4_to_SLE_GSE174188_CD4	SLE_GSE285773_CD4	SLE_GSE174188_CD4	source_hvg_pseudobulk	HC-571	0	0.3915076365351895
SLE_GSE285773_CD4_to_SLE_GSE174188_CD4	SLE_GSE285773_CD4	SLE_GSE174188_CD4	source_hvg_pseudobulk	HC-572	0	0.03533422698924731
SLE_GSE285773_CD4_to_SLE_GSE174188_CD4	SLE_GSE285773_CD4	SLE_GSE174188_CD4	source_hvg_pseudobulk	HC-573	0	0.049113826707460985
SLE_GSE285773_CD4_to_SLE_GSE174188_CD4	SLE_GSE285773_CD4	SLE_GSE174188_CD4	source_hvg_pseudobulk	HC-574	0	0.13473972709804988
SLE_GSE285773_CD4_to_SLE_GSE174188_CD4	SLE_GSE285773_CD4	SLE_GSE174188_CD4	source_hvg_pseudobulk	HC-578	0	0.3868824823030423
SLE_GSE285773_CD4_to_SLE_GSE174188_CD4	SLE_GSE285773_CD4	SLE_GSE174188_CD4	source_hvg_pseudobulk	HC-580	0	0.028211188666512114
SLE_GSE285773_CD4_to_SLE_GSE174188_CD4	SLE_GSE285773_CD4	SLE_GSE174188_CD4	source_hvg_pseudobulk	HC-585	0	0.0015695167066389023
SLE_GSE285773_CD4_to_SLE_GSE174188_CD4	SLE_GSE285773_CD4	SLE_GSE174188_CD4	source_hvg_pseudobulk	ICC_control	0	0.00837775961394227
SLE_GSE285773_CD4_to_SLE_GSE174188_CD4	SLE_GSE285773_CD4	SLE_GSE174188_CD4	source_hvg_pseudobulk	IGTB1290	0	0.004400564963341352
SLE_GSE285773_CD4_to_SLE_GSE174188_CD4	SLE_GSE285773_CD4	SLE_GSE174188_CD4	source_hvg_pseudobulk	IGTB1372	0	0.0018260723227876419
SLE_GSE285773_CD4_to_SLE_GSE174188_CD4	SLE_GSE285773_CD4	SLE_GSE174188_CD4	source_hvg_pseudobulk	IGTB141	0	0.003106371694231182
SLE_GSE285773_CD4_to_SLE_GSE174188_CD4	SLE_GSE285773_CD4	SLE_GSE174188_CD4	source_hvg_pseudobulk	IGTB143	0	7.162882392643775e-05
SLE_GSE285773_CD4_to_SLE_GSE174188_CD4	SLE_GSE285773_CD4	SLE_GSE174188_CD4	source_hvg_pseudobulk	IGTB1506	0	0.0005620648724291016
SLE_GSE285773_CD4_to_SLE_GSE174188_CD4	SLE_GSE285773_CD4	SLE_GSE174188_CD4	source_hvg_pseudobulk	IGTB1539	0	0.00198994526196604
SLE_GSE285773_CD4_to_SLE_GSE174188_CD4	SLE_GSE285773_CD4	SLE_GSE174188_CD4	source_hvg_pseudobulk	IGTB1540	0	0.001068028112128081
SLE_GSE285773_CD4_to_SLE_GSE174188_CD4	SLE_GSE285773_CD4	SLE_GSE174188_CD4	source_hvg_pseudobulk	IGTB1542	0	0.00010782136432721986
SLE_GSE285773_CD4_to_SLE_GSE174188_CD4	SLE_GSE285773_CD4	SLE_GSE174188_CD4	source_hvg_pseudobulk	IGTB1575	0	0.0002762391420160747
SLE_GSE285773_CD4_to_SLE_GSE174188_CD4	SLE_GSE285773_CD4	SLE_GSE174188_CD4	source_hvg_pseudobulk	IGTB1650	0	0.013352077719591864
SLE_GSE285773_CD4_to_SLE_GSE174188_CD4	SLE_GSE285773_CD4	SLE_GSE174188_CD4	source_hvg_pseudobulk	IGTB1731	0	0.0007082423414082743
SLE_GSE285773_CD4_to_SLE_GSE174188_CD4	SLE_GSE285773_CD4	SLE_GSE174188_CD4	source_hvg_pseudobulk	IGTB1762	0	0.0007836484730967886
SLE_GSE285773_CD4_to_SLE_GSE174188_CD4	SLE_GSE285773_CD4	SLE_GSE174188_CD4	source_hvg_pseudobulk	IGTB1768	0	0.000891953831890371
SLE_GSE285773_CD4_to_SLE_GSE174188_CD4	SLE_GSE285773_CD4	SLE_GSE174188_CD4	source_hvg_pseudobulk	IGTB1789	0	5.228115001754001e-06
SLE_GSE285773_CD4_to_SLE_GSE174188_CD4	SLE_GSE285773_CD4	SLE_GSE174188_CD4	source_hvg_pseudobulk	IGTB1793	0	0.00010904760866620591
SLE_GSE285773_CD4_to_SLE_GSE174188_CD4	SLE_GSE285773_CD4	SLE_GSE174188_CD4	source_hvg_pseudobulk	IGTB1814	0	0.001853636283393958
SLE_GSE285773_CD4_to_SLE_GSE174188_CD4	SLE_GSE285773_CD4	SLE_GSE174188_CD4	source_hvg_pseudobulk	IGTB1815	0	0.00021167334207142027
SLE_GSE285773_CD4_to_SLE_GSE174188_CD4	SLE_GSE285773_CD4	SLE_GSE174188_CD4	source_hvg_pseudobulk	IGTB1819	0	1.7561642777296e-06
SLE_GSE285773_CD4_to_SLE_GSE174188_CD4	SLE_GSE285773_CD4	SLE_GSE174188_CD4	source_hvg_pseudobulk	IGTB1826	0	0.0013742323203572017
SLE_GSE285773_CD4_to_SLE_GSE174188_CD4	SLE_GSE285773_CD4	SLE_GSE174188_CD4	source_hvg_pseudobulk	IGTB1827	0	0.00040729727601815976
SLE_GSE285773_CD4_to_SLE_GSE174188_CD4	SLE_GSE285773_CD4	SLE_GSE174188_CD4	source_hvg_pseudobulk	IGTB1828	0	0.00027638286889782683
SLE_GSE285773_CD4_to_SLE_GSE174188_CD4	SLE_GSE285773_CD4	SLE_GSE174188_CD4	source_hvg_pseudobulk	IGTB1840	0	7.161598291508429e-06
SLE_GSE285773_CD4_to_SLE_GSE174188_CD4	SLE_GSE285773_CD4	SLE_GSE174188_CD4	source_hvg_pseudobulk	IGTB1844	0	0.019170263526734843
SLE_GSE285773_CD4_to_SLE_GSE174188_CD4	SLE_GSE285773_CD4	SLE_GSE174188_CD4	source_hvg_pseudobulk	IGTB1871	0	0.00025350477283493547
SLE_GSE285773_CD4_to_SLE_GSE174188_CD4	SLE_GSE285773_CD4	SLE_GSE174188_CD4	source_hvg_pseudobulk	IGTB1895	0	8.063163482942845e-05
SLE_GSE285773_CD4_to_SLE_GSE174188_CD4	SLE_GSE285773_CD4	SLE_GSE174188_CD4	source_hvg_pseudobulk	IGTB1901	0	3.200073328622785e-06
SLE_GSE285773_CD4_to_SLE_GSE174188_CD4	SLE_GSE285773_CD4	SLE_GSE174188_CD4	source_hvg_pseudobulk	IGTB1906	0	0.00026089473389820833
SLE_GSE285773_CD4_to_SLE_GSE174188_CD4	SLE_GSE285773_CD4	SLE_GSE174188_CD4	source_hvg_pseudobulk	IGTB1908	0	0.004712285982244823
SLE_GSE285773_CD4_to_SLE_GSE174188_CD4	SLE_GSE285773_CD4	SLE_GSE174188_CD4	source_hvg_pseudobulk	IGTB1913	0	0.0014638347539167975
SLE_GSE285773_CD4_to_SLE_GSE174188_CD4	SLE_GSE285773_CD4	SLE_GSE174188_CD4	source_hvg_pseudobulk	IGTB1916	0	0.0005452145689951866
SLE_GSE285773_CD4_to_SLE_GSE174188_CD4	SLE_GSE285773_CD4	SLE_GSE174188_CD4	source_hvg_pseudobulk	IGTB1921	0	0.0004754396107739631
SLE_GSE285773_CD4_to_SLE_GSE174188_CD4	SLE_GSE285773_CD4	SLE_GSE174188_CD4	source_hvg_pseudobulk	IGTB195	0	0.0021172098226715755
SLE_GSE285773_CD4_to_SLE_GSE174188_CD4	SLE_GSE285773_CD4	SLE_GSE174188_CD4	source_hvg_pseudobulk	IGTB1952	0	0.00034389174729666403
SLE_GSE285773_CD4_to_SLE_GSE174188_CD4	SLE_GSE285773_CD4	SLE_GSE174188_CD4	source_hvg_pseudobulk	IGTB1966	0	5.157114577482305e-05
SLE_GSE285773_CD4_to_SLE_GSE174188_CD4	SLE_GSE285773_CD4	SLE_GSE174188_CD4	source_hvg_pseudobulk	IGTB1974	0	0.00044239225369113413
SLE_GSE285773_CD4_to_SLE_GSE174188_CD4	SLE_GSE285773_CD4	SLE_GSE174188_CD4	source_hvg_pseudobulk	IGTB1982	0	4.097292140587051e-06
SLE_GSE285773_CD4_to_SLE_GSE174188_CD4	SLE_GSE285773_CD4	SLE_GSE174188_CD4	source_hvg_pseudobulk	IGTB1987	0	0.0007036929406004414
SLE_GSE285773_CD4_to_SLE_GSE174188_CD4	SLE_GSE285773_CD4	SLE_GSE174188_CD4	source_hvg_pseudobulk	IGTB1996	0	0.0006745421346002206
SLE_GSE285773_CD4_to_SLE_GSE174188_CD4	SLE_GSE285773_CD4	SLE_GSE174188_CD4	source_hvg_pseudobulk	IGTB2007	0	2.5621632735985986e-05
SLE_GSE285773_CD4_to_SLE_GSE174188_CD4	SLE_GSE285773_CD4	SLE_GSE174188_CD4	source_hvg_pseudobulk	IGTB2065	0	1.1794292895282576e-05
SLE_GSE285773_CD4_to_SLE_GSE174188_CD4	SLE_GSE285773_CD4	SLE_GSE174188_CD4	source_hvg_pseudobulk	IGTB256	0	0.0039385611645046045
SLE_GSE285773_CD4_to_SLE_GSE174188_CD4	SLE_GSE285773_CD4	SLE_GSE174188_CD4	source_hvg_pseudobulk	IGTB469	0	0.0016245667636538398
SLE_GSE285773_CD4_to_SLE_GSE174188_CD4	SLE_GSE285773_CD4	SLE_GSE174188_CD4	source_hvg_pseudobulk	IGTB498	0	0.0009627148310210757
SLE_GSE285773_CD4_to_SLE_GSE174188_CD4	SLE_GSE285773_CD4	SLE_GSE174188_CD4	source_hvg_pseudobulk	IGTB508	0	0.0002130318101852555
SLE_GSE285773_CD4_to_SLE_GSE174188_CD4	SLE_GSE285773_CD4	SLE_GSE174188_CD4	source_hvg_pseudobulk	IGTB514	0	0.0008530750068101354
SLE_GSE285773_CD4_to_SLE_GSE174188_CD4	SLE_GSE285773_CD4	SLE_GSE174188_CD4	source_hvg_pseudobulk	IGTB645	0	2.8907777340970106e-05
SLE_GSE285773_CD4_to_SLE_GSE174188_CD4	SLE_GSE285773_CD4	SLE_GSE174188_CD4	source_hvg_pseudobulk	IGTB670	0	0.0008313003039635936
SLE_GSE285773_CD4_to_SLE_GSE174188_CD4	SLE_GSE285773_CD4	SLE_GSE174188_CD4	source_hvg_pseudobulk	IGTB826	0	0.001468763317163852
SLE_GSE285773_CD4_to_SLE_GSE174188_CD4	SLE_GSE285773_CD4	SLE_GSE174188_CD4	source_hvg_pseudobulk	IGTB884	0	0.0006372123792012914
SLE_GSE285773_CD4_to_SLE_GSE174188_CD4	SLE_GSE285773_CD4	SLE_GSE174188_CD4	source_hvg_pseudobulk	IGTB986	0	0.022074384413425005
SLE_GSE285773_CD4_to_SLE_GSE174188_CD4	SLE_GSE285773_CD4	SLE_GSE174188_CD4	source_pca_pseudobulk	1004	1	0.636504659642252
SLE_GSE285773_CD4_to_SLE_GSE174188_CD4	SLE_GSE285773_CD4	SLE_GSE174188_CD4	source_pca_pseudobulk	1014	1	0.8698969638422972
SLE_GSE285773_CD4_to_SLE_GSE174188_CD4	SLE_GSE285773_CD4	SLE_GSE174188_CD4	source_pca_pseudobulk	1015	1	0.8408105504496369
SLE_GSE285773_CD4_to_SLE_GSE174188_CD4	SLE_GSE285773_CD4	SLE_GSE174188_CD4	source_pca_pseudobulk	1019	1	0.3072562123187299
SLE_GSE285773_CD4_to_SLE_GSE174188_CD4	SLE_GSE285773_CD4	SLE_GSE174188_CD4	source_pca_pseudobulk	1022	1	0.9319821849654139
SLE_GSE285773_CD4_to_SLE_GSE174188_CD4	SLE_GSE285773_CD4	SLE_GSE174188_CD4	source_pca_pseudobulk	1031	1	0.7567248772572209
SLE_GSE285773_CD4_to_SLE_GSE174188_CD4	SLE_GSE285773_CD4	SLE_GSE174188_CD4	source_pca_pseudobulk	1039	1	0.7344670288928623
SLE_GSE285773_CD4_to_SLE_GSE174188_CD4	SLE_GSE285773_CD4	SLE_GSE174188_CD4	source_pca_pseudobulk	1045	1	0.9790674367071717
SLE_GSE285773_CD4_to_SLE_GSE174188_CD4	SLE_GSE285773_CD4	SLE_GSE174188_CD4	source_pca_pseudobulk	1046	1	0.6597407024843764
SLE_GSE285773_CD4_to_SLE_GSE174188_CD4	SLE_GSE285773_CD4	SLE_GSE174188_CD4	source_pca_pseudobulk	1051	1	0.8993306870514698
SLE_GSE285773_CD4_to_SLE_GSE174188_CD4	SLE_GSE285773_CD4	SLE_GSE174188_CD4	source_pca_pseudobulk	1054	1	0.30365898186586293
SLE_GSE285773_CD4_to_SLE_GSE174188_CD4	SLE_GSE285773_CD4	SLE_GSE174188_CD4	source_pca_pseudobulk	1056	1	0.67175693096512
SLE_GSE285773_CD4_to_SLE_GSE174188_CD4	SLE_GSE285773_CD4	SLE_GSE174188_CD4	source_pca_pseudobulk	1063	1	0.4510356710030907
SLE_GSE285773_CD4_to_SLE_GSE174188_CD4	SLE_GSE285773_CD4	SLE_GSE174188_CD4	source_pca_pseudobulk	1068	1	0.49027331301322186
SLE_GSE285773_CD4_to_SLE_GSE174188_CD4	SLE_GSE285773_CD4	SLE_GSE174188_CD4	source_pca_pseudobulk	1078	1	0.9605469223244724
SLE_GSE285773_CD4_to_SLE_GSE174188_CD4	SLE_GSE285773_CD4	SLE_GSE174188_CD4	source_pca_pseudobulk	1087	1	0.41401961888230415
SLE_GSE285773_CD4_to_SLE_GSE174188_CD4	SLE_GSE285773_CD4	SLE_GSE174188_CD4	source_pca_pseudobulk	1101	1	0.953826631322786
SLE_GSE285773_CD4_to_SLE_GSE174188_CD4	SLE_GSE285773_CD4	SLE_GSE174188_CD4	source_pca_pseudobulk	1110	1	0.5044685179698576
SLE_GSE285773_CD4_to_SLE_GSE174188_CD4	SLE_GSE285773_CD4	SLE_GSE174188_CD4	source_pca_pseudobulk	1119	1	0.8963595592413945
SLE_GSE285773_CD4_to_SLE_GSE174188_CD4	SLE_GSE285773_CD4	SLE_GSE174188_CD4	source_pca_pseudobulk	1121	1	0.8256185465640957
SLE_GSE285773_CD4_to_SLE_GSE174188_CD4	SLE_GSE285773_CD4	SLE_GSE174188_CD4	source_pca_pseudobulk	1122	1	0.2953304567218074
SLE_GSE285773_CD4_to_SLE_GSE174188_CD4	SLE_GSE285773_CD4	SLE_GSE174188_CD4	source_pca_pseudobulk	1127	1	0.1447436389491378
SLE_GSE285773_CD4_to_SLE_GSE174188_CD4	SLE_GSE285773_CD4	SLE_GSE174188_CD4	source_pca_pseudobulk	1130	1	0.8784703592710518
SLE_GSE285773_CD4_to_SLE_GSE174188_CD4	SLE_GSE285773_CD4	SLE_GSE174188_CD4	source_pca_pseudobulk	1132	1	0.8249309384560655
SLE_GSE285773_CD4_to_SLE_GSE174188_CD4	SLE_GSE285773_CD4	SLE_GSE174188_CD4	source_pca_pseudobulk	1165	1	0.9847984942551398
SLE_GSE285773_CD4_to_SLE_GSE174188_CD4	SLE_GSE285773_CD4	SLE_GSE174188_CD4	source_pca_pseudobulk	1193	1	0.8804858734947801
SLE_GSE285773_CD4_to_SLE_GSE174188_CD4	SLE_GSE285773_CD4	SLE_GSE174188_CD4	source_pca_pseudobulk	1195	1	0.8291455197282098
SLE_GSE285773_CD4_to_SLE_GSE174188_CD4	SLE_GSE285773_CD4	SLE_GSE174188_CD4	source_pca_pseudobulk	1196	1	0.7147234787548761
SLE_GSE285773_CD4_to_SLE_GSE174188_CD4	SLE_GSE285773_CD4	SLE_GSE174188_CD4	source_pca_pseudobulk	1197	1	0.9470065262903485
SLE_GSE285773_CD4_to_SLE_GSE174188_CD4	SLE_GSE285773_CD4	SLE_GSE174188_CD4	source_pca_pseudobulk	1203	1	0.24488561836190625
SLE_GSE285773_CD4_to_SLE_GSE174188_CD4	SLE_GSE285773_CD4	SLE_GSE174188_CD4	source_pca_pseudobulk	1216	1	0.19962194592966925
SLE_GSE285773_CD4_to_SLE_GSE174188_CD4	SLE_GSE285773_CD4	SLE_GSE174188_CD4	source_pca_pseudobulk	1219	1	0.0971385136667914
SLE_GSE285773_CD4_to_SLE_GSE174188_CD4	SLE_GSE285773_CD4	SLE_GSE174188_CD4	source_pca_pseudobulk	1221	1	0.6425819384133415
SLE_GSE285773_CD4_to_SLE_GSE174188_CD4	SLE_GSE285773_CD4	SLE_GSE174188_CD4	source_pca_pseudobulk	1222	1	0.877834362780512
SLE_GSE285773_CD4_to_SLE_GSE174188_CD4	SLE_GSE285773_CD4	SLE_GSE174188_CD4	source_pca_pseudobulk	1225	1	0.8894720513298703
SLE_GSE285773_CD4_to_SLE_GSE174188_CD4	SLE_GSE285773_CD4	SLE_GSE174188_CD4	source_pca_pseudobulk	1226	1	0.9036777784860516
SLE_GSE285773_CD4_to_SLE_GSE174188_CD4	SLE_GSE285773_CD4	SLE_GSE174188_CD4	source_pca_pseudobulk	1234	1	0.7146700677712029
SLE_GSE285773_CD4_to_SLE_GSE174188_CD4	SLE_GSE285773_CD4	SLE_GSE174188_CD4	source_pca_pseudobulk	1240	1	0.7963920269274897
SLE_GSE285773_CD4_to_SLE_GSE174188_CD4	SLE_GSE285773_CD4	SLE_GSE174188_CD4	source_pca_pseudobulk	1243	1	0.20292463399881933
SLE_GSE285773_CD4_to_SLE_GSE174188_CD4	SLE_GSE285773_CD4	SLE_GSE174188_CD4	source_pca_pseudobulk	1248	1	0.6989970834714988
SLE_GSE285773_CD4_to_SLE_GSE174188_CD4	SLE_GSE285773_CD4	SLE_GSE174188_CD4	source_pca_pseudobulk	1249	1	0.17185803486645113
SLE_GSE285773_CD4_to_SLE_GSE174188_CD4	SLE_GSE285773_CD4	SLE_GSE174188_CD4	source_pca_pseudobulk	1250	1	0.783108289685451
SLE_GSE285773_CD4_to_SLE_GSE174188_CD4	SLE_GSE285773_CD4	SLE_GSE174188_CD4	source_pca_pseudobulk	1251	1	0.6630782772985001
SLE_GSE285773_CD4_to_SLE_GSE174188_CD4	SLE_GSE285773_CD4	SLE_GSE174188_CD4	source_pca_pseudobulk	1256	1	0.36246064909667275
SLE_GSE285773_CD4_to_SLE_GSE174188_CD4	SLE_GSE285773_CD4	SLE_GSE174188_CD4	source_pca_pseudobulk	1259	1	0.5397664533544875
SLE_GSE285773_CD4_to_SLE_GSE174188_CD4	SLE_GSE285773_CD4	SLE_GSE174188_CD4	source_pca_pseudobulk	1262	1	0.3704418984428872
SLE_GSE285773_CD4_to_SLE_GSE174188_CD4	SLE_GSE285773_CD4	SLE_GSE174188_CD4	source_pca_pseudobulk	1270	1	0.807206314447272
SLE_GSE285773_CD4_to_SLE_GSE174188_CD4	SLE_GSE285773_CD4	SLE_GSE174188_CD4	source_pca_pseudobulk	1279	1	0.857889154869919
SLE_GSE285773_CD4_to_SLE_GSE174188_CD4	SLE_GSE285773_CD4	SLE_GSE174188_CD4	source_pca_pseudobulk	1281	1	0.4653947333674575
SLE_GSE285773_CD4_to_SLE_GSE174188_CD4	SLE_GSE285773_CD4	SLE_GSE174188_CD4	source_pca_pseudobulk	1285	1	0.9520996545915725
SLE_GSE285773_CD4_to_SLE_GSE174188_CD4	SLE_GSE285773_CD4	SLE_GSE174188_CD4	source_pca_pseudobulk	1294	1	0.3130272396766113
SLE_GSE285773_CD4_to_SLE_GSE174188_CD4	SLE_GSE285773_CD4	SLE_GSE174188_CD4	source_pca_pseudobulk	1297	1	0.4586183975239056
SLE_GSE285773_CD4_to_SLE_GSE174188_CD4	SLE_GSE285773_CD4	SLE_GSE174188_CD4	source_pca_pseudobulk	1315	1	0.6848825117267683
SLE_GSE285773_CD4_to_SLE_GSE174188_CD4	SLE_GSE285773_CD4	SLE_GSE174188_CD4	source_pca_pseudobulk	1320	1	0.9418481621129964
SLE_GSE285773_CD4_to_SLE_GSE174188_CD4	SLE_GSE285773_CD4	SLE_GSE174188_CD4	source_pca_pseudobulk	1324	1	0.9626675204296817
SLE_GSE285773_CD4_to_SLE_GSE174188_CD4	SLE_GSE285773_CD4	SLE_GSE174188_CD4	source_pca_pseudobulk	1325	1	0.8937419493949236
SLE_GSE285773_CD4_to_SLE_GSE174188_CD4	SLE_GSE285773_CD4	SLE_GSE174188_CD4	source_pca_pseudobulk	1326	1	0.6895845898126278
SLE_GSE285773_CD4_to_SLE_GSE174188_CD4	SLE_GSE285773_CD4	SLE_GSE174188_CD4	source_pca_pseudobulk	1329	1	0.6518275612354792
SLE_GSE285773_CD4_to_SLE_GSE174188_CD4	SLE_GSE285773_CD4	SLE_GSE174188_CD4	source_pca_pseudobulk	1333	1	0.3945806198595293
SLE_GSE285773_CD4_to_SLE_GSE174188_CD4	SLE_GSE285773_CD4	SLE_GSE174188_CD4	source_pca_pseudobulk	1334	1	0.6374645924591964
SLE_GSE285773_CD4_to_SLE_GSE174188_CD4	SLE_GSE285773_CD4	SLE_GSE174188_CD4	source_pca_pseudobulk	1337	1	0.28133645413180663
SLE_GSE285773_CD4_to_SLE_GSE174188_CD4	SLE_GSE285773_CD4	SLE_GSE174188_CD4	source_pca_pseudobulk	1338	1	0.2848512436479813
SLE_GSE285773_CD4_to_SLE_GSE174188_CD4	SLE_GSE285773_CD4	SLE_GSE174188_CD4	source_pca_pseudobulk	1340	1	0.8370812784625342
SLE_GSE285773_CD4_to_SLE_GSE174188_CD4	SLE_GSE285773_CD4	SLE_GSE174188_CD4	source_pca_pseudobulk	1341	1	0.0828168379993155
SLE_GSE285773_CD4_to_SLE_GSE174188_CD4	SLE_GSE285773_CD4	SLE_GSE174188_CD4	source_pca_pseudobulk	1366	1	0.8591844720534974
SLE_GSE285773_CD4_to_SLE_GSE174188_CD4	SLE_GSE285773_CD4	SLE_GSE174188_CD4	source_pca_pseudobulk	1368	1	0.3862630212298536
SLE_GSE285773_CD4_to_SLE_GSE174188_CD4	SLE_GSE285773_CD4	SLE_GSE174188_CD4	source_pca_pseudobulk	1404	1	0.8190246289041532
SLE_GSE285773_CD4_to_SLE_GSE174188_CD4	SLE_GSE285773_CD4	SLE_GSE174188_CD4	source_pca_pseudobulk	1414	1	0.7131774393425241
SLE_GSE285773_CD4_to_SLE_GSE174188_CD4	SLE_GSE285773_CD4	SLE_GSE174188_CD4	source_pca_pseudobulk	1417	1	0.9491445726104927
SLE_GSE285773_CD4_to_SLE_GSE174188_CD4	SLE_GSE285773_CD4	SLE_GSE174188_CD4	source_pca_pseudobulk	1418	1	0.7653777299304619
SLE_GSE285773_CD4_to_SLE_GSE174188_CD4	SLE_GSE285773_CD4	SLE_GSE174188_CD4	source_pca_pseudobulk	1419	1	0.48828350594859443
SLE_GSE285773_CD4_to_SLE_GSE174188_CD4	SLE_GSE285773_CD4	SLE_GSE174188_CD4	source_pca_pseudobulk	1420	1	0.4179636508076754
SLE_GSE285773_CD4_to_SLE_GSE174188_CD4	SLE_GSE285773_CD4	SLE_GSE174188_CD4	source_pca_pseudobulk	1445	1	0.6338157657128727
SLE_GSE285773_CD4_to_SLE_GSE174188_CD4	SLE_GSE285773_CD4	SLE_GSE174188_CD4	source_pca_pseudobulk	1452	1	0.15040874019735406
SLE_GSE285773_CD4_to_SLE_GSE174188_CD4	SLE_GSE285773_CD4	SLE_GSE174188_CD4	source_pca_pseudobulk	1472	1	0.9501091975845618
SLE_GSE285773_CD4_to_SLE_GSE174188_CD4	SLE_GSE285773_CD4	SLE_GSE174188_CD4	source_pca_pseudobulk	1479	1	0.10806346547696147
SLE_GSE285773_CD4_to_SLE_GSE174188_CD4	SLE_GSE285773_CD4	SLE_GSE174188_CD4	source_pca_pseudobulk	1480	1	0.7506234389711014
SLE_GSE285773_CD4_to_SLE_GSE174188_CD4	SLE_GSE285773_CD4	SLE_GSE174188_CD4	source_pca_pseudobulk	1492	1	0.6687964592314876
SLE_GSE285773_CD4_to_SLE_GSE174188_CD4	SLE_GSE285773_CD4	SLE_GSE174188_CD4	source_pca_pseudobulk	1493	1	0.8272223545829306
SLE_GSE285773_CD4_to_SLE_GSE174188_CD4	SLE_GSE285773_CD4	SLE_GSE174188_CD4	source_pca_pseudobulk	1496	1	0.37623666426726515
SLE_GSE285773_CD4_to_SLE_GSE174188_CD4	SLE_GSE285773_CD4	SLE_GSE174188_CD4	source_pca_pseudobulk	1510	1	0.169140694020335
SLE_GSE285773_CD4_to_SLE_GSE174188_CD4	SLE_GSE285773_CD4	SLE_GSE174188_CD4	source_pca_pseudobulk	1514	1	0.15514481155533252
SLE_GSE285773_CD4_to_SLE_GSE174188_CD4	SLE_GSE285773_CD4	SLE_GSE174188_CD4	source_pca_pseudobulk	1522	1	0.8043360672318713
SLE_GSE285773_CD4_to_SLE_GSE174188_CD4	SLE_GSE285773_CD4	SLE_GSE174188_CD4	source_pca_pseudobulk	1535	1	0.5383484106829742
SLE_GSE285773_CD4_to_SLE_GSE174188_CD4	SLE_GSE285773_CD4	SLE_GSE174188_CD4	source_pca_pseudobulk	1543	1	0.868078289413204
SLE_GSE285773_CD4_to_SLE_GSE174188_CD4	SLE_GSE285773_CD4	SLE_GSE174188_CD4	source_pca_pseudobulk	1545	1	0.13058465526815202
SLE_GSE285773_CD4_to_SLE_GSE174188_CD4	SLE_GSE285773_CD4	SLE_GSE174188_CD4	source_pca_pseudobulk	1558	1	0.4012592711893543
SLE_GSE285773_CD4_to_SLE_GSE174188_CD4	SLE_GSE285773_CD4	SLE_GSE174188_CD4	source_pca_pseudobulk	1567	1	0.6538470729986099
SLE_GSE285773_CD4_to_SLE_GSE174188_CD4	SLE_GSE285773_CD4	SLE_GSE174188_CD4	source_pca_pseudobulk	1569	1	0.8549305363056965
SLE_GSE285773_CD4_to_SLE_GSE174188_CD4	SLE_GSE285773_CD4	SLE_GSE174188_CD4	source_pca_pseudobulk	1582	1	0.16118092647479568
SLE_GSE285773_CD4_to_SLE_GSE174188_CD4	SLE_GSE285773_CD4	SLE_GSE174188_CD4	source_pca_pseudobulk	1584	1	0.6430436669085904
SLE_GSE285773_CD4_to_SLE_GSE174188_CD4	SLE_GSE285773_CD4	SLE_GSE174188_CD4	source_pca_pseudobulk	1586	1	0.8624963420459574
SLE_GSE285773_CD4_to_SLE_GSE174188_CD4	SLE_GSE285773_CD4	SLE_GSE174188_CD4	source_pca_pseudobulk	1588	1	0.29887438302326497
SLE_GSE285773_CD4_to_SLE_GSE174188_CD4	SLE_GSE285773_CD4	SLE_GSE174188_CD4	source_pca_pseudobulk	1596	1	0.6358024527109338
SLE_GSE285773_CD4_to_SLE_GSE174188_CD4	SLE_GSE285773_CD4	SLE_GSE174188_CD4	source_pca_pseudobulk	1597	1	0.44705623827186014
SLE_GSE285773_CD4_to_SLE_GSE174188_CD4	SLE_GSE285773_CD4	SLE_GSE174188_CD4	source_pca_pseudobulk	1602	1	0.1085617083064189
SLE_GSE285773_CD4_to_SLE_GSE174188_CD4	SLE_GSE285773_CD4	SLE_GSE174188_CD4	source_pca_pseudobulk	1614	1	0.8643275866586992
SLE_GSE285773_CD4_to_SLE_GSE174188_CD4	SLE_GSE285773_CD4	SLE_GSE174188_CD4	source_pca_pseudobulk	1615	1	0.13996836593304973
SLE_GSE285773_CD4_to_SLE_GSE174188_CD4	SLE_GSE285773_CD4	SLE_GSE174188_CD4	source_pca_pseudobulk	1621	1	0.8059164535364863
SLE_GSE285773_CD4_to_SLE_GSE174188_CD4	SLE_GSE285773_CD4	SLE_GSE174188_CD4	source_pca_pseudobulk	1623	1	0.4653860776185472
SLE_GSE285773_CD4_to_SLE_GSE174188_CD4	SLE_GSE285773_CD4	SLE_GSE174188_CD4	source_pca_pseudobulk	1633	1	0.5456825767835455
SLE_GSE285773_CD4_to_SLE_GSE174188_CD4	SLE_GSE285773_CD4	SLE_GSE174188_CD4	source_pca_pseudobulk	1641	1	0.9643534914157268
SLE_GSE285773_CD4_to_SLE_GSE174188_CD4	SLE_GSE285773_CD4	SLE_GSE174188_CD4	source_pca_pseudobulk	1660	1	0.12759518491248667
SLE_GSE285773_CD4_to_SLE_GSE174188_CD4	SLE_GSE285773_CD4	SLE_GSE174188_CD4	source_pca_pseudobulk	1667	1	0.5646956151029123
SLE_GSE285773_CD4_to_SLE_GSE174188_CD4	SLE_GSE285773_CD4	SLE_GSE174188_CD4	source_pca_pseudobulk	1672	1	0.5964288509165171
SLE_GSE285773_CD4_to_SLE_GSE174188_CD4	SLE_GSE285773_CD4	SLE_GSE174188_CD4	source_pca_pseudobulk	1680	1	0.9097656122330685
SLE_GSE285773_CD4_to_SLE_GSE174188_CD4	SLE_GSE285773_CD4	SLE_GSE174188_CD4	source_pca_pseudobulk	1682	1	0.7448727359193169
SLE_GSE285773_CD4_to_SLE_GSE174188_CD4	SLE_GSE285773_CD4	SLE_GSE174188_CD4	source_pca_pseudobulk	1716	1	0.07955028974358924
SLE_GSE285773_CD4_to_SLE_GSE174188_CD4	SLE_GSE285773_CD4	SLE_GSE174188_CD4	source_pca_pseudobulk	1721	1	0.9071279034109505
SLE_GSE285773_CD4_to_SLE_GSE174188_CD4	SLE_GSE285773_CD4	SLE_GSE174188_CD4	source_pca_pseudobulk	1726	1	0.27165915984732336
SLE_GSE285773_CD4_to_SLE_GSE174188_CD4	SLE_GSE285773_CD4	SLE_GSE174188_CD4	source_pca_pseudobulk	1730	1	0.13234569999636245
SLE_GSE285773_CD4_to_SLE_GSE174188_CD4	SLE_GSE285773_CD4	SLE_GSE174188_CD4	source_pca_pseudobulk	1731	1	0.14881560885547218
SLE_GSE285773_CD4_to_SLE_GSE174188_CD4	SLE_GSE285773_CD4	SLE_GSE174188_CD4	source_pca_pseudobulk	1737	1	0.4099690639738354
SLE_GSE285773_CD4_to_SLE_GSE174188_CD4	SLE_GSE285773_CD4	SLE_GSE174188_CD4	source_pca_pseudobulk	1741	1	0.8393331047377479
SLE_GSE285773_CD4_to_SLE_GSE174188_CD4	SLE_GSE285773_CD4	SLE_GSE174188_CD4	source_pca_pseudobulk	1743	1	0.41461357032402424
SLE_GSE285773_CD4_to_SLE_GSE174188_CD4	SLE_GSE285773_CD4	SLE_GSE174188_CD4	source_pca_pseudobulk	1754	1	0.9425841376896377
SLE_GSE285773_CD4_to_SLE_GSE174188_CD4	SLE_GSE285773_CD4	SLE_GSE174188_CD4	source_pca_pseudobulk	1760	1	0.9015090632361571
SLE_GSE285773_CD4_to_SLE_GSE174188_CD4	SLE_GSE285773_CD4	SLE_GSE174188_CD4	source_pca_pseudobulk	1763	1	0.9144390175246424
SLE_GSE285773_CD4_to_SLE_GSE174188_CD4	SLE_GSE285773_CD4	SLE_GSE174188_CD4	source_pca_pseudobulk	1767	1	0.5211069794332635
SLE_GSE285773_CD4_to_SLE_GSE174188_CD4	SLE_GSE285773_CD4	SLE_GSE174188_CD4	source_pca_pseudobulk	1768	1	0.6344323648542781
SLE_GSE285773_CD4_to_SLE_GSE174188_CD4	SLE_GSE285773_CD4	SLE_GSE174188_CD4	source_pca_pseudobulk	1771	1	0.9595785849072093
SLE_GSE285773_CD4_to_SLE_GSE174188_CD4	SLE_GSE285773_CD4	SLE_GSE174188_CD4	source_pca_pseudobulk	1772	1	0.7681030099770203
SLE_GSE285773_CD4_to_SLE_GSE174188_CD4	SLE_GSE285773_CD4	SLE_GSE174188_CD4	source_pca_pseudobulk	1775	1	0.3963048726069553
SLE_GSE285773_CD4_to_SLE_GSE174188_CD4	SLE_GSE285773_CD4	SLE_GSE174188_CD4	source_pca_pseudobulk	1785	1	0.7879593145167015
SLE_GSE285773_CD4_to_SLE_GSE174188_CD4	SLE_GSE285773_CD4	SLE_GSE174188_CD4	source_pca_pseudobulk	1791	1	0.8624948832492518
SLE_GSE285773_CD4_to_SLE_GSE174188_CD4	SLE_GSE285773_CD4	SLE_GSE174188_CD4	source_pca_pseudobulk	1799	1	0.10121367006257859
SLE_GSE285773_CD4_to_SLE_GSE174188_CD4	SLE_GSE285773_CD4	SLE_GSE174188_CD4	source_pca_pseudobulk	1804	1	0.1292735513474523
SLE_GSE285773_CD4_to_SLE_GSE174188_CD4	SLE_GSE285773_CD4	SLE_GSE174188_CD4	source_pca_pseudobulk	1811	1	0.505354388979107
SLE_GSE285773_CD4_to_SLE_GSE174188_CD4	SLE_GSE285773_CD4	SLE_GSE174188_CD4	source_pca_pseudobulk	1815	1	0.9090240123076243
SLE_GSE285773_CD4_to_SLE_GSE174188_CD4	SLE_GSE285773_CD4	SLE_GSE174188_CD4	source_pca_pseudobulk	1827	1	0.12396784783996968
SLE_GSE285773_CD4_to_SLE_GSE174188_CD4	SLE_GSE285773_CD4	SLE_GSE174188_CD4	source_pca_pseudobulk	1829	1	0.3920577548335476
SLE_GSE285773_CD4_to_SLE_GSE174188_CD4	SLE_GSE285773_CD4	SLE_GSE174188_CD4	source_pca_pseudobulk	1848	1	0.6743355009335074
SLE_GSE285773_CD4_to_SLE_GSE174188_CD4	SLE_GSE285773_CD4	SLE_GSE174188_CD4	source_pca_pseudobulk	1857	1	0.9588779564328141
SLE_GSE285773_CD4_to_SLE_GSE174188_CD4	SLE_GSE285773_CD4	SLE_GSE174188_CD4	source_pca_pseudobulk	1881	1	0.899990235807513
SLE_GSE285773_CD4_to_SLE_GSE174188_CD4	SLE_GSE285773_CD4	SLE_GSE174188_CD4	source_pca_pseudobulk	1886	1	0.17728255018576686
SLE_GSE285773_CD4_to_SLE_GSE174188_CD4	SLE_GSE285773_CD4	SLE_GSE174188_CD4	source_pca_pseudobulk	1888	1	0.26536343122316797
SLE_GSE285773_CD4_to_SLE_GSE174188_CD4	SLE_GSE285773_CD4	SLE_GSE174188_CD4	source_pca_pseudobulk	1891	1	0.20061947258029758
SLE_GSE285773_CD4_to_SLE_GSE174188_CD4	SLE_GSE285773_CD4	SLE_GSE174188_CD4	source_pca_pseudobulk	1892	1	0.45837680867072494
SLE_GSE285773_CD4_to_SLE_GSE174188_CD4	SLE_GSE285773_CD4	SLE_GSE174188_CD4	source_pca_pseudobulk	1909	1	0.23491680012820754
SLE_GSE285773_CD4_to_SLE_GSE174188_CD4	SLE_GSE285773_CD4	SLE_GSE174188_CD4	source_pca_pseudobulk	1928	1	0.6114799793791573
SLE_GSE285773_CD4_to_SLE_GSE174188_CD4	SLE_GSE285773_CD4	SLE_GSE174188_CD4	source_pca_pseudobulk	1941	1	0.9672709624355132
SLE_GSE285773_CD4_to_SLE_GSE174188_CD4	SLE_GSE285773_CD4	SLE_GSE174188_CD4	source_pca_pseudobulk	1947	1	0.5257195286981172
SLE_GSE285773_CD4_to_SLE_GSE174188_CD4	SLE_GSE285773_CD4	SLE_GSE174188_CD4	source_pca_pseudobulk	1958	1	0.120354932419968
SLE_GSE285773_CD4_to_SLE_GSE174188_CD4	SLE_GSE285773_CD4	SLE_GSE174188_CD4	source_pca_pseudobulk	1961	1	0.9786345269167583
SLE_GSE285773_CD4_to_SLE_GSE174188_CD4	SLE_GSE285773_CD4	SLE_GSE174188_CD4	source_pca_pseudobulk	2061	1	0.5364429996667703
SLE_GSE285773_CD4_to_SLE_GSE174188_CD4	SLE_GSE285773_CD4	SLE_GSE174188_CD4	source_pca_pseudobulk	2082	1	0.2777365062643583
SLE_GSE285773_CD4_to_SLE_GSE174188_CD4	SLE_GSE285773_CD4	SLE_GSE174188_CD4	source_pca_pseudobulk	2132	1	0.9745158390707623
SLE_GSE285773_CD4_to_SLE_GSE174188_CD4	SLE_GSE285773_CD4	SLE_GSE174188_CD4	source_pca_pseudobulk	2135	1	0.7435830077005594
SLE_GSE285773_CD4_to_SLE_GSE174188_CD4	SLE_GSE285773_CD4	SLE_GSE174188_CD4	source_pca_pseudobulk	FLARE001	1	0.52494295397722
SLE_GSE285773_CD4_to_SLE_GSE174188_CD4	SLE_GSE285773_CD4	SLE_GSE174188_CD4	source_pca_pseudobulk	FLARE004	1	0.6812873962199455
SLE_GSE285773_CD4_to_SLE_GSE174188_CD4	SLE_GSE285773_CD4	SLE_GSE174188_CD4	source_pca_pseudobulk	FLARE005	1	0.40787358476068536
SLE_GSE285773_CD4_to_SLE_GSE174188_CD4	SLE_GSE285773_CD4	SLE_GSE174188_CD4	source_pca_pseudobulk	FLARE006	1	0.41956327022335693
SLE_GSE285773_CD4_to_SLE_GSE174188_CD4	SLE_GSE285773_CD4	SLE_GSE174188_CD4	source_pca_pseudobulk	FLARE007	1	0.9791208324364233
SLE_GSE285773_CD4_to_SLE_GSE174188_CD4	SLE_GSE285773_CD4	SLE_GSE174188_CD4	source_pca_pseudobulk	FLARE009	1	0.9915756194947647
SLE_GSE285773_CD4_to_SLE_GSE174188_CD4	SLE_GSE285773_CD4	SLE_GSE174188_CD4	source_pca_pseudobulk	FLARE010	1	0.960594685867518
SLE_GSE285773_CD4_to_SLE_GSE174188_CD4	SLE_GSE285773_CD4	SLE_GSE174188_CD4	source_pca_pseudobulk	FLARE011	1	0.8814035247519694
SLE_GSE285773_CD4_to_SLE_GSE174188_CD4	SLE_GSE285773_CD4	SLE_GSE174188_CD4	source_pca_pseudobulk	FLARE013	1	0.8720352899593445
SLE_GSE285773_CD4_to_SLE_GSE174188_CD4	SLE_GSE285773_CD4	SLE_GSE174188_CD4	source_pca_pseudobulk	FLARE014	1	0.4302935180928999
SLE_GSE285773_CD4_to_SLE_GSE174188_CD4	SLE_GSE285773_CD4	SLE_GSE174188_CD4	source_pca_pseudobulk	FLARE015	1	0.8582080315988332
SLE_GSE285773_CD4_to_SLE_GSE174188_CD4	SLE_GSE285773_CD4	SLE_GSE174188_CD4	source_pca_pseudobulk	FLARE016	1	0.6967048241972645
SLE_GSE285773_CD4_to_SLE_GSE174188_CD4	SLE_GSE285773_CD4	SLE_GSE174188_CD4	source_pca_pseudobulk	FLARE017	1	0.9247389766082019
SLE_GSE285773_CD4_to_SLE_GSE174188_CD4	SLE_GSE285773_CD4	SLE_GSE174188_CD4	source_pca_pseudobulk	FLARE020	1	0.39902960050839814
SLE_GSE285773_CD4_to_SLE_GSE174188_CD4	SLE_GSE285773_CD4	SLE_GSE174188_CD4	source_pca_pseudobulk	HC-002	0	0.09795087382369001
SLE_GSE285773_CD4_to_SLE_GSE174188_CD4	SLE_GSE285773_CD4	SLE_GSE174188_CD4	source_pca_pseudobulk	HC-006	0	0.3825705963065992
SLE_GSE285773_CD4_to_SLE_GSE174188_CD4	SLE_GSE285773_CD4	SLE_GSE174188_CD4	source_pca_pseudobulk	HC-008	0	0.040131865494820416
SLE_GSE285773_CD4_to_SLE_GSE174188_CD4	SLE_GSE285773_CD4	SLE_GSE174188_CD4	source_pca_pseudobulk	HC-009	0	0.05360658874056588
SLE_GSE285773_CD4_to_SLE_GSE174188_CD4	SLE_GSE285773_CD4	SLE_GSE174188_CD4	source_pca_pseudobulk	HC-011	0	0.32623300410642686
SLE_GSE285773_CD4_to_SLE_GSE174188_CD4	SLE_GSE285773_CD4	SLE_GSE174188_CD4	source_pca_pseudobulk	HC-014	0	0.38131229618293333
SLE_GSE285773_CD4_to_SLE_GSE174188_CD4	SLE_GSE285773_CD4	SLE_GSE174188_CD4	source_pca_pseudobulk	HC-015	0	0.09530775257855192
SLE_GSE285773_CD4_to_SLE_GSE174188_CD4	SLE_GSE285773_CD4	SLE_GSE174188_CD4	source_pca_pseudobulk	HC-019	0	0.2918593819712425
SLE_GSE285773_CD4_to_SLE_GSE174188_CD4	SLE_GSE285773_CD4	SLE_GSE174188_CD4	source_pca_pseudobulk	HC-020	0	0.1586454290118892
SLE_GSE285773_CD4_to_SLE_GSE174188_CD4	SLE_GSE285773_CD4	SLE_GSE174188_CD4	source_pca_pseudobulk	HC-022	0	0.3361706095574611
SLE_GSE285773_CD4_to_SLE_GSE174188_CD4	SLE_GSE285773_CD4	SLE_GSE174188_CD4	source_pca_pseudobulk	HC-500	0	0.3628972561563697
SLE_GSE285773_CD4_to_SLE_GSE174188_CD4	SLE_GSE285773_CD4	SLE_GSE174188_CD4	source_pca_pseudobulk	HC-501	0	0.21072609485547839
SLE_GSE285773_CD4_to_SLE_GSE174188_CD4	SLE_GSE285773_CD4	SLE_GSE174188_CD4	source_pca_pseudobulk	HC-502	0	0.17245711034229932
SLE_GSE285773_CD4_to_SLE_GSE174188_CD4	SLE_GSE285773_CD4	SLE_GSE174188_CD4	source_pca_pseudobulk	HC-503	0	0.27384993464281254
SLE_GSE285773_CD4_to_SLE_GSE174188_CD4	SLE_GSE285773_CD4	SLE_GSE174188_CD4	source_pca_pseudobulk	HC-504	0	0.1623980329762541
SLE_GSE285773_CD4_to_SLE_GSE174188_CD4	SLE_GSE285773_CD4	SLE_GSE174188_CD4	source_pca_pseudobulk	HC-506	0	0.24050676586390657
SLE_GSE285773_CD4_to_SLE_GSE174188_CD4	SLE_GSE285773_CD4	SLE_GSE174188_CD4	source_pca_pseudobulk	HC-508	0	0.2616475699907508
SLE_GSE285773_CD4_to_SLE_GSE174188_CD4	SLE_GSE285773_CD4	SLE_GSE174188_CD4	source_pca_pseudobulk	HC-512	0	0.4816086256130457
SLE_GSE285773_CD4_to_SLE_GSE174188_CD4	SLE_GSE285773_CD4	SLE_GSE174188_CD4	source_pca_pseudobulk	HC-516	0	0.15459344124998367
SLE_GSE285773_CD4_to_SLE_GSE174188_CD4	SLE_GSE285773_CD4	SLE_GSE174188_CD4	source_pca_pseudobulk	HC-519	0	0.15219210943215755
SLE_GSE285773_CD4_to_SLE_GSE174188_CD4	SLE_GSE285773_CD4	SLE_GSE174188_CD4	source_pca_pseudobulk	HC-520	0	0.121302362840951
SLE_GSE285773_CD4_to_SLE_GSE174188_CD4	SLE_GSE285773_CD4	SLE_GSE174188_CD4	source_pca_pseudobulk	HC-524	0	0.3246122084751964
SLE_GSE285773_CD4_to_SLE_GSE174188_CD4	SLE_GSE285773_CD4	SLE_GSE174188_CD4	source_pca_pseudobulk	HC-526	0	0.3310769123608492
SLE_GSE285773_CD4_to_SLE_GSE174188_CD4	SLE_GSE285773_CD4	SLE_GSE174188_CD4	source_pca_pseudobulk	HC-531	0	0.17993691755527405
SLE_GSE285773_CD4_to_SLE_GSE174188_CD4	SLE_GSE285773_CD4	SLE_GSE174188_CD4	source_pca_pseudobulk	HC-532	0	0.23920607985557005
SLE_GSE285773_CD4_to_SLE_GSE174188_CD4	SLE_GSE285773_CD4	SLE_GSE174188_CD4	source_pca_pseudobulk	HC-533	0	0.07782670115770225
SLE_GSE285773_CD4_to_SLE_GSE174188_CD4	SLE_GSE285773_CD4	SLE_GSE174188_CD4	source_pca_pseudobulk	HC-536	0	0.15549290869736912
SLE_GSE285773_CD4_to_SLE_GSE174188_CD4	SLE_GSE285773_CD4	SLE_GSE174188_CD4	source_pca_pseudobulk	HC-538	0	0.18763183204070952
SLE_GSE285773_CD4_to_SLE_GSE174188_CD4	SLE_GSE285773_CD4	SLE_GSE174188_CD4	source_pca_pseudobulk	HC-540	0	0.5002782633804026
SLE_GSE285773_CD4_to_SLE_GSE174188_CD4	SLE_GSE285773_CD4	SLE_GSE174188_CD4	source_pca_pseudobulk	HC-541	0	0.21982605169383343
SLE_GSE285773_CD4_to_SLE_GSE174188_CD4	SLE_GSE285773_CD4	SLE_GSE174188_CD4	source_pca_pseudobulk	HC-543	0	0.2089536926334348
SLE_GSE285773_CD4_to_SLE_GSE174188_CD4	SLE_GSE285773_CD4	SLE_GSE174188_CD4	source_pca_pseudobulk	HC-545	0	0.39502370263430453
SLE_GSE285773_CD4_to_SLE_GSE174188_CD4	SLE_GSE285773_CD4	SLE_GSE174188_CD4	source_pca_pseudobulk	HC-546	0	0.2646289863800977
SLE_GSE285773_CD4_to_SLE_GSE174188_CD4	SLE_GSE285773_CD4	SLE_GSE174188_CD4	source_pca_pseudobulk	HC-551	0	0.21419553650269144
SLE_GSE285773_CD4_to_SLE_GSE174188_CD4	SLE_GSE285773_CD4	SLE_GSE174188_CD4	source_pca_pseudobulk	HC-552	0	0.21210381486770763
SLE_GSE285773_CD4_to_SLE_GSE174188_CD4	SLE_GSE285773_CD4	SLE_GSE174188_CD4	source_pca_pseudobulk	HC-554	0	0.19940872495352333
SLE_GSE285773_CD4_to_SLE_GSE174188_CD4	SLE_GSE285773_CD4	SLE_GSE174188_CD4	source_pca_pseudobulk	HC-556	0	0.05134699407301488
SLE_GSE285773_CD4_to_SLE_GSE174188_CD4	SLE_GSE285773_CD4	SLE_GSE174188_CD4	source_pca_pseudobulk	HC-558	0	0.13165049102285134
SLE_GSE285773_CD4_to_SLE_GSE174188_CD4	SLE_GSE285773_CD4	SLE_GSE174188_CD4	source_pca_pseudobulk	HC-563	0	0.12584895361914583
SLE_GSE285773_CD4_to_SLE_GSE174188_CD4	SLE_GSE285773_CD4	SLE_GSE174188_CD4	source_pca_pseudobulk	HC-566	0	0.11960013718576624
SLE_GSE285773_CD4_to_SLE_GSE174188_CD4	SLE_GSE285773_CD4	SLE_GSE174188_CD4	source_pca_pseudobulk	HC-567	0	0.2139039468271459
SLE_GSE285773_CD4_to_SLE_GSE174188_CD4	SLE_GSE285773_CD4	SLE_GSE174188_CD4	source_pca_pseudobulk	HC-571	0	0.2706662508242331
SLE_GSE285773_CD4_to_SLE_GSE174188_CD4	SLE_GSE285773_CD4	SLE_GSE174188_CD4	source_pca_pseudobulk	HC-572	0	0.17811355818014435
SLE_GSE285773_CD4_to_SLE_GSE174188_CD4	SLE_GSE285773_CD4	SLE_GSE174188_CD4	source_pca_pseudobulk	HC-573	0	0.1654495778874749
SLE_GSE285773_CD4_to_SLE_GSE174188_CD4	SLE_GSE285773_CD4	SLE_GSE174188_CD4	source_pca_pseudobulk	HC-574	0	0.20656918965752882
SLE_GSE285773_CD4_to_SLE_GSE174188_CD4	SLE_GSE285773_CD4	SLE_GSE174188_CD4	source_pca_pseudobulk	HC-578	0	0.2961959968632239
SLE_GSE285773_CD4_to_SLE_GSE174188_CD4	SLE_GSE285773_CD4	SLE_GSE174188_CD4	source_pca_pseudobulk	HC-580	0	0.13094023714290878
SLE_GSE285773_CD4_to_SLE_GSE174188_CD4	SLE_GSE285773_CD4	SLE_GSE174188_CD4	source_pca_pseudobulk	HC-585	0	0.06365588008708463
SLE_GSE285773_CD4_to_SLE_GSE174188_CD4	SLE_GSE285773_CD4	SLE_GSE174188_CD4	source_pca_pseudobulk	ICC_control	0	0.1291447225804068
SLE_GSE285773_CD4_to_SLE_GSE174188_CD4	SLE_GSE285773_CD4	SLE_GSE174188_CD4	source_pca_pseudobulk	IGTB1290	0	0.11322873057617867
SLE_GSE285773_CD4_to_SLE_GSE174188_CD4	SLE_GSE285773_CD4	SLE_GSE174188_CD4	source_pca_pseudobulk	IGTB1372	0	0.08816127716197375
SLE_GSE285773_CD4_to_SLE_GSE174188_CD4	SLE_GSE285773_CD4	SLE_GSE174188_CD4	source_pca_pseudobulk	IGTB141	0	0.10226867867743863
SLE_GSE285773_CD4_to_SLE_GSE174188_CD4	SLE_GSE285773_CD4	SLE_GSE174188_CD4	source_pca_pseudobulk	IGTB143	0	0.026069667836526256
SLE_GSE285773_CD4_to_SLE_GSE174188_CD4	SLE_GSE285773_CD4	SLE_GSE174188_CD4	source_pca_pseudobulk	IGTB1506	0	0.0700593480987765
SLE_GSE285773_CD4_to_SLE_GSE174188_CD4	SLE_GSE285773_CD4	SLE_GSE174188_CD4	source_pca_pseudobulk	IGTB1539	0	0.11194884531206885
SLE_GSE285773_CD4_to_SLE_GSE174188_CD4	SLE_GSE285773_CD4	SLE_GSE174188_CD4	source_pca_pseudobulk	IGTB1540	0	0.07696898807954872
SLE_GSE285773_CD4_to_SLE_GSE174188_CD4	SLE_GSE285773_CD4	SLE_GSE174188_CD4	source_pca_pseudobulk	IGTB1542	0	0.033717039108130994
SLE_GSE285773_CD4_to_SLE_GSE174188_CD4	SLE_GSE285773_CD4	SLE_GSE174188_CD4	source_pca_pseudobulk	IGTB1575	0	0.058081701949378034
SLE_GSE285773_CD4_to_SLE_GSE174188_CD4	SLE_GSE285773_CD4	SLE_GSE174188_CD4	source_pca_pseudobulk	IGTB1650	0	0.16084647484527154
SLE_GSE285773_CD4_to_SLE_GSE174188_CD4	SLE_GSE285773_CD4	SLE_GSE174188_CD4	source_pca_pseudobulk	IGTB1731	0	0.07998257121354994
SLE_GSE285773_CD4_to_SLE_GSE174188_CD4	SLE_GSE285773_CD4	SLE_GSE174188_CD4	source_pca_pseudobulk	IGTB1762	0	0.06833537475581791
SLE_GSE285773_CD4_to_SLE_GSE174188_CD4	SLE_GSE285773_CD4	SLE_GSE174188_CD4	source_pca_pseudobulk	IGTB1768	0	0.09058744381801594
SLE_GSE285773_CD4_to_SLE_GSE174188_CD4	SLE_GSE285773_CD4	SLE_GSE174188_CD4	source_pca_pseudobulk	IGTB1789	0	0.025701630704437452
SLE_GSE285773_CD4_to_SLE_GSE174188_CD4	SLE_GSE285773_CD4	SLE_GSE174188_CD4	source_pca_pseudobulk	IGTB1793	0	0.05308042889193993
SLE_GSE285773_CD4_to_SLE_GSE174188_CD4	SLE_GSE285773_CD4	SLE_GSE174188_CD4	source_pca_pseudobulk	IGTB1814	0	0.1070203068299604
SLE_GSE285773_CD4_to_SLE_GSE174188_CD4	SLE_GSE285773_CD4	SLE_GSE174188_CD4	source_pca_pseudobulk	IGTB1815	0	0.05661119293863112
SLE_GSE285773_CD4_to_SLE_GSE174188_CD4	SLE_GSE285773_CD4	SLE_GSE174188_CD4	source_pca_pseudobulk	IGTB1819	0	0.01383884036729456
SLE_GSE285773_CD4_to_SLE_GSE174188_CD4	SLE_GSE285773_CD4	SLE_GSE174188_CD4	source_pca_pseudobulk	IGTB1826	0	0.08703718605513452
SLE_GSE285773_CD4_to_SLE_GSE174188_CD4	SLE_GSE285773_CD4	SLE_GSE174188_CD4	source_pca_pseudobulk	IGTB1827	0	0.0643067878339714
SLE_GSE285773_CD4_to_SLE_GSE174188_CD4	SLE_GSE285773_CD4	SLE_GSE174188_CD4	source_pca_pseudobulk	IGTB1828	0	0.07016666838845895
SLE_GSE285773_CD4_to_SLE_GSE174188_CD4	SLE_GSE285773_CD4	SLE_GSE174188_CD4	source_pca_pseudobulk	IGTB1840	0	0.0213548460988148
SLE_GSE285773_CD4_to_SLE_GSE174188_CD4	SLE_GSE285773_CD4	SLE_GSE174188_CD4	source_pca_pseudobulk	IGTB1844	0	0.1899070287187693
SLE_GSE285773_CD4_to_SLE_GSE174188_CD4	SLE_GSE285773_CD4	SLE_GSE174188_CD4	source_pca_pseudobulk	IGTB1871	0	0.06381637229533929
SLE_GSE285773_CD4_to_SLE_GSE174188_CD4	SLE_GSE285773_CD4	SLE_GSE174188_CD4	source_pca_pseudobulk	IGTB1895	0	0.03646177801329797
SLE_GSE285773_CD4_to_SLE_GSE174188_CD4	SLE_GSE285773_CD4	SLE_GSE174188_CD4	source_pca_pseudobulk	IGTB1901	0	0.015336940731424185
SLE_GSE285773_CD4_to_SLE_GSE174188_CD4	SLE_GSE285773_CD4	SLE_GSE174188_CD4	source_pca_pseudobulk	IGTB1906	0	0.06021676525885977
SLE_GSE285773_CD4_to_SLE_GSE174188_CD4	SLE_GSE285773_CD4	SLE_GSE174188_CD4	source_pca_pseudobulk	IGTB1908	0	0.14456352348656926
SLE_GSE285773_CD4_to_SLE_GSE174188_CD4	SLE_GSE285773_CD4	SLE_GSE174188_CD4	source_pca_pseudobulk	IGTB1913	0	0.08867479292291035
SLE_GSE285773_CD4_to_SLE_GSE174188_CD4	SLE_GSE285773_CD4	SLE_GSE174188_CD4	source_pca_pseudobulk	IGTB1916	0	0.07402196808602829
SLE_GSE285773_CD4_to_SLE_GSE174188_CD4	SLE_GSE285773_CD4	SLE_GSE174188_CD4	source_pca_pseudobulk	IGTB1921	0	0.0643352069162705
SLE_GSE285773_CD4_to_SLE_GSE174188_CD4	SLE_GSE285773_CD4	SLE_GSE174188_CD4	source_pca_pseudobulk	IGTB195	0	0.07944129631419221
SLE_GSE285773_CD4_to_SLE_GSE174188_CD4	SLE_GSE285773_CD4	SLE_GSE174188_CD4	source_pca_pseudobulk	IGTB1952	0	0.05690854779776776
SLE_GSE285773_CD4_to_SLE_GSE174188_CD4	SLE_GSE285773_CD4	SLE_GSE174188_CD4	source_pca_pseudobulk	IGTB1966	0	0.044434367035235144
SLE_GSE285773_CD4_to_SLE_GSE174188_CD4	SLE_GSE285773_CD4	SLE_GSE174188_CD4	source_pca_pseudobulk	IGTB1974	0	0.0737731763041825
SLE_GSE285773_CD4_to_SLE_GSE174188_CD4	SLE_GSE285773_CD4	SLE_GSE174188_CD4	source_pca_pseudobulk	IGTB1982	0	0.01752008063619793
SLE_GSE285773_CD4_to_SLE_GSE174188_CD4	SLE_GSE285773_CD4	SLE_GSE174188_CD4	source_pca_pseudobulk	IGTB1987	0	0.06997865034205104
SLE_GSE285773_CD4_to_SLE_GSE174188_CD4	SLE_GSE285773_CD4	SLE_GSE174188_CD4	source_pca_pseudobulk	IGTB1996	0	0.08801849585366273
SLE_GSE285773_CD4_to_SLE_GSE174188_CD4	SLE_GSE285773_CD4	SLE_GSE174188_CD4	source_pca_pseudobulk	IGTB2007	0	0.03456408764707739
SLE_GSE285773_CD4_to_SLE_GSE174188_CD4	SLE_GSE285773_CD4	SLE_GSE174188_CD4	source_pca_pseudobulk	IGTB2065	0	0.02372208796588262
SLE_GSE285773_CD4_to_SLE_GSE174188_CD4	SLE_GSE285773_CD4	SLE_GSE174188_CD4	source_pca_pseudobulk	IGTB256	0	0.11139757355835883
SLE_GSE285773_CD4_to_SLE_GSE174188_CD4	SLE_GSE285773_CD4	SLE_GSE174188_CD4	source_pca_pseudobulk	IGTB469	0	0.08034328407446091
SLE_GSE285773_CD4_to_SLE_GSE174188_CD4	SLE_GSE285773_CD4	SLE_GSE174188_CD4	source_pca_pseudobulk	IGTB498	0	0.06491266287644708
SLE_GSE285773_CD4_to_SLE_GSE174188_CD4	SLE_GSE285773_CD4	SLE_GSE174188_CD4	source_pca_pseudobulk	IGTB508	0	0.051076839799290674
SLE_GSE285773_CD4_to_SLE_GSE174188_CD4	SLE_GSE285773_CD4	SLE_GSE174188_CD4	source_pca_pseudobulk	IGTB514	0	0.0784373022714146
SLE_GSE285773_CD4_to_SLE_GSE174188_CD4	SLE_GSE285773_CD4	SLE_GSE174188_CD4	source_pca_pseudobulk	IGTB645	0	0.024232791802410763
SLE_GSE285773_CD4_to_SLE_GSE174188_CD4	SLE_GSE285773_CD4	SLE_GSE174188_CD4	source_pca_pseudobulk	IGTB670	0	0.061323206139500624
SLE_GSE285773_CD4_to_SLE_GSE174188_CD4	SLE_GSE285773_CD4	SLE_GSE174188_CD4	source_pca_pseudobulk	IGTB826	0	0.08694625269341118
SLE_GSE285773_CD4_to_SLE_GSE174188_CD4	SLE_GSE285773_CD4	SLE_GSE174188_CD4	source_pca_pseudobulk	IGTB884	0	0.0650290740101741
SLE_GSE285773_CD4_to_SLE_GSE174188_CD4	SLE_GSE285773_CD4	SLE_GSE174188_CD4	source_pca_pseudobulk	IGTB986	0	0.17788691206620194
