direction	source_dataset	target_dataset	method_id	donor_id	y_true	prob_case
SLE_GSE174188_CD4_to_SLE_GSE285773_CD4	SLE_GSE174188_CD4	SLE_GSE285773_CD4	frozen_geneformer	HD1	0	1.9463007597054417e-11
SLE_GSE174188_CD4_to_SLE_GSE285773_CD4	SLE_GSE174188_CD4	SLE_GSE285773_CD4	frozen_geneformer	HD10	0	6.901400639400978e-11
SLE_GSE174188_CD4_to_SLE_GSE285773_CD4	SLE_GSE174188_CD4	SLE_GSE285773_CD4	frozen_geneformer	HD2	0	4.0180412434643955e-12
SLE_GSE174188_CD4_to_SLE_GSE285773_CD4	SLE_GSE174188_CD4	SLE_GSE285773_CD4	frozen_geneformer	HD3	0	2.498979320553468e-12
SLE_GSE174188_CD4_to_SLE_GSE285773_CD4	SLE_GSE174188_CD4	SLE_GSE285773_CD4	frozen_geneformer	HD4	0	5.547069424339951e-12
SLE_GSE174188_CD4_to_SLE_GSE285773_CD4	SLE_GSE174188_CD4	SLE_GSE285773_CD4	frozen_geneformer	HD5	0	8.794833378306351e-11
SLE_GSE174188_CD4_to_SLE_GSE285773_CD4	SLE_GSE174188_CD4	SLE_GSE285773_CD4	frozen_geneformer	HD6	0	2.3040236920917244e-10
SLE_GSE174188_CD4_to_SLE_GSE285773_CD4	SLE_GSE174188_CD4	SLE_GSE285773_CD4	frozen_geneformer	HD7	0	2.1869884863020867e-12
SLE_GSE174188_CD4_to_SLE_GSE285773_CD4	SLE_GSE174188_CD4	SLE_GSE285773_CD4	frozen_geneformer	HD8	0	3.962613463913897e-09
SLE_GSE174188_CD4_to_SLE_GSE285773_CD4	SLE_GSE174188_CD4	SLE_GSE285773_CD4	frozen_geneformer	HD9	0	8.923656060375518e-10
SLE_GSE174188_CD4_to_SLE_GSE285773_CD4	SLE_GSE174188_CD4	SLE_GSE285773_CD4	frozen_geneformer	SLE1	1	3.1361073772173944e-09
SLE_GSE174188_CD4_to_SLE_GSE285773_CD4	SLE_GSE174188_CD4	SLE_GSE285773_CD4	frozen_geneformer	SLE10	1	9.927764402768512e-11
SLE_GSE174188_CD4_to_SLE_GSE285773_CD4	SLE_GSE174188_CD4	SLE_GSE285773_CD4	frozen_geneformer	SLE11	1	3.0227526628099176e-09
SLE_GSE174188_CD4_to_SLE_GSE285773_CD4	SLE_GSE174188_CD4	SLE_GSE285773_CD4	frozen_geneformer	SLE12	1	1.4581229267397036e-10
SLE_GSE174188_CD4_to_SLE_GSE285773_CD4	SLE_GSE174188_CD4	SLE_GSE285773_CD4	frozen_geneformer	SLE13	1	6.361189552510219e-06
SLE_GSE174188_CD4_to_SLE_GSE285773_CD4	SLE_GSE174188_CD4	SLE_GSE285773_CD4	frozen_geneformer	SLE14	1	3.2010374613819895e-08
SLE_GSE174188_CD4_to_SLE_GSE285773_CD4	SLE_GSE174188_CD4	SLE_GSE285773_CD4	frozen_geneformer	SLE15	1	8.898913445552865e-07
SLE_GSE174188_CD4_to_SLE_GSE285773_CD4	SLE_GSE174188_CD4	SLE_GSE285773_CD4	frozen_geneformer	SLE16	1	1.8645244841833133e-07
SLE_GSE174188_CD4_to_SLE_GSE285773_CD4	SLE_GSE174188_CD4	SLE_GSE285773_CD4	frozen_geneformer	SLE2	1	4.8647772307654346e-09
SLE_GSE174188_CD4_to_SLE_GSE285773_CD4	SLE_GSE174188_CD4	SLE_GSE285773_CD4	frozen_geneformer	SLE3	1	4.686351706030536e-12
SLE_GSE174188_CD4_to_SLE_GSE285773_CD4	SLE_GSE174188_CD4	SLE_GSE285773_CD4	frozen_geneformer	SLE4	1	8.602956902086003e-07
SLE_GSE174188_CD4_to_SLE_GSE285773_CD4	SLE_GSE174188_CD4	SLE_GSE285773_CD4	frozen_geneformer	SLE5	1	7.124890996127191e-07
SLE_GSE174188_CD4_to_SLE_GSE285773_CD4	SLE_GSE174188_CD4	SLE_GSE285773_CD4	frozen_geneformer	SLE6	1	2.0907156945185612e-05
SLE_GSE174188_CD4_to_SLE_GSE285773_CD4	SLE_GSE174188_CD4	SLE_GSE285773_CD4	frozen_geneformer	SLE7	1	1.3941424760828462e-07
SLE_GSE174188_CD4_to_SLE_GSE285773_CD4	SLE_GSE174188_CD4	SLE_GSE285773_CD4	frozen_geneformer	SLE8	1	4.346318148412845e-08
SLE_GSE174188_CD4_to_SLE_GSE285773_CD4	SLE_GSE174188_CD4	SLE_GSE285773_CD4	frozen_geneformer	SLE9	1	1.5534666218856294e-09
SLE_GSE174188_CD4_to_SLE_GSE285773_CD4	SLE_GSE174188_CD4	SLE_GSE285773_CD4	source_hvg_pseudobulk	HD1	0	7.538299920887614e-05
SLE_GSE174188_CD4_to_SLE_GSE285773_CD4	SLE_GSE174188_CD4	SLE_GSE285773_CD4	source_hvg_pseudobulk	HD10	0	5.3899083527096766e-08
SLE_GSE174188_CD4_to_SLE_GSE285773_CD4	SLE_GSE174188_CD4	SLE_GSE285773_CD4	source_hvg_pseudobulk	HD2	0	1.5898523045711722e-05
SLE_GSE174188_CD4_to_SLE_GSE285773_CD4	SLE_GSE174188_CD4	SLE_GSE285773_CD4	source_hvg_pseudobulk	HD3	0	5.607133159074838e-09
SLE_GSE174188_CD4_to_SLE_GSE285773_CD4	SLE_GSE174188_CD4	SLE_GSE285773_CD4	source_hvg_pseudobulk	HD4	0	1.6521100988242915e-07
SLE_GSE174188_CD4_to_SLE_GSE285773_CD4	SLE_GSE174188_CD4	SLE_GSE285773_CD4	source_hvg_pseudobulk	HD5	0	1.0533961644123369e-10
SLE_GSE174188_CD4_to_SLE_GSE285773_CD4	SLE_GSE174188_CD4	SLE_GSE285773_CD4	source_hvg_pseudobulk	HD6	0	1.2611649889960719e-08
SLE_GSE174188_CD4_to_SLE_GSE285773_CD4	SLE_GSE174188_CD4	SLE_GSE285773_CD4	source_hvg_pseudobulk	HD7	0	1.70713527070023e-08
SLE_GSE174188_CD4_to_SLE_GSE285773_CD4	SLE_GSE174188_CD4	SLE_GSE285773_CD4	source_hvg_pseudobulk	HD8	0	2.5584605481730006e-07
SLE_GSE174188_CD4_to_SLE_GSE285773_CD4	SLE_GSE174188_CD4	SLE_GSE285773_CD4	source_hvg_pseudobulk	HD9	0	1.31431490558596e-06
SLE_GSE174188_CD4_to_SLE_GSE285773_CD4	SLE_GSE174188_CD4	SLE_GSE285773_CD4	source_hvg_pseudobulk	SLE1	1	0.07000750211287614
SLE_GSE174188_CD4_to_SLE_GSE285773_CD4	SLE_GSE174188_CD4	SLE_GSE285773_CD4	source_hvg_pseudobulk	SLE10	1	1.0805796642266815e-05
SLE_GSE174188_CD4_to_SLE_GSE285773_CD4	SLE_GSE174188_CD4	SLE_GSE285773_CD4	source_hvg_pseudobulk	SLE11	1	0.0004949816270493646
SLE_GSE174188_CD4_to_SLE_GSE285773_CD4	SLE_GSE174188_CD4	SLE_GSE285773_CD4	source_hvg_pseudobulk	SLE12	1	3.9774708968803805e-05
SLE_GSE174188_CD4_to_SLE_GSE285773_CD4	SLE_GSE174188_CD4	SLE_GSE285773_CD4	source_hvg_pseudobulk	SLE13	1	0.03438764245764892
SLE_GSE174188_CD4_to_SLE_GSE285773_CD4	SLE_GSE174188_CD4	SLE_GSE285773_CD4	source_hvg_pseudobulk	SLE14	1	0.004705243196170523
SLE_GSE174188_CD4_to_SLE_GSE285773_CD4	SLE_GSE174188_CD4	SLE_GSE285773_CD4	source_hvg_pseudobulk	SLE15	1	0.0033594239286966147
SLE_GSE174188_CD4_to_SLE_GSE285773_CD4	SLE_GSE174188_CD4	SLE_GSE285773_CD4	source_hvg_pseudobulk	SLE16	1	0.0006013038145338989
SLE_GSE174188_CD4_to_SLE_GSE285773_CD4	SLE_GSE174188_CD4	SLE_GSE285773_CD4	source_hvg_pseudobulk	SLE2	1	0.8517413629272993
SLE_GSE174188_CD4_to_SLE_GSE285773_CD4	SLE_GSE174188_CD4	SLE_GSE285773_CD4	source_hvg_pseudobulk	SLE3	1	5.446630830462068e-07
SLE_GSE174188_CD4_to_SLE_GSE285773_CD4	SLE_GSE174188_CD4	SLE_GSE285773_CD4	source_hvg_pseudobulk	SLE4	1	0.049699227900236544
SLE_GSE174188_CD4_to_SLE_GSE285773_CD4	SLE_GSE174188_CD4	SLE_GSE285773_CD4	source_hvg_pseudobulk	SLE5	1	0.19150527345251311
SLE_GSE174188_CD4_to_SLE_GSE285773_CD4	SLE_GSE174188_CD4	SLE_GSE285773_CD4	source_hvg_pseudobulk	SLE6	1	0.07521331707223848
SLE_GSE174188_CD4_to_SLE_GSE285773_CD4	SLE_GSE174188_CD4	SLE_GSE285773_CD4	source_hvg_pseudobulk	SLE7	1	2.4222024709877176e-05
SLE_GSE174188_CD4_to_SLE_GSE285773_CD4	SLE_GSE174188_CD4	SLE_GSE285773_CD4	source_hvg_pseudobulk	SLE8	1	0.03799614667944759
SLE_GSE174188_CD4_to_SLE_GSE285773_CD4	SLE_GSE174188_CD4	SLE_GSE285773_CD4	source_hvg_pseudobulk	SLE9	1	1.4728313432095106e-05
SLE_GSE174188_CD4_to_SLE_GSE285773_CD4	SLE_GSE174188_CD4	SLE_GSE285773_CD4	source_pca_pseudobulk	HD1	0	0.16992331998168433
SLE_GSE174188_CD4_to_SLE_GSE285773_CD4	SLE_GSE174188_CD4	SLE_GSE285773_CD4	source_pca_pseudobulk	HD10	0	0.09107991168652882
SLE_GSE174188_CD4_to_SLE_GSE285773_CD4	SLE_GSE174188_CD4	SLE_GSE285773_CD4	source_pca_pseudobulk	HD2	0	0.08121318925970845
SLE_GSE174188_CD4_to_SLE_GSE285773_CD4	SLE_GSE174188_CD4	SLE_GSE285773_CD4	source_pca_pseudobulk	HD3	0	0.03900305295974887
SLE_GSE174188_CD4_to_SLE_GSE285773_CD4	SLE_GSE174188_CD4	SLE_GSE285773_CD4	source_pca_pseudobulk	HD4	0	0.08418494192854024
SLE_GSE174188_CD4_to_SLE_GSE285773_CD4	SLE_GSE174188_CD4	SLE_GSE285773_CD4	source_pca_pseudobulk	HD5	0	0.011388856189962594
SLE_GSE174188_CD4_to_SLE_GSE285773_CD4	SLE_GSE174188_CD4	SLE_GSE285773_CD4	source_pca_pseudobulk	HD6	0	0.04003616542240189
SLE_GSE174188_CD4_to_SLE_GSE285773_CD4	SLE_GSE174188_CD4	SLE_GSE285773_CD4	source_pca_pseudobulk	HD7	0	0.03679132520386671
SLE_GSE174188_CD4_to_SLE_GSE285773_CD4	SLE_GSE174188_CD4	SLE_GSE285773_CD4	source_pca_pseudobulk	HD8	0	0.1459753853224376
SLE_GSE174188_CD4_to_SLE_GSE285773_CD4	SLE_GSE174188_CD4	SLE_GSE285773_CD4	source_pca_pseudobulk	HD9	0	0.17146913801984828
SLE_GSE174188_CD4_to_SLE_GSE285773_CD4	SLE_GSE174188_CD4	SLE_GSE285773_CD4	source_pca_pseudobulk	SLE1	1	0.5520335414842387
SLE_GSE174188_CD4_to_SLE_GSE285773_CD4	SLE_GSE174188_CD4	SLE_GSE285773_CD4	source_pca_pseudobulk	SLE10	1	0.25029572070451206
SLE_GSE174188_CD4_to_SLE_GSE285773_CD4	SLE_GSE174188_CD4	SLE_GSE285773_CD4	source_pca_pseudobulk	SLE11	1	0.3325805601592822
SLE_GSE174188_CD4_to_SLE_GSE285773_CD4	SLE_GSE174188_CD4	SLE_GSE285773_CD4	source_pca_pseudobulk	SLE12	1	0.30150978637010273
SLE_GSE174188_CD4_to_SLE_GSE285773_CD4	SLE_GSE174188_CD4	SLE_GSE285773_CD4	source_pca_pseudobulk	SLE13	1	0.6022588219021249
SLE_GSE174188_CD4_to_SLE_GSE285773_CD4	SLE_GSE174188_CD4	SLE_GSE285773_CD4	source_pca_pseudobulk	SLE14	1	0.8842004995990423
SLE_GSE174188_CD4_to_SLE_GSE285773_CD4	SLE_GSE174188_CD4	SLE_GSE285773_CD4	source_pca_pseudobulk	SLE15	1	0.37247030905356127
SLE_GSE174188_CD4_to_SLE_GSE285773_CD4	SLE_GSE174188_CD4	SLE_GSE285773_CD4	source_pca_pseudobulk	SLE16	1	0.8424435705152821
SLE_GSE174188_CD4_to_SLE_GSE285773_CD4	SLE_GSE174188_CD4	SLE_GSE285773_CD4	source_pca_pseudobulk	SLE2	1	0.8228055980727749
SLE_GSE174188_CD4_to_SLE_GSE285773_CD4	SLE_GSE174188_CD4	SLE_GSE285773_CD4	source_pca_pseudobulk	SLE3	1	0.09475419341027169
SLE_GSE174188_CD4_to_SLE_GSE285773_CD4	SLE_GSE174188_CD4	SLE_GSE285773_CD4	source_pca_pseudobulk	SLE4	1	0.7445466941673157
SLE_GSE174188_CD4_to_SLE_GSE285773_CD4	SLE_GSE174188_CD4	SLE_GSE285773_CD4	source_pca_pseudobulk	SLE5	1	0.9126751714232736
SLE_GSE174188_CD4_to_SLE_GSE285773_CD4	SLE_GSE174188_CD4	SLE_GSE285773_CD4	source_pca_pseudobulk	SLE6	1	0.6177045515952357
SLE_GSE174188_CD4_to_SLE_GSE285773_CD4	SLE_GSE174188_CD4	SLE_GSE285773_CD4	source_pca_pseudobulk	SLE7	1	0.2420087204088174
SLE_GSE174188_CD4_to_SLE_GSE285773_CD4	SLE_GSE174188_CD4	SLE_GSE285773_CD4	source_pca_pseudobulk	SLE8	1	0.8188729779276271
SLE_GSE174188_CD4_to_SLE_GSE285773_CD4	SLE_GSE174188_CD4	SLE_GSE285773_CD4	source_pca_pseudobulk	SLE9	1	0.21929076154279484
SLE_GSE285773_CD4_to_SLE_GSE174188_CD4	SLE_GSE285773_CD4	SLE_GSE174188_CD4	frozen_geneformer	1004	1	0.4749146536465909
SLE_GSE285773_CD4_to_SLE_GSE174188_CD4	SLE_GSE285773_CD4	SLE_GSE174188_CD4	frozen_geneformer	1014	1	0.4950586553646963
SLE_GSE285773_CD4_to_SLE_GSE174188_CD4	SLE_GSE285773_CD4	SLE_GSE174188_CD4	frozen_geneformer	1015	1	0.5100245890153146
SLE_GSE285773_CD4_to_SLE_GSE174188_CD4	SLE_GSE285773_CD4	SLE_GSE174188_CD4	frozen_geneformer	1019	1	0.45635084711119484
SLE_GSE285773_CD4_to_SLE_GSE174188_CD4	SLE_GSE285773_CD4	SLE_GSE174188_CD4	frozen_geneformer	1022	1	0.5125187544374676
SLE_GSE285773_CD4_to_SLE_GSE174188_CD4	SLE_GSE285773_CD4	SLE_GSE174188_CD4	frozen_geneformer	1031	1	0.4822687409722064
SLE_GSE285773_CD4_to_SLE_GSE174188_CD4	SLE_GSE285773_CD4	SLE_GSE174188_CD4	frozen_geneformer	1039	1	0.49586219690107475
SLE_GSE285773_CD4_to_SLE_GSE174188_CD4	SLE_GSE285773_CD4	SLE_GSE174188_CD4	frozen_geneformer	1045	1	0.5516841629113143
SLE_GSE285773_CD4_to_SLE_GSE174188_CD4	SLE_GSE285773_CD4	SLE_GSE174188_CD4	frozen_geneformer	1046	1	0.4758315527375336
SLE_GSE285773_CD4_to_SLE_GSE174188_CD4	SLE_GSE285773_CD4	SLE_GSE174188_CD4	frozen_geneformer	1051	1	0.4991455635685108
SLE_GSE285773_CD4_to_SLE_GSE174188_CD4	SLE_GSE285773_CD4	SLE_GSE174188_CD4	frozen_geneformer	1054	1	0.4530281134246353
SLE_GSE285773_CD4_to_SLE_GSE174188_CD4	SLE_GSE285773_CD4	SLE_GSE174188_CD4	frozen_geneformer	1056	1	0.5009502674655514
SLE_GSE285773_CD4_to_SLE_GSE174188_CD4	SLE_GSE285773_CD4	SLE_GSE174188_CD4	frozen_geneformer	1063	1	0.461949461659212
SLE_GSE285773_CD4_to_SLE_GSE174188_CD4	SLE_GSE285773_CD4	SLE_GSE174188_CD4	frozen_geneformer	1068	1	0.4636037722841959
SLE_GSE285773_CD4_to_SLE_GSE174188_CD4	SLE_GSE285773_CD4	SLE_GSE174188_CD4	frozen_geneformer	1078	1	0.5166059195730176
SLE_GSE285773_CD4_to_SLE_GSE174188_CD4	SLE_GSE285773_CD4	SLE_GSE174188_CD4	frozen_geneformer	1087	1	0.4908879980583896
SLE_GSE285773_CD4_to_SLE_GSE174188_CD4	SLE_GSE285773_CD4	SLE_GSE174188_CD4	frozen_geneformer	1101	1	0.5439372854307999
SLE_GSE285773_CD4_to_SLE_GSE174188_CD4	SLE_GSE285773_CD4	SLE_GSE174188_CD4	frozen_geneformer	1110	1	0.4977672240542211
SLE_GSE285773_CD4_to_SLE_GSE174188_CD4	SLE_GSE285773_CD4	SLE_GSE174188_CD4	frozen_geneformer	1119	1	0.5240635240785507
SLE_GSE285773_CD4_to_SLE_GSE174188_CD4	SLE_GSE285773_CD4	SLE_GSE174188_CD4	frozen_geneformer	1121	1	0.5119291335765579
SLE_GSE285773_CD4_to_SLE_GSE174188_CD4	SLE_GSE285773_CD4	SLE_GSE174188_CD4	frozen_geneformer	1122	1	0.47433581027162847
SLE_GSE285773_CD4_to_SLE_GSE174188_CD4	SLE_GSE285773_CD4	SLE_GSE174188_CD4	frozen_geneformer	1127	1	0.4597218893977551
SLE_GSE285773_CD4_to_SLE_GSE174188_CD4	SLE_GSE285773_CD4	SLE_GSE174188_CD4	frozen_geneformer	1130	1	0.5247729984504956
SLE_GSE285773_CD4_to_SLE_GSE174188_CD4	SLE_GSE285773_CD4	SLE_GSE174188_CD4	frozen_geneformer	1132	1	0.5094506321588684
SLE_GSE285773_CD4_to_SLE_GSE174188_CD4	SLE_GSE285773_CD4	SLE_GSE174188_CD4	frozen_geneformer	1165	1	0.5009578750653862
SLE_GSE285773_CD4_to_SLE_GSE174188_CD4	SLE_GSE285773_CD4	SLE_GSE174188_CD4	frozen_geneformer	1193	1	0.49756138753178736
SLE_GSE285773_CD4_to_SLE_GSE174188_CD4	SLE_GSE285773_CD4	SLE_GSE174188_CD4	frozen_geneformer	1195	1	0.4811988118976556
SLE_GSE285773_CD4_to_SLE_GSE174188_CD4	SLE_GSE285773_CD4	SLE_GSE174188_CD4	frozen_geneformer	1196	1	0.49781161350190783
SLE_GSE285773_CD4_to_SLE_GSE174188_CD4	SLE_GSE285773_CD4	SLE_GSE174188_CD4	frozen_geneformer	1197	1	0.49654530904869715
SLE_GSE285773_CD4_to_SLE_GSE174188_CD4	SLE_GSE285773_CD4	SLE_GSE174188_CD4	frozen_geneformer	1203	1	0.465340763516068
SLE_GSE285773_CD4_to_SLE_GSE174188_CD4	SLE_GSE285773_CD4	SLE_GSE174188_CD4	frozen_geneformer	1216	1	0.43350899611535215
SLE_GSE285773_CD4_to_SLE_GSE174188_CD4	SLE_GSE285773_CD4	SLE_GSE174188_CD4	frozen_geneformer	1219	1	0.43884817042071744
SLE_GSE285773_CD4_to_SLE_GSE174188_CD4	SLE_GSE285773_CD4	SLE_GSE174188_CD4	frozen_geneformer	1221	1	0.49030427035202856
SLE_GSE285773_CD4_to_SLE_GSE174188_CD4	SLE_GSE285773_CD4	SLE_GSE174188_CD4	frozen_geneformer	1222	1	0.4917381299225648
SLE_GSE285773_CD4_to_SLE_GSE174188_CD4	SLE_GSE285773_CD4	SLE_GSE174188_CD4	frozen_geneformer	1225	1	0.5114877785819352
SLE_GSE285773_CD4_to_SLE_GSE174188_CD4	SLE_GSE285773_CD4	SLE_GSE174188_CD4	frozen_geneformer	1226	1	0.4866882148560649
SLE_GSE285773_CD4_to_SLE_GSE174188_CD4	SLE_GSE285773_CD4	SLE_GSE174188_CD4	frozen_geneformer	1234	1	0.46905449413069705
SLE_GSE285773_CD4_to_SLE_GSE174188_CD4	SLE_GSE285773_CD4	SLE_GSE174188_CD4	frozen_geneformer	1240	1	0.5166288073558807
SLE_GSE285773_CD4_to_SLE_GSE174188_CD4	SLE_GSE285773_CD4	SLE_GSE174188_CD4	frozen_geneformer	1243	1	0.44644840481395964
SLE_GSE285773_CD4_to_SLE_GSE174188_CD4	SLE_GSE285773_CD4	SLE_GSE174188_CD4	frozen_geneformer	1248	1	0.4896500513644753
SLE_GSE285773_CD4_to_SLE_GSE174188_CD4	SLE_GSE285773_CD4	SLE_GSE174188_CD4	frozen_geneformer	1249	1	0.4494014539711779
SLE_GSE285773_CD4_to_SLE_GSE174188_CD4	SLE_GSE285773_CD4	SLE_GSE174188_CD4	frozen_geneformer	1250	1	0.47258189158358516
SLE_GSE285773_CD4_to_SLE_GSE174188_CD4	SLE_GSE285773_CD4	SLE_GSE174188_CD4	frozen_geneformer	1251	1	0.48983652070141165
SLE_GSE285773_CD4_to_SLE_GSE174188_CD4	SLE_GSE285773_CD4	SLE_GSE174188_CD4	frozen_geneformer	1256	1	0.4562518389233303
SLE_GSE285773_CD4_to_SLE_GSE174188_CD4	SLE_GSE285773_CD4	SLE_GSE174188_CD4	frozen_geneformer	1259	1	0.4856323947394043
SLE_GSE285773_CD4_to_SLE_GSE174188_CD4	SLE_GSE285773_CD4	SLE_GSE174188_CD4	frozen_geneformer	1262	1	0.4623295497896502
SLE_GSE285773_CD4_to_SLE_GSE174188_CD4	SLE_GSE285773_CD4	SLE_GSE174188_CD4	frozen_geneformer	1270	1	0.5192693147055749
SLE_GSE285773_CD4_to_SLE_GSE174188_CD4	SLE_GSE285773_CD4	SLE_GSE174188_CD4	frozen_geneformer	1279	1	0.5091418531091988
SLE_GSE285773_CD4_to_SLE_GSE174188_CD4	SLE_GSE285773_CD4	SLE_GSE174188_CD4	frozen_geneformer	1281	1	0.4876279286279401
SLE_GSE285773_CD4_to_SLE_GSE174188_CD4	SLE_GSE285773_CD4	SLE_GSE174188_CD4	frozen_geneformer	1285	1	0.5257123026810081
SLE_GSE285773_CD4_to_SLE_GSE174188_CD4	SLE_GSE285773_CD4	SLE_GSE174188_CD4	frozen_geneformer	1294	1	0.4650996222114928
SLE_GSE285773_CD4_to_SLE_GSE174188_CD4	SLE_GSE285773_CD4	SLE_GSE174188_CD4	frozen_geneformer	1297	1	0.4961092068969985
SLE_GSE285773_CD4_to_SLE_GSE174188_CD4	SLE_GSE285773_CD4	SLE_GSE174188_CD4	frozen_geneformer	1315	1	0.5054294094681054
SLE_GSE285773_CD4_to_SLE_GSE174188_CD4	SLE_GSE285773_CD4	SLE_GSE174188_CD4	frozen_geneformer	1320	1	0.5093884472794467
SLE_GSE285773_CD4_to_SLE_GSE174188_CD4	SLE_GSE285773_CD4	SLE_GSE174188_CD4	frozen_geneformer	1324	1	0.5353153293326327
SLE_GSE285773_CD4_to_SLE_GSE174188_CD4	SLE_GSE285773_CD4	SLE_GSE174188_CD4	frozen_geneformer	1325	1	0.49887003767660043
SLE_GSE285773_CD4_to_SLE_GSE174188_CD4	SLE_GSE285773_CD4	SLE_GSE174188_CD4	frozen_geneformer	1326	1	0.4889791047137842
SLE_GSE285773_CD4_to_SLE_GSE174188_CD4	SLE_GSE285773_CD4	SLE_GSE174188_CD4	frozen_geneformer	1329	1	0.48969426622088236
SLE_GSE285773_CD4_to_SLE_GSE174188_CD4	SLE_GSE285773_CD4	SLE_GSE174188_CD4	frozen_geneformer	1333	1	0.468505070035826
SLE_GSE285773_CD4_to_SLE_GSE174188_CD4	SLE_GSE285773_CD4	SLE_GSE174188_CD4	frozen_geneformer	1334	1	0.47313533962928433
SLE_GSE285773_CD4_to_SLE_GSE174188_CD4	SLE_GSE285773_CD4	SLE_GSE174188_CD4	frozen_geneformer	1337	1	0.4758396030608671
SLE_GSE285773_CD4_to_SLE_GSE174188_CD4	SLE_GSE285773_CD4	SLE_GSE174188_CD4	frozen_geneformer	1338	1	0.48471402397040875
SLE_GSE285773_CD4_to_SLE_GSE174188_CD4	SLE_GSE285773_CD4	SLE_GSE174188_CD4	frozen_geneformer	1340	1	0.47779930447758545
SLE_GSE285773_CD4_to_SLE_GSE174188_CD4	SLE_GSE285773_CD4	SLE_GSE174188_CD4	frozen_geneformer	1341	1	0.4430356978097483
SLE_GSE285773_CD4_to_SLE_GSE174188_CD4	SLE_GSE285773_CD4	SLE_GSE174188_CD4	frozen_geneformer	1366	1	0.5066828692731935
SLE_GSE285773_CD4_to_SLE_GSE174188_CD4	SLE_GSE285773_CD4	SLE_GSE174188_CD4	frozen_geneformer	1368	1	0.4608347430097433
SLE_GSE285773_CD4_to_SLE_GSE174188_CD4	SLE_GSE285773_CD4	SLE_GSE174188_CD4	frozen_geneformer	1404	1	0.4982356089214849
SLE_GSE285773_CD4_to_SLE_GSE174188_CD4	SLE_GSE285773_CD4	SLE_GSE174188_CD4	frozen_geneformer	1414	1	0.4921392682763804
SLE_GSE285773_CD4_to_SLE_GSE174188_CD4	SLE_GSE285773_CD4	SLE_GSE174188_CD4	frozen_geneformer	1417	1	0.5280782762597347
SLE_GSE285773_CD4_to_SLE_GSE174188_CD4	SLE_GSE285773_CD4	SLE_GSE174188_CD4	frozen_geneformer	1418	1	0.4984517507350406
SLE_GSE285773_CD4_to_SLE_GSE174188_CD4	SLE_GSE285773_CD4	SLE_GSE174188_CD4	frozen_geneformer	1419	1	0.46796565892359215
SLE_GSE285773_CD4_to_SLE_GSE174188_CD4	SLE_GSE285773_CD4	SLE_GSE174188_CD4	frozen_geneformer	1420	1	0.4734348372655719
SLE_GSE285773_CD4_to_SLE_GSE174188_CD4	SLE_GSE285773_CD4	SLE_GSE174188_CD4	frozen_geneformer	1445	1	0.4709192200570402
SLE_GSE285773_CD4_to_SLE_GSE174188_CD4	SLE_GSE285773_CD4	SLE_GSE174188_CD4	frozen_geneformer	1452	1	0.45564406819434927
SLE_GSE285773_CD4_to_SLE_GSE174188_CD4	SLE_GSE285773_CD4	SLE_GSE174188_CD4	frozen_geneformer	1472	1	0.5236658503975731
SLE_GSE285773_CD4_to_SLE_GSE174188_CD4	SLE_GSE285773_CD4	SLE_GSE174188_CD4	frozen_geneformer	1479	1	0.45087289921511614
SLE_GSE285773_CD4_to_SLE_GSE174188_CD4	SLE_GSE285773_CD4	SLE_GSE174188_CD4	frozen_geneformer	1480	1	0.49113237134207877
SLE_GSE285773_CD4_to_SLE_GSE174188_CD4	SLE_GSE285773_CD4	SLE_GSE174188_CD4	frozen_geneformer	1492	1	0.48893720405411484
SLE_GSE285773_CD4_to_SLE_GSE174188_CD4	SLE_GSE285773_CD4	SLE_GSE174188_CD4	frozen_geneformer	1493	1	0.4851657831540956
SLE_GSE285773_CD4_to_SLE_GSE174188_CD4	SLE_GSE285773_CD4	SLE_GSE174188_CD4	frozen_geneformer	1496	1	0.46840485651673214
SLE_GSE285773_CD4_to_SLE_GSE174188_CD4	SLE_GSE285773_CD4	SLE_GSE174188_CD4	frozen_geneformer	1510	1	0.45922352678239503
SLE_GSE285773_CD4_to_SLE_GSE174188_CD4	SLE_GSE285773_CD4	SLE_GSE174188_CD4	frozen_geneformer	1514	1	0.4556632294380399
SLE_GSE285773_CD4_to_SLE_GSE174188_CD4	SLE_GSE285773_CD4	SLE_GSE174188_CD4	frozen_geneformer	1522	1	0.528902273345519
SLE_GSE285773_CD4_to_SLE_GSE174188_CD4	SLE_GSE285773_CD4	SLE_GSE174188_CD4	frozen_geneformer	1535	1	0.5025478913061626
SLE_GSE285773_CD4_to_SLE_GSE174188_CD4	SLE_GSE285773_CD4	SLE_GSE174188_CD4	frozen_geneformer	1543	1	0.4863656456913913
SLE_GSE285773_CD4_to_SLE_GSE174188_CD4	SLE_GSE285773_CD4	SLE_GSE174188_CD4	frozen_geneformer	1545	1	0.4440585436482394
SLE_GSE285773_CD4_to_SLE_GSE174188_CD4	SLE_GSE285773_CD4	SLE_GSE174188_CD4	frozen_geneformer	1558	1	0.46739248855962473
SLE_GSE285773_CD4_to_SLE_GSE174188_CD4	SLE_GSE285773_CD4	SLE_GSE174188_CD4	frozen_geneformer	1567	1	0.482523920737914
SLE_GSE285773_CD4_to_SLE_GSE174188_CD4	SLE_GSE285773_CD4	SLE_GSE174188_CD4	frozen_geneformer	1569	1	0.5056738011088602
SLE_GSE285773_CD4_to_SLE_GSE174188_CD4	SLE_GSE285773_CD4	SLE_GSE174188_CD4	frozen_geneformer	1582	1	0.43789673724192185
SLE_GSE285773_CD4_to_SLE_GSE174188_CD4	SLE_GSE285773_CD4	SLE_GSE174188_CD4	frozen_geneformer	1584	1	0.4747467535972281
SLE_GSE285773_CD4_to_SLE_GSE174188_CD4	SLE_GSE285773_CD4	SLE_GSE174188_CD4	frozen_geneformer	1586	1	0.5100832561623788
SLE_GSE285773_CD4_to_SLE_GSE174188_CD4	SLE_GSE285773_CD4	SLE_GSE174188_CD4	frozen_geneformer	1588	1	0.46284124688480865
SLE_GSE285773_CD4_to_SLE_GSE174188_CD4	SLE_GSE285773_CD4	SLE_GSE174188_CD4	frozen_geneformer	1596	1	0.4812071930595119
SLE_GSE285773_CD4_to_SLE_GSE174188_CD4	SLE_GSE285773_CD4	SLE_GSE174188_CD4	frozen_geneformer	1597	1	0.45851000421160804
SLE_GSE285773_CD4_to_SLE_GSE174188_CD4	SLE_GSE285773_CD4	SLE_GSE174188_CD4	frozen_geneformer	1602	1	0.45520089501974353
SLE_GSE285773_CD4_to_SLE_GSE174188_CD4	SLE_GSE285773_CD4	SLE_GSE174188_CD4	frozen_geneformer	1614	1	0.4961238501484238
SLE_GSE285773_CD4_to_SLE_GSE174188_CD4	SLE_GSE285773_CD4	SLE_GSE174188_CD4	frozen_geneformer	1615	1	0.44415646553648785
SLE_GSE285773_CD4_to_SLE_GSE174188_CD4	SLE_GSE285773_CD4	SLE_GSE174188_CD4	frozen_geneformer	1621	1	0.5137273755333082
SLE_GSE285773_CD4_to_SLE_GSE174188_CD4	SLE_GSE285773_CD4	SLE_GSE174188_CD4	frozen_geneformer	1623	1	0.46456642067652737
SLE_GSE285773_CD4_to_SLE_GSE174188_CD4	SLE_GSE285773_CD4	SLE_GSE174188_CD4	frozen_geneformer	1633	1	0.4739120177029428
SLE_GSE285773_CD4_to_SLE_GSE174188_CD4	SLE_GSE285773_CD4	SLE_GSE174188_CD4	frozen_geneformer	1641	1	0.544565975769461
SLE_GSE285773_CD4_to_SLE_GSE174188_CD4	SLE_GSE285773_CD4	SLE_GSE174188_CD4	frozen_geneformer	1660	1	0.448209304561921
SLE_GSE285773_CD4_to_SLE_GSE174188_CD4	SLE_GSE285773_CD4	SLE_GSE174188_CD4	frozen_geneformer	1667	1	0.47314096361126434
SLE_GSE285773_CD4_to_SLE_GSE174188_CD4	SLE_GSE285773_CD4	SLE_GSE174188_CD4	frozen_geneformer	1672	1	0.47805325212335403
SLE_GSE285773_CD4_to_SLE_GSE174188_CD4	SLE_GSE285773_CD4	SLE_GSE174188_CD4	frozen_geneformer	1680	1	0.49459329339860797
SLE_GSE285773_CD4_to_SLE_GSE174188_CD4	SLE_GSE285773_CD4	SLE_GSE174188_CD4	frozen_geneformer	1682	1	0.4670752409813536
SLE_GSE285773_CD4_to_SLE_GSE174188_CD4	SLE_GSE285773_CD4	SLE_GSE174188_CD4	frozen_geneformer	1716	1	0.43870706056988507
SLE_GSE285773_CD4_to_SLE_GSE174188_CD4	SLE_GSE285773_CD4	SLE_GSE174188_CD4	frozen_geneformer	1721	1	0.505494021294598
SLE_GSE285773_CD4_to_SLE_GSE174188_CD4	SLE_GSE285773_CD4	SLE_GSE174188_CD4	frozen_geneformer	1726	1	0.4838878902105961
SLE_GSE285773_CD4_to_SLE_GSE174188_CD4	SLE_GSE285773_CD4	SLE_GSE174188_CD4	frozen_geneformer	1730	1	0.45454245231311413
SLE_GSE285773_CD4_to_SLE_GSE174188_CD4	SLE_GSE285773_CD4	SLE_GSE174188_CD4	frozen_geneformer	1731	1	0.45277763633960044
SLE_GSE285773_CD4_to_SLE_GSE174188_CD4	SLE_GSE285773_CD4	SLE_GSE174188_CD4	frozen_geneformer	1737	1	0.47028921823900227
SLE_GSE285773_CD4_to_SLE_GSE174188_CD4	SLE_GSE285773_CD4	SLE_GSE174188_CD4	frozen_geneformer	1741	1	0.48911972767054324
SLE_GSE285773_CD4_to_SLE_GSE174188_CD4	SLE_GSE285773_CD4	SLE_GSE174188_CD4	frozen_geneformer	1743	1	0.4571025871986461
SLE_GSE285773_CD4_to_SLE_GSE174188_CD4	SLE_GSE285773_CD4	SLE_GSE174188_CD4	frozen_geneformer	1754	1	0.5340225556741693
SLE_GSE285773_CD4_to_SLE_GSE174188_CD4	SLE_GSE285773_CD4	SLE_GSE174188_CD4	frozen_geneformer	1760	1	0.4913919557210815
SLE_GSE285773_CD4_to_SLE_GSE174188_CD4	SLE_GSE285773_CD4	SLE_GSE174188_CD4	frozen_geneformer	1763	1	0.5149461658133042
SLE_GSE285773_CD4_to_SLE_GSE174188_CD4	SLE_GSE285773_CD4	SLE_GSE174188_CD4	frozen_geneformer	1767	1	0.46564379061790667
SLE_GSE285773_CD4_to_SLE_GSE174188_CD4	SLE_GSE285773_CD4	SLE_GSE174188_CD4	frozen_geneformer	1768	1	0.4662341853632214
SLE_GSE285773_CD4_to_SLE_GSE174188_CD4	SLE_GSE285773_CD4	SLE_GSE174188_CD4	frozen_geneformer	1771	1	0.5351758549724533
SLE_GSE285773_CD4_to_SLE_GSE174188_CD4	SLE_GSE285773_CD4	SLE_GSE174188_CD4	frozen_geneformer	1772	1	0.4930359503480336
SLE_GSE285773_CD4_to_SLE_GSE174188_CD4	SLE_GSE285773_CD4	SLE_GSE174188_CD4	frozen_geneformer	1775	1	0.451054081613797
SLE_GSE285773_CD4_to_SLE_GSE174188_CD4	SLE_GSE285773_CD4	SLE_GSE174188_CD4	frozen_geneformer	1785	1	0.5032521121938572
SLE_GSE285773_CD4_to_SLE_GSE174188_CD4	SLE_GSE285773_CD4	SLE_GSE174188_CD4	frozen_geneformer	1791	1	0.5166498081634582
SLE_GSE285773_CD4_to_SLE_GSE174188_CD4	SLE_GSE285773_CD4	SLE_GSE174188_CD4	frozen_geneformer	1799	1	0.4426257411015908
SLE_GSE285773_CD4_to_SLE_GSE174188_CD4	SLE_GSE285773_CD4	SLE_GSE174188_CD4	frozen_geneformer	1804	1	0.4478989589114986
SLE_GSE285773_CD4_to_SLE_GSE174188_CD4	SLE_GSE285773_CD4	SLE_GSE174188_CD4	frozen_geneformer	1811	1	0.4746650967664914
SLE_GSE285773_CD4_to_SLE_GSE174188_CD4	SLE_GSE285773_CD4	SLE_GSE174188_CD4	frozen_geneformer	1815	1	0.5223457298340398
SLE_GSE285773_CD4_to_SLE_GSE174188_CD4	SLE_GSE285773_CD4	SLE_GSE174188_CD4	frozen_geneformer	1827	1	0.44585760589269063
SLE_GSE285773_CD4_to_SLE_GSE174188_CD4	SLE_GSE285773_CD4	SLE_GSE174188_CD4	frozen_geneformer	1829	1	0.4864918483185498
SLE_GSE285773_CD4_to_SLE_GSE174188_CD4	SLE_GSE285773_CD4	SLE_GSE174188_CD4	frozen_geneformer	1848	1	0.4922760689376997
SLE_GSE285773_CD4_to_SLE_GSE174188_CD4	SLE_GSE285773_CD4	SLE_GSE174188_CD4	frozen_geneformer	1857	1	0.5380468592171689
SLE_GSE285773_CD4_to_SLE_GSE174188_CD4	SLE_GSE285773_CD4	SLE_GSE174188_CD4	frozen_geneformer	1881	1	0.5148359089605705
SLE_GSE285773_CD4_to_SLE_GSE174188_CD4	SLE_GSE285773_CD4	SLE_GSE174188_CD4	frozen_geneformer	1886	1	0.45890949347205434
SLE_GSE285773_CD4_to_SLE_GSE174188_CD4	SLE_GSE285773_CD4	SLE_GSE174188_CD4	frozen_geneformer	1888	1	0.4498833173374794
SLE_GSE285773_CD4_to_SLE_GSE174188_CD4	SLE_GSE285773_CD4	SLE_GSE174188_CD4	frozen_geneformer	1891	1	0.45508702489808317
SLE_GSE285773_CD4_to_SLE_GSE174188_CD4	SLE_GSE285773_CD4	SLE_GSE174188_CD4	frozen_geneformer	1892	1	0.48428908792119163
SLE_GSE285773_CD4_to_SLE_GSE174188_CD4	SLE_GSE285773_CD4	SLE_GSE174188_CD4	frozen_geneformer	1909	1	0.47180641285575176
SLE_GSE285773_CD4_to_SLE_GSE174188_CD4	SLE_GSE285773_CD4	SLE_GSE174188_CD4	frozen_geneformer	1928	1	0.47480139933034415
SLE_GSE285773_CD4_to_SLE_GSE174188_CD4	SLE_GSE285773_CD4	SLE_GSE174188_CD4	frozen_geneformer	1941	1	0.5046843333789839
SLE_GSE285773_CD4_to_SLE_GSE174188_CD4	SLE_GSE285773_CD4	SLE_GSE174188_CD4	frozen_geneformer	1947	1	0.4796131596852243
SLE_GSE285773_CD4_to_SLE_GSE174188_CD4	SLE_GSE285773_CD4	SLE_GSE174188_CD4	frozen_geneformer	1958	1	0.45834288088438185
SLE_GSE285773_CD4_to_SLE_GSE174188_CD4	SLE_GSE285773_CD4	SLE_GSE174188_CD4	frozen_geneformer	1961	1	0.5290035900590254
SLE_GSE285773_CD4_to_SLE_GSE174188_CD4	SLE_GSE285773_CD4	SLE_GSE174188_CD4	frozen_geneformer	2061	1	0.4714059012709196
SLE_GSE285773_CD4_to_SLE_GSE174188_CD4	SLE_GSE285773_CD4	SLE_GSE174188_CD4	frozen_geneformer	2082	1	0.47444620351152006
SLE_GSE285773_CD4_to_SLE_GSE174188_CD4	SLE_GSE285773_CD4	SLE_GSE174188_CD4	frozen_geneformer	2132	1	0.5403147599196697
SLE_GSE285773_CD4_to_SLE_GSE174188_CD4	SLE_GSE285773_CD4	SLE_GSE174188_CD4	frozen_geneformer	2135	1	0.4986385942672128
SLE_GSE285773_CD4_to_SLE_GSE174188_CD4	SLE_GSE285773_CD4	SLE_GSE174188_CD4	frozen_geneformer	FLARE001	1	0.4766343482016613
SLE_GSE285773_CD4_to_SLE_GSE174188_CD4	SLE_GSE285773_CD4	SLE_GSE174188_CD4	frozen_geneformer	FLARE004	1	0.47515522932967846
SLE_GSE285773_CD4_to_SLE_GSE174188_CD4	SLE_GSE285773_CD4	SLE_GSE174188_CD4	frozen_geneformer	FLARE005	1	0.4785079797533868
SLE_GSE285773_CD4_to_SLE_GSE174188_CD4	SLE_GSE285773_CD4	SLE_GSE174188_CD4	frozen_geneformer	FLARE006	1	0.47995553552028153
SLE_GSE285773_CD4_to_SLE_GSE174188_CD4	SLE_GSE285773_CD4	SLE_GSE174188_CD4	frozen_geneformer	FLARE007	1	0.5332328522721291
SLE_GSE285773_CD4_to_SLE_GSE174188_CD4	SLE_GSE285773_CD4	SLE_GSE174188_CD4	frozen_geneformer	FLARE009	1	0.5516912860833983
SLE_GSE285773_CD4_to_SLE_GSE174188_CD4	SLE_GSE285773_CD4	SLE_GSE174188_CD4	frozen_geneformer	FLARE010	1	0.5110495030734404
SLE_GSE285773_CD4_to_SLE_GSE174188_CD4	SLE_GSE285773_CD4	SLE_GSE174188_CD4	frozen_geneformer	FLARE011	1	0.512090684279479
SLE_GSE285773_CD4_to_SLE_GSE174188_CD4	SLE_GSE285773_CD4	SLE_GSE174188_CD4	frozen_geneformer	FLARE013	1	0.4843571902156923
SLE_GSE285773_CD4_to_SLE_GSE174188_CD4	SLE_GSE285773_CD4	SLE_GSE174188_CD4	frozen_geneformer	FLARE014	1	0.4824437895816454
SLE_GSE285773_CD4_to_SLE_GSE174188_CD4	SLE_GSE285773_CD4	SLE_GSE174188_CD4	frozen_geneformer	FLARE015	1	0.46613702658031014
SLE_GSE285773_CD4_to_SLE_GSE174188_CD4	SLE_GSE285773_CD4	SLE_GSE174188_CD4	frozen_geneformer	FLARE016	1	0.4883464133968323
SLE_GSE285773_CD4_to_SLE_GSE174188_CD4	SLE_GSE285773_CD4	SLE_GSE174188_CD4	frozen_geneformer	FLARE017	1	0.4997622750404004
SLE_GSE285773_CD4_to_SLE_GSE174188_CD4	SLE_GSE285773_CD4	SLE_GSE174188_CD4	frozen_geneformer	FLARE020	1	0.4724681664132809
SLE_GSE285773_CD4_to_SLE_GSE174188_CD4	SLE_GSE285773_CD4	SLE_GSE174188_CD4	frozen_geneformer	HC-002	0	0.44243612127296955
SLE_GSE285773_CD4_to_SLE_GSE174188_CD4	SLE_GSE285773_CD4	SLE_GSE174188_CD4	frozen_geneformer	HC-006	0	0.489368869400285
SLE_GSE285773_CD4_to_SLE_GSE174188_CD4	SLE_GSE285773_CD4	SLE_GSE174188_CD4	frozen_geneformer	HC-008	0	0.4349029379070473
SLE_GSE285773_CD4_to_SLE_GSE174188_CD4	SLE_GSE285773_CD4	SLE_GSE174188_CD4	frozen_geneformer	HC-009	0	0.4363955444777544
SLE_GSE285773_CD4_to_SLE_GSE174188_CD4	SLE_GSE285773_CD4	SLE_GSE174188_CD4	frozen_geneformer	HC-011	0	0.47534766310322596
SLE_GSE285773_CD4_to_SLE_GSE174188_CD4	SLE_GSE285773_CD4	SLE_GSE174188_CD4	frozen_geneformer	HC-014	0	0.484604974763517
SLE_GSE285773_CD4_to_SLE_GSE174188_CD4	SLE_GSE285773_CD4	SLE_GSE174188_CD4	frozen_geneformer	HC-015	0	0.448744940716925
SLE_GSE285773_CD4_to_SLE_GSE174188_CD4	SLE_GSE285773_CD4	SLE_GSE174188_CD4	frozen_geneformer	HC-019	0	0.4529508961162726
SLE_GSE285773_CD4_to_SLE_GSE174188_CD4	SLE_GSE285773_CD4	SLE_GSE174188_CD4	frozen_geneformer	HC-020	0	0.465105190840904
SLE_GSE285773_CD4_to_SLE_GSE174188_CD4	SLE_GSE285773_CD4	SLE_GSE174188_CD4	frozen_geneformer	HC-022	0	0.4680970799347548
SLE_GSE285773_CD4_to_SLE_GSE174188_CD4	SLE_GSE285773_CD4	SLE_GSE174188_CD4	frozen_geneformer	HC-500	0	0.45702028568019953
SLE_GSE285773_CD4_to_SLE_GSE174188_CD4	SLE_GSE285773_CD4	SLE_GSE174188_CD4	frozen_geneformer	HC-501	0	0.4693012346461825
SLE_GSE285773_CD4_to_SLE_GSE174188_CD4	SLE_GSE285773_CD4	SLE_GSE174188_CD4	frozen_geneformer	HC-502	0	0.443029282210237
SLE_GSE285773_CD4_to_SLE_GSE174188_CD4	SLE_GSE285773_CD4	SLE_GSE174188_CD4	frozen_geneformer	HC-503	0	0.473014571373168
SLE_GSE285773_CD4_to_SLE_GSE174188_CD4	SLE_GSE285773_CD4	SLE_GSE174188_CD4	frozen_geneformer	HC-504	0	0.4546407923430846
SLE_GSE285773_CD4_to_SLE_GSE174188_CD4	SLE_GSE285773_CD4	SLE_GSE174188_CD4	frozen_geneformer	HC-506	0	0.450433450775777
SLE_GSE285773_CD4_to_SLE_GSE174188_CD4	SLE_GSE285773_CD4	SLE_GSE174188_CD4	frozen_geneformer	HC-508	0	0.4635887568655125
SLE_GSE285773_CD4_to_SLE_GSE174188_CD4	SLE_GSE285773_CD4	SLE_GSE174188_CD4	frozen_geneformer	HC-512	0	0.47701874733311
SLE_GSE285773_CD4_to_SLE_GSE174188_CD4	SLE_GSE285773_CD4	SLE_GSE174188_CD4	frozen_geneformer	HC-516	0	0.4505167873541697
SLE_GSE285773_CD4_to_SLE_GSE174188_CD4	SLE_GSE285773_CD4	SLE_GSE174188_CD4	frozen_geneformer	HC-519	0	0.44077619984699334
SLE_GSE285773_CD4_to_SLE_GSE174188_CD4	SLE_GSE285773_CD4	SLE_GSE174188_CD4	frozen_geneformer	HC-520	0	0.4397488471857156
SLE_GSE285773_CD4_to_SLE_GSE174188_CD4	SLE_GSE285773_CD4	SLE_GSE174188_CD4	frozen_geneformer	HC-524	0	0.47635700102823564
SLE_GSE285773_CD4_to_SLE_GSE174188_CD4	SLE_GSE285773_CD4	SLE_GSE174188_CD4	frozen_geneformer	HC-526	0	0.46594270299155777
SLE_GSE285773_CD4_to_SLE_GSE174188_CD4	SLE_GSE285773_CD4	SLE_GSE174188_CD4	frozen_geneformer	HC-531	0	0.45475718692889483
SLE_GSE285773_CD4_to_SLE_GSE174188_CD4	SLE_GSE285773_CD4	SLE_GSE174188_CD4	frozen_geneformer	HC-532	0	0.4417241416906111
SLE_GSE285773_CD4_to_SLE_GSE174188_CD4	SLE_GSE285773_CD4	SLE_GSE174188_CD4	frozen_geneformer	HC-533	0	0.4542907652173788
SLE_GSE285773_CD4_to_SLE_GSE174188_CD4	SLE_GSE285773_CD4	SLE_GSE174188_CD4	frozen_geneformer	HC-536	0	0.4517402166244873
SLE_GSE285773_CD4_to_SLE_GSE174188_CD4	SLE_GSE285773_CD4	SLE_GSE174188_CD4	frozen_geneformer	HC-538	0	0.4591437321813752
SLE_GSE285773_CD4_to_SLE_GSE174188_CD4	SLE_GSE285773_CD4	SLE_GSE174188_CD4	frozen_geneformer	HC-540	0	0.48640766339594177
SLE_GSE285773_CD4_to_SLE_GSE174188_CD4	SLE_GSE285773_CD4	SLE_GSE174188_CD4	frozen_geneformer	HC-541	0	0.4604261335274056
SLE_GSE285773_CD4_to_SLE_GSE174188_CD4	SLE_GSE285773_CD4	SLE_GSE174188_CD4	frozen_geneformer	HC-543	0	0.46217905280885735
SLE_GSE285773_CD4_to_SLE_GSE174188_CD4	SLE_GSE285773_CD4	SLE_GSE174188_CD4	frozen_geneformer	HC-545	0	0.46102965432907733
SLE_GSE285773_CD4_to_SLE_GSE174188_CD4	SLE_GSE285773_CD4	SLE_GSE174188_CD4	frozen_geneformer	HC-546	0	0.4501459351912609
SLE_GSE285773_CD4_to_SLE_GSE174188_CD4	SLE_GSE285773_CD4	SLE_GSE174188_CD4	frozen_geneformer	HC-551	0	0.45942813388978365
SLE_GSE285773_CD4_to_SLE_GSE174188_CD4	SLE_GSE285773_CD4	SLE_GSE174188_CD4	frozen_geneformer	HC-552	0	0.44951481055541087
SLE_GSE285773_CD4_to_SLE_GSE174188_CD4	SLE_GSE285773_CD4	SLE_GSE174188_CD4	frozen_geneformer	HC-554	0	0.46183651043551327
SLE_GSE285773_CD4_to_SLE_GSE174188_CD4	SLE_GSE285773_CD4	SLE_GSE174188_CD4	frozen_geneformer	HC-556	0	0.4392913642600827
SLE_GSE285773_CD4_to_SLE_GSE174188_CD4	SLE_GSE285773_CD4	SLE_GSE174188_CD4	frozen_geneformer	HC-558	0	0.43971349750338634
SLE_GSE285773_CD4_to_SLE_GSE174188_CD4	SLE_GSE285773_CD4	SLE_GSE174188_CD4	frozen_geneformer	HC-563	0	0.44030562393707456
SLE_GSE285773_CD4_to_SLE_GSE174188_CD4	SLE_GSE285773_CD4	SLE_GSE174188_CD4	frozen_geneformer	HC-566	0	0.44305745549156567
SLE_GSE285773_CD4_to_SLE_GSE174188_CD4	SLE_GSE285773_CD4	SLE_GSE174188_CD4	frozen_geneformer	HC-567	0	0.44814569469266785
SLE_GSE285773_CD4_to_SLE_GSE174188_CD4	SLE_GSE285773_CD4	SLE_GSE174188_CD4	frozen_geneformer	HC-571	0	0.45441856270838504
SLE_GSE285773_CD4_to_SLE_GSE174188_CD4	SLE_GSE285773_CD4	SLE_GSE174188_CD4	frozen_geneformer	HC-572	0	0.4634608652953051
SLE_GSE285773_CD4_to_SLE_GSE174188_CD4	SLE_GSE285773_CD4	SLE_GSE174188_CD4	frozen_geneformer	HC-573	0	0.4457741682404361
SLE_GSE285773_CD4_to_SLE_GSE174188_CD4	SLE_GSE285773_CD4	SLE_GSE174188_CD4	frozen_geneformer	HC-574	0	0.45750353965412227
SLE_GSE285773_CD4_to_SLE_GSE174188_CD4	SLE_GSE285773_CD4	SLE_GSE174188_CD4	frozen_geneformer	HC-578	0	0.45953582588140723
SLE_GSE285773_CD4_to_SLE_GSE174188_CD4	SLE_GSE285773_CD4	SLE_GSE174188_CD4	frozen_geneformer	HC-580	0	0.45116143628185135
SLE_GSE285773_CD4_to_SLE_GSE174188_CD4	SLE_GSE285773_CD4	SLE_GSE174188_CD4	frozen_geneformer	HC-585	0	0.44096499649675125
SLE_GSE285773_CD4_to_SLE_GSE174188_CD4	SLE_GSE285773_CD4	SLE_GSE174188_CD4	frozen_geneformer	ICC_control	0	0.44847537815896527
SLE_GSE285773_CD4_to_SLE_GSE174188_CD4	SLE_GSE285773_CD4	SLE_GSE174188_CD4	frozen_geneformer	IGTB1290	0	0.4474691618612013
SLE_GSE285773_CD4_to_SLE_GSE174188_CD4	SLE_GSE285773_CD4	SLE_GSE174188_CD4	frozen_geneformer	IGTB1372	0	0.44238317065784544
SLE_GSE285773_CD4_to_SLE_GSE174188_CD4	SLE_GSE285773_CD4	SLE_GSE174188_CD4	frozen_geneformer	IGTB141	0	0.44749731234105683
SLE_GSE285773_CD4_to_SLE_GSE174188_CD4	SLE_GSE285773_CD4	SLE_GSE174188_CD4	frozen_geneformer	IGTB143	0	0.4206576244684993
SLE_GSE285773_CD4_to_SLE_GSE174188_CD4	SLE_GSE285773_CD4	SLE_GSE174188_CD4	frozen_geneformer	IGTB1506	0	0.4435399909178114
SLE_GSE285773_CD4_to_SLE_GSE174188_CD4	SLE_GSE285773_CD4	SLE_GSE174188_CD4	frozen_geneformer	IGTB1539	0	0.4520250301994584
SLE_GSE285773_CD4_to_SLE_GSE174188_CD4	SLE_GSE285773_CD4	SLE_GSE174188_CD4	frozen_geneformer	IGTB1540	0	0.4419487965355105
SLE_GSE285773_CD4_to_SLE_GSE174188_CD4	SLE_GSE285773_CD4	SLE_GSE174188_CD4	frozen_geneformer	IGTB1542	0	0.43086749410446695
SLE_GSE285773_CD4_to_SLE_GSE174188_CD4	SLE_GSE285773_CD4	SLE_GSE174188_CD4	frozen_geneformer	IGTB1575	0	0.4399450147406116
SLE_GSE285773_CD4_to_SLE_GSE174188_CD4	SLE_GSE285773_CD4	SLE_GSE174188_CD4	frozen_geneformer	IGTB1650	0	0.4617976109469694
SLE_GSE285773_CD4_to_SLE_GSE174188_CD4	SLE_GSE285773_CD4	SLE_GSE174188_CD4	frozen_geneformer	IGTB1731	0	0.45659411474303857
SLE_GSE285773_CD4_to_SLE_GSE174188_CD4	SLE_GSE285773_CD4	SLE_GSE174188_CD4	frozen_geneformer	IGTB1762	0	0.4316559059935838
SLE_GSE285773_CD4_to_SLE_GSE174188_CD4	SLE_GSE285773_CD4	SLE_GSE174188_CD4	frozen_geneformer	IGTB1768	0	0.4535231746202113
SLE_GSE285773_CD4_to_SLE_GSE174188_CD4	SLE_GSE285773_CD4	SLE_GSE174188_CD4	frozen_geneformer	IGTB1789	0	0.4382643502419446
SLE_GSE285773_CD4_to_SLE_GSE174188_CD4	SLE_GSE285773_CD4	SLE_GSE174188_CD4	frozen_geneformer	IGTB1793	0	0.4432272923060582
SLE_GSE285773_CD4_to_SLE_GSE174188_CD4	SLE_GSE285773_CD4	SLE_GSE174188_CD4	frozen_geneformer	IGTB1814	0	0.467602512547173
SLE_GSE285773_CD4_to_SLE_GSE174188_CD4	SLE_GSE285773_CD4	SLE_GSE174188_CD4	frozen_geneformer	IGTB1815	0	0.4430722988757477
SLE_GSE285773_CD4_to_SLE_GSE174188_CD4	SLE_GSE285773_CD4	SLE_GSE174188_CD4	frozen_geneformer	IGTB1819	0	0.4211350414832142
SLE_GSE285773_CD4_to_SLE_GSE174188_CD4	SLE_GSE285773_CD4	SLE_GSE174188_CD4	frozen_geneformer	IGTB1826	0	0.45141846979876893
SLE_GSE285773_CD4_to_SLE_GSE174188_CD4	SLE_GSE285773_CD4	SLE_GSE174188_CD4	frozen_geneformer	IGTB1827	0	0.449806188619452
SLE_GSE285773_CD4_to_SLE_GSE174188_CD4	SLE_GSE285773_CD4	SLE_GSE174188_CD4	frozen_geneformer	IGTB1828	0	0.44649730567588664
SLE_GSE285773_CD4_to_SLE_GSE174188_CD4	SLE_GSE285773_CD4	SLE_GSE174188_CD4	frozen_geneformer	IGTB1840	0	0.42251321042007595
SLE_GSE285773_CD4_to_SLE_GSE174188_CD4	SLE_GSE285773_CD4	SLE_GSE174188_CD4	frozen_geneformer	IGTB1844	0	0.46607167365830776
SLE_GSE285773_CD4_to_SLE_GSE174188_CD4	SLE_GSE285773_CD4	SLE_GSE174188_CD4	frozen_geneformer	IGTB1871	0	0.4442747405691868
SLE_GSE285773_CD4_to_SLE_GSE174188_CD4	SLE_GSE285773_CD4	SLE_GSE174188_CD4	frozen_geneformer	IGTB1895	0	0.4311303922568837
SLE_GSE285773_CD4_to_SLE_GSE174188_CD4	SLE_GSE285773_CD4	SLE_GSE174188_CD4	frozen_geneformer	IGTB1901	0	0.41966955131807243
SLE_GSE285773_CD4_to_SLE_GSE174188_CD4	SLE_GSE285773_CD4	SLE_GSE174188_CD4	frozen_geneformer	IGTB1906	0	0.4472340598612095
SLE_GSE285773_CD4_to_SLE_GSE174188_CD4	SLE_GSE285773_CD4	SLE_GSE174188_CD4	frozen_geneformer	IGTB1908	0	0.4698729197669705
SLE_GSE285773_CD4_to_SLE_GSE174188_CD4	SLE_GSE285773_CD4	SLE_GSE174188_CD4	frozen_geneformer	IGTB1913	0	0.4541152238294211
SLE_GSE285773_CD4_to_SLE_GSE174188_CD4	SLE_GSE285773_CD4	SLE_GSE174188_CD4	frozen_geneformer	IGTB1916	0	0.4549191591799754
SLE_GSE285773_CD4_to_SLE_GSE174188_CD4	SLE_GSE285773_CD4	SLE_GSE174188_CD4	frozen_geneformer	IGTB1921	0	0.44225468287713027
SLE_GSE285773_CD4_to_SLE_GSE174188_CD4	SLE_GSE285773_CD4	SLE_GSE174188_CD4	frozen_geneformer	IGTB195	0	0.4371144701588726
SLE_GSE285773_CD4_to_SLE_GSE174188_CD4	SLE_GSE285773_CD4	SLE_GSE174188_CD4	frozen_geneformer	IGTB1952	0	0.4291322103942502
SLE_GSE285773_CD4_to_SLE_GSE174188_CD4	SLE_GSE285773_CD4	SLE_GSE174188_CD4	frozen_geneformer	IGTB1966	0	0.4404152759512778
SLE_GSE285773_CD4_to_SLE_GSE174188_CD4	SLE_GSE285773_CD4	SLE_GSE174188_CD4	frozen_geneformer	IGTB1974	0	0.4523854027575685
SLE_GSE285773_CD4_to_SLE_GSE174188_CD4	SLE_GSE285773_CD4	SLE_GSE174188_CD4	frozen_geneformer	IGTB1982	0	0.42621780245004853
SLE_GSE285773_CD4_to_SLE_GSE174188_CD4	SLE_GSE285773_CD4	SLE_GSE174188_CD4	frozen_geneformer	IGTB1987	0	0.4455274620895536
SLE_GSE285773_CD4_to_SLE_GSE174188_CD4	SLE_GSE285773_CD4	SLE_GSE174188_CD4	frozen_geneformer	IGTB1996	0	0.4487490920269602
SLE_GSE285773_CD4_to_SLE_GSE174188_CD4	SLE_GSE285773_CD4	SLE_GSE174188_CD4	frozen_geneformer	IGTB2007	0	0.43725802018009186
SLE_GSE285773_CD4_to_SLE_GSE174188_CD4	SLE_GSE285773_CD4	SLE_GSE174188_CD4	frozen_geneformer	IGTB2065	0	0.42644481996069966
SLE_GSE285773_CD4_to_SLE_GSE174188_CD4	SLE_GSE285773_CD4	SLE_GSE174188_CD4	frozen_geneformer	IGTB256	0	0.44959604314825663
SLE_GSE285773_CD4_to_SLE_GSE174188_CD4	SLE_GSE285773_CD4	SLE_GSE174188_CD4	frozen_geneformer	IGTB469	0	0.43915958983497055
SLE_GSE285773_CD4_to_SLE_GSE174188_CD4	SLE_GSE285773_CD4	SLE_GSE174188_CD4	frozen_geneformer	IGTB498	0	0.4331559603095068
SLE_GSE285773_CD4_to_SLE_GSE174188_CD4	SLE_GSE285773_CD4	SLE_GSE174188_CD4	frozen_geneformer	IGTB508	0	0.4405244459968181
SLE_GSE285773_CD4_to_SLE_GSE174188_CD4	SLE_GSE285773_CD4	SLE_GSE174188_CD4	frozen_geneformer	IGTB514	0	0.4445922032143382
SLE_GSE285773_CD4_to_SLE_GSE174188_CD4	SLE_GSE285773_CD4	SLE_GSE174188_CD4	frozen_geneformer	IGTB645	0	0.42600290483415065
SLE_GSE285773_CD4_to_SLE_GSE174188_CD4	SLE_GSE285773_CD4	SLE_GSE174188_CD4	frozen_geneformer	IGTB670	0	0.43221616524992357
SLE_GSE285773_CD4_to_SLE_GSE174188_CD4	SLE_GSE285773_CD4	SLE_GSE174188_CD4	frozen_geneformer	IGTB826	0	0.44641280953279017
SLE_GSE285773_CD4_to_SLE_GSE174188_CD4	SLE_GSE285773_CD4	SLE_GSE174188_CD4	frozen_geneformer	IGTB884	0	0.43413681112368246
SLE_GSE285773_CD4_to_SLE_GSE174188_CD4	SLE_GSE285773_CD4	SLE_GSE174188_CD4	frozen_geneformer	IGTB986	0	0.4597765739145868
SLE_GSE285773_CD4_to_SLE_GSE174188_CD4	SLE_GSE285773_CD4	SLE_GSE174188_CD4	source_hvg_pseudobulk	1004	1	0.38288136165395015
SLE_GSE285773_CD4_to_SLE_GSE174188_CD4	SLE_GSE285773_CD4	SLE_GSE174188_CD4	source_hvg_pseudobulk	1014	1	0.5579884407933221
SLE_GSE285773_CD4_to_SLE_GSE174188_CD4	SLE_GSE285773_CD4	SLE_GSE174188_CD4	source_hvg_pseudobulk	1015	1	0.5267157524530934
SLE_GSE285773_CD4_to_SLE_GSE174188_CD4	SLE_GSE285773_CD4	SLE_GSE174188_CD4	source_hvg_pseudobulk	1019	1	0.24255807271644228
SLE_GSE285773_CD4_to_SLE_GSE174188_CD4	SLE_GSE285773_CD4	SLE_GSE174188_CD4	source_hvg_pseudobulk	1022	1	0.6390928775724539
SLE_GSE285773_CD4_to_SLE_GSE174188_CD4	SLE_GSE285773_CD4	SLE_GSE174188_CD4	source_hvg_pseudobulk	1031	1	0.4424111761065838
SLE_GSE285773_CD4_to_SLE_GSE174188_CD4	SLE_GSE285773_CD4	SLE_GSE174188_CD4	source_hvg_pseudobulk	1039	1	0.43261608129976287
SLE_GSE285773_CD4_to_SLE_GSE174188_CD4	SLE_GSE285773_CD4	SLE_GSE174188_CD4	source_hvg_pseudobulk	1045	1	0.7981961979620302
SLE_GSE285773_CD4_to_SLE_GSE174188_CD4	SLE_GSE285773_CD4	SLE_GSE174188_CD4	source_hvg_pseudobulk	1046	1	0.35860232774034617
SLE_GSE285773_CD4_to_SLE_GSE174188_CD4	SLE_GSE285773_CD4	SLE_GSE174188_CD4	source_hvg_pseudobulk	1051	1	0.5088291137099843
SLE_GSE285773_CD4_to_SLE_GSE174188_CD4	SLE_GSE285773_CD4	SLE_GSE174188_CD4	source_hvg_pseudobulk	1054	1	0.20928485993067467
SLE_GSE285773_CD4_to_SLE_GSE174188_CD4	SLE_GSE285773_CD4	SLE_GSE174188_CD4	source_hvg_pseudobulk	1056	1	0.4372915520606446
SLE_GSE285773_CD4_to_SLE_GSE174188_CD4	SLE_GSE285773_CD4	SLE_GSE174188_CD4	source_hvg_pseudobulk	1063	1	0.29942702167334423
SLE_GSE285773_CD4_to_SLE_GSE174188_CD4	SLE_GSE285773_CD4	SLE_GSE174188_CD4	source_hvg_pseudobulk	1068	1	0.3064869166490348
SLE_GSE285773_CD4_to_SLE_GSE174188_CD4	SLE_GSE285773_CD4	SLE_GSE174188_CD4	source_hvg_pseudobulk	1078	1	0.6643540534622201
SLE_GSE285773_CD4_to_SLE_GSE174188_CD4	SLE_GSE285773_CD4	SLE_GSE174188_CD4	source_hvg_pseudobulk	1087	1	0.30176798165671265
SLE_GSE285773_CD4_to_SLE_GSE174188_CD4	SLE_GSE285773_CD4	SLE_GSE174188_CD4	source_hvg_pseudobulk	1101	1	0.7473770268803999
SLE_GSE285773_CD4_to_SLE_GSE174188_CD4	SLE_GSE285773_CD4	SLE_GSE174188_CD4	source_hvg_pseudobulk	1110	1	0.38701970933783814
SLE_GSE285773_CD4_to_SLE_GSE174188_CD4	SLE_GSE285773_CD4	SLE_GSE174188_CD4	source_hvg_pseudobulk	1119	1	0.5463810793733613
SLE_GSE285773_CD4_to_SLE_GSE174188_CD4	SLE_GSE285773_CD4	SLE_GSE174188_CD4	source_hvg_pseudobulk	1121	1	0.47586139866994415
SLE_GSE285773_CD4_to_SLE_GSE174188_CD4	SLE_GSE285773_CD4	SLE_GSE174188_CD4	source_hvg_pseudobulk	1122	1	0.23207091615026126
SLE_GSE285773_CD4_to_SLE_GSE174188_CD4	SLE_GSE285773_CD4	SLE_GSE174188_CD4	source_hvg_pseudobulk	1127	1	0.1501286595552472
SLE_GSE285773_CD4_to_SLE_GSE174188_CD4	SLE_GSE285773_CD4	SLE_GSE174188_CD4	source_hvg_pseudobulk	1130	1	0.6235053350873261
SLE_GSE285773_CD4_to_SLE_GSE174188_CD4	SLE_GSE285773_CD4	SLE_GSE174188_CD4	source_hvg_pseudobulk	1132	1	0.516538912526318
SLE_GSE285773_CD4_to_SLE_GSE174188_CD4	SLE_GSE285773_CD4	SLE_GSE174188_CD4	source_hvg_pseudobulk	1165	1	0.7454092134661654
SLE_GSE285773_CD4_to_SLE_GSE174188_CD4	SLE_GSE285773_CD4	SLE_GSE174188_CD4	source_hvg_pseudobulk	1193	1	0.6405946164770491
SLE_GSE285773_CD4_to_SLE_GSE174188_CD4	SLE_GSE285773_CD4	SLE_GSE174188_CD4	source_hvg_pseudobulk	1195	1	0.534904044961071
SLE_GSE285773_CD4_to_SLE_GSE174188_CD4	SLE_GSE285773_CD4	SLE_GSE174188_CD4	source_hvg_pseudobulk	1196	1	0.30804510130965035
SLE_GSE285773_CD4_to_SLE_GSE174188_CD4	SLE_GSE285773_CD4	SLE_GSE174188_CD4	source_hvg_pseudobulk	1197	1	0.6703785124655737
SLE_GSE285773_CD4_to_SLE_GSE174188_CD4	SLE_GSE285773_CD4	SLE_GSE174188_CD4	source_hvg_pseudobulk	1203	1	0.21587781379325016
SLE_GSE285773_CD4_to_SLE_GSE174188_CD4	SLE_GSE285773_CD4	SLE_GSE174188_CD4	source_hvg_pseudobulk	1216	1	0.19127120081997667
SLE_GSE285773_CD4_to_SLE_GSE174188_CD4	SLE_GSE285773_CD4	SLE_GSE174188_CD4	source_hvg_pseudobulk	1219	1	0.1514208806847334
SLE_GSE285773_CD4_to_SLE_GSE174188_CD4	SLE_GSE285773_CD4	SLE_GSE174188_CD4	source_hvg_pseudobulk	1221	1	0.47063264553306455
SLE_GSE285773_CD4_to_SLE_GSE174188_CD4	SLE_GSE285773_CD4	SLE_GSE174188_CD4	source_hvg_pseudobulk	1222	1	0.5276373958753416
SLE_GSE285773_CD4_to_SLE_GSE174188_CD4	SLE_GSE285773_CD4	SLE_GSE174188_CD4	source_hvg_pseudobulk	1225	1	0.5270957836213467
SLE_GSE285773_CD4_to_SLE_GSE174188_CD4	SLE_GSE285773_CD4	SLE_GSE174188_CD4	source_hvg_pseudobulk	1226	1	0.5730886155215503
SLE_GSE285773_CD4_to_SLE_GSE174188_CD4	SLE_GSE285773_CD4	SLE_GSE174188_CD4	source_hvg_pseudobulk	1234	1	0.4567733355060436
SLE_GSE285773_CD4_to_SLE_GSE174188_CD4	SLE_GSE285773_CD4	SLE_GSE174188_CD4	source_hvg_pseudobulk	1240	1	0.5135583916918159
SLE_GSE285773_CD4_to_SLE_GSE174188_CD4	SLE_GSE285773_CD4	SLE_GSE174188_CD4	source_hvg_pseudobulk	1243	1	0.18805410471725034
SLE_GSE285773_CD4_to_SLE_GSE174188_CD4	SLE_GSE285773_CD4	SLE_GSE174188_CD4	source_hvg_pseudobulk	1248	1	0.3898856852149109
SLE_GSE285773_CD4_to_SLE_GSE174188_CD4	SLE_GSE285773_CD4	SLE_GSE174188_CD4	source_hvg_pseudobulk	1249	1	0.15266883934422296
SLE_GSE285773_CD4_to_SLE_GSE174188_CD4	SLE_GSE285773_CD4	SLE_GSE174188_CD4	source_hvg_pseudobulk	1250	1	0.47614207373691786
SLE_GSE285773_CD4_to_SLE_GSE174188_CD4	SLE_GSE285773_CD4	SLE_GSE174188_CD4	source_hvg_pseudobulk	1251	1	0.40104899999797283
SLE_GSE285773_CD4_to_SLE_GSE174188_CD4	SLE_GSE285773_CD4	SLE_GSE174188_CD4	source_hvg_pseudobulk	1256	1	0.2173392481927978
SLE_GSE285773_CD4_to_SLE_GSE174188_CD4	SLE_GSE285773_CD4	SLE_GSE174188_CD4	source_hvg_pseudobulk	1259	1	0.3560917595749088
SLE_GSE285773_CD4_to_SLE_GSE174188_CD4	SLE_GSE285773_CD4	SLE_GSE174188_CD4	source_hvg_pseudobulk	1262	1	0.25879004615000384
SLE_GSE285773_CD4_to_SLE_GSE174188_CD4	SLE_GSE285773_CD4	SLE_GSE174188_CD4	source_hvg_pseudobulk	1270	1	0.5510465922139065
SLE_GSE285773_CD4_to_SLE_GSE174188_CD4	SLE_GSE285773_CD4	SLE_GSE174188_CD4	source_hvg_pseudobulk	1279	1	0.5952853420321753
SLE_GSE285773_CD4_to_SLE_GSE174188_CD4	SLE_GSE285773_CD4	SLE_GSE174188_CD4	source_hvg_pseudobulk	1281	1	0.35261388434228863
SLE_GSE285773_CD4_to_SLE_GSE174188_CD4	SLE_GSE285773_CD4	SLE_GSE174188_CD4	source_hvg_pseudobulk	1285	1	0.6836903127692705
SLE_GSE285773_CD4_to_SLE_GSE174188_CD4	SLE_GSE285773_CD4	SLE_GSE174188_CD4	source_hvg_pseudobulk	1294	1	0.2686413777785924
SLE_GSE285773_CD4_to_SLE_GSE174188_CD4	SLE_GSE285773_CD4	SLE_GSE174188_CD4	source_hvg_pseudobulk	1297	1	0.35069740728388626
SLE_GSE285773_CD4_to_SLE_GSE174188_CD4	SLE_GSE285773_CD4	SLE_GSE174188_CD4	source_hvg_pseudobulk	1315	1	0.5145196168606354
SLE_GSE285773_CD4_to_SLE_GSE174188_CD4	SLE_GSE285773_CD4	SLE_GSE174188_CD4	source_hvg_pseudobulk	1320	1	0.5854676758830485
SLE_GSE285773_CD4_to_SLE_GSE174188_CD4	SLE_GSE285773_CD4	SLE_GSE174188_CD4	source_hvg_pseudobulk	1324	1	0.7245841058594096
SLE_GSE285773_CD4_to_SLE_GSE174188_CD4	SLE_GSE285773_CD4	SLE_GSE174188_CD4	source_hvg_pseudobulk	1325	1	0.5666336267719367
SLE_GSE285773_CD4_to_SLE_GSE174188_CD4	SLE_GSE285773_CD4	SLE_GSE174188_CD4	source_hvg_pseudobulk	1326	1	0.4437720474008793
SLE_GSE285773_CD4_to_SLE_GSE174188_CD4	SLE_GSE285773_CD4	SLE_GSE174188_CD4	source_hvg_pseudobulk	1329	1	0.42380092210294623
SLE_GSE285773_CD4_to_SLE_GSE174188_CD4	SLE_GSE285773_CD4	SLE_GSE174188_CD4	source_hvg_pseudobulk	1333	1	0.251878256702929
SLE_GSE285773_CD4_to_SLE_GSE174188_CD4	SLE_GSE285773_CD4	SLE_GSE174188_CD4	source_hvg_pseudobulk	1334	1	0.3729988332550897
SLE_GSE285773_CD4_to_SLE_GSE174188_CD4	SLE_GSE285773_CD4	SLE_GSE174188_CD4	source_hvg_pseudobulk	1337	1	0.2887768005752336
SLE_GSE285773_CD4_to_SLE_GSE174188_CD4	SLE_GSE285773_CD4	SLE_GSE174188_CD4	source_hvg_pseudobulk	1338	1	0.28168717148794914
SLE_GSE285773_CD4_to_SLE_GSE174188_CD4	SLE_GSE285773_CD4	SLE_GSE174188_CD4	source_hvg_pseudobulk	1340	1	0.4400971490792249
SLE_GSE285773_CD4_to_SLE_GSE174188_CD4	SLE_GSE285773_CD4	SLE_GSE174188_CD4	source_hvg_pseudobulk	1341	1	0.13139332794103104
SLE_GSE285773_CD4_to_SLE_GSE174188_CD4	SLE_GSE285773_CD4	SLE_GSE174188_CD4	source_hvg_pseudobulk	1366	1	0.641087594707557
SLE_GSE285773_CD4_to_SLE_GSE174188_CD4	SLE_GSE285773_CD4	SLE_GSE174188_CD4	source_hvg_pseudobulk	1368	1	0.2852733852588916
SLE_GSE285773_CD4_to_SLE_GSE174188_CD4	SLE_GSE285773_CD4	SLE_GSE174188_CD4	source_hvg_pseudobulk	1404	1	0.5190981824248333
SLE_GSE285773_CD4_to_SLE_GSE174188_CD4	SLE_GSE285773_CD4	SLE_GSE174188_CD4	source_hvg_pseudobulk	1414	1	0.4649120787033023
SLE_GSE285773_CD4_to_SLE_GSE174188_CD4	SLE_GSE285773_CD4	SLE_GSE174188_CD4	source_hvg_pseudobulk	1417	1	0.7396689910330964
SLE_GSE285773_CD4_to_SLE_GSE174188_CD4	SLE_GSE285773_CD4	SLE_GSE174188_CD4	source_hvg_pseudobulk	1418	1	0.5018875867669272
SLE_GSE285773_CD4_to_SLE_GSE174188_CD4	SLE_GSE285773_CD4	SLE_GSE174188_CD4	source_hvg_pseudobulk	1419	1	0.30659957885773376
SLE_GSE285773_CD4_to_SLE_GSE174188_CD4	SLE_GSE285773_CD4	SLE_GSE174188_CD4	source_hvg_pseudobulk	1420	1	0.3285893725126901
SLE_GSE285773_CD4_to_SLE_GSE174188_CD4	SLE_GSE285773_CD4	SLE_GSE174188_CD4	source_hvg_pseudobulk	1445	1	0.31674392923052175
SLE_GSE285773_CD4_to_SLE_GSE174188_CD4	SLE_GSE285773_CD4	SLE_GSE174188_CD4	source_hvg_pseudobulk	1452	1	0.14348621080301238
SLE_GSE285773_CD4_to_SLE_GSE174188_CD4	SLE_GSE285773_CD4	SLE_GSE174188_CD4	source_hvg_pseudobulk	1472	1	0.7175824004549806
SLE_GSE285773_CD4_to_SLE_GSE174188_CD4	SLE_GSE285773_CD4	SLE_GSE174188_CD4	source_hvg_pseudobulk	1479	1	0.15560430775879555
SLE_GSE285773_CD4_to_SLE_GSE174188_CD4	SLE_GSE285773_CD4	SLE_GSE174188_CD4	source_hvg_pseudobulk	1480	1	0.46911674016926075
SLE_GSE285773_CD4_to_SLE_GSE174188_CD4	SLE_GSE285773_CD4	SLE_GSE174188_CD4	source_hvg_pseudobulk	1492	1	0.42637682001472366
SLE_GSE285773_CD4_to_SLE_GSE174188_CD4	SLE_GSE285773_CD4	SLE_GSE174188_CD4	source_hvg_pseudobulk	1493	1	0.45452111644316456
SLE_GSE285773_CD4_to_SLE_GSE174188_CD4	SLE_GSE285773_CD4	SLE_GSE174188_CD4	source_hvg_pseudobulk	1496	1	0.2647627760941099
SLE_GSE285773_CD4_to_SLE_GSE174188_CD4	SLE_GSE285773_CD4	SLE_GSE174188_CD4	source_hvg_pseudobulk	1510	1	0.19957885865431252
SLE_GSE285773_CD4_to_SLE_GSE174188_CD4	SLE_GSE285773_CD4	SLE_GSE174188_CD4	source_hvg_pseudobulk	1514	1	0.18390379206844373
SLE_GSE285773_CD4_to_SLE_GSE174188_CD4	SLE_GSE285773_CD4	SLE_GSE174188_CD4	source_hvg_pseudobulk	1522	1	0.548300761328588
SLE_GSE285773_CD4_to_SLE_GSE174188_CD4	SLE_GSE285773_CD4	SLE_GSE174188_CD4	source_hvg_pseudobulk	1535	1	0.45812206992451143
SLE_GSE285773_CD4_to_SLE_GSE174188_CD4	SLE_GSE285773_CD4	SLE_GSE174188_CD4	source_hvg_pseudobulk	1543	1	0.4705759590225597
SLE_GSE285773_CD4_to_SLE_GSE174188_CD4	SLE_GSE285773_CD4	SLE_GSE174188_CD4	source_hvg_pseudobulk	1545	1	0.13010380818760095
SLE_GSE285773_CD4_to_SLE_GSE174188_CD4	SLE_GSE285773_CD4	SLE_GSE174188_CD4	source_hvg_pseudobulk	1558	1	0.2771700955818696
SLE_GSE285773_CD4_to_SLE_GSE174188_CD4	SLE_GSE285773_CD4	SLE_GSE174188_CD4	source_hvg_pseudobulk	1567	1	0.48765228207372463
SLE_GSE285773_CD4_to_SLE_GSE174188_CD4	SLE_GSE285773_CD4	SLE_GSE174188_CD4	source_hvg_pseudobulk	1569	1	0.60079519283977
SLE_GSE285773_CD4_to_SLE_GSE174188_CD4	SLE_GSE285773_CD4	SLE_GSE174188_CD4	source_hvg_pseudobulk	1582	1	0.1781032739009774
SLE_GSE285773_CD4_to_SLE_GSE174188_CD4	SLE_GSE285773_CD4	SLE_GSE174188_CD4	source_hvg_pseudobulk	1584	1	0.42286502581328395
SLE_GSE285773_CD4_to_SLE_GSE174188_CD4	SLE_GSE285773_CD4	SLE_GSE174188_CD4	source_hvg_pseudobulk	1586	1	0.6296786211874168
SLE_GSE285773_CD4_to_SLE_GSE174188_CD4	SLE_GSE285773_CD4	SLE_GSE174188_CD4	source_hvg_pseudobulk	1588	1	0.2290954161958881
SLE_GSE285773_CD4_to_SLE_GSE174188_CD4	SLE_GSE285773_CD4	SLE_GSE174188_CD4	source_hvg_pseudobulk	1596	1	0.3712341961922633
SLE_GSE285773_CD4_to_SLE_GSE174188_CD4	SLE_GSE285773_CD4	SLE_GSE174188_CD4	source_hvg_pseudobulk	1597	1	0.3254456483880457
SLE_GSE285773_CD4_to_SLE_GSE174188_CD4	SLE_GSE285773_CD4	SLE_GSE174188_CD4	source_hvg_pseudobulk	1602	1	0.17339092274803133
SLE_GSE285773_CD4_to_SLE_GSE174188_CD4	SLE_GSE285773_CD4	SLE_GSE174188_CD4	source_hvg_pseudobulk	1614	1	0.5427082966954123
SLE_GSE285773_CD4_to_SLE_GSE174188_CD4	SLE_GSE285773_CD4	SLE_GSE174188_CD4	source_hvg_pseudobulk	1615	1	0.1521247119972247
SLE_GSE285773_CD4_to_SLE_GSE174188_CD4	SLE_GSE285773_CD4	SLE_GSE174188_CD4	source_hvg_pseudobulk	1621	1	0.6126584535058613
SLE_GSE285773_CD4_to_SLE_GSE174188_CD4	SLE_GSE285773_CD4	SLE_GSE174188_CD4	source_hvg_pseudobulk	1623	1	0.3665734399296332
SLE_GSE285773_CD4_to_SLE_GSE174188_CD4	SLE_GSE285773_CD4	SLE_GSE174188_CD4	source_hvg_pseudobulk	1633	1	0.3825243567494461
SLE_GSE285773_CD4_to_SLE_GSE174188_CD4	SLE_GSE285773_CD4	SLE_GSE174188_CD4	source_hvg_pseudobulk	1641	1	0.8210871897951738
SLE_GSE285773_CD4_to_SLE_GSE174188_CD4	SLE_GSE285773_CD4	SLE_GSE174188_CD4	source_hvg_pseudobulk	1660	1	0.16186637163991266
SLE_GSE285773_CD4_to_SLE_GSE174188_CD4	SLE_GSE285773_CD4	SLE_GSE174188_CD4	source_hvg_pseudobulk	1667	1	0.4015062706702721
SLE_GSE285773_CD4_to_SLE_GSE174188_CD4	SLE_GSE285773_CD4	SLE_GSE174188_CD4	source_hvg_pseudobulk	1672	1	0.37927027413829917
SLE_GSE285773_CD4_to_SLE_GSE174188_CD4	SLE_GSE285773_CD4	SLE_GSE174188_CD4	source_hvg_pseudobulk	1680	1	0.515099705966438
SLE_GSE285773_CD4_to_SLE_GSE174188_CD4	SLE_GSE285773_CD4	SLE_GSE174188_CD4	source_hvg_pseudobulk	1682	1	0.4276454103202271
SLE_GSE285773_CD4_to_SLE_GSE174188_CD4	SLE_GSE285773_CD4	SLE_GSE174188_CD4	source_hvg_pseudobulk	1716	1	0.09513447404636258
SLE_GSE285773_CD4_to_SLE_GSE174188_CD4	SLE_GSE285773_CD4	SLE_GSE174188_CD4	source_hvg_pseudobulk	1721	1	0.5501681485651245
SLE_GSE285773_CD4_to_SLE_GSE174188_CD4	SLE_GSE285773_CD4	SLE_GSE174188_CD4	source_hvg_pseudobulk	1726	1	0.26946216161438336
SLE_GSE285773_CD4_to_SLE_GSE174188_CD4	SLE_GSE285773_CD4	SLE_GSE174188_CD4	source_hvg_pseudobulk	1730	1	0.16594176165327618
SLE_GSE285773_CD4_to_SLE_GSE174188_CD4	SLE_GSE285773_CD4	SLE_GSE174188_CD4	source_hvg_pseudobulk	1731	1	0.23664861476167903
SLE_GSE285773_CD4_to_SLE_GSE174188_CD4	SLE_GSE285773_CD4	SLE_GSE174188_CD4	source_hvg_pseudobulk	1737	1	0.26849618888749394
SLE_GSE285773_CD4_to_SLE_GSE174188_CD4	SLE_GSE285773_CD4	SLE_GSE174188_CD4	source_hvg_pseudobulk	1741	1	0.5936766161487663
SLE_GSE285773_CD4_to_SLE_GSE174188_CD4	SLE_GSE285773_CD4	SLE_GSE174188_CD4	source_hvg_pseudobulk	1743	1	0.282999009092843
SLE_GSE285773_CD4_to_SLE_GSE174188_CD4	SLE_GSE285773_CD4	SLE_GSE174188_CD4	source_hvg_pseudobulk	1754	1	0.7613806371003894
SLE_GSE285773_CD4_to_SLE_GSE174188_CD4	SLE_GSE285773_CD4	SLE_GSE174188_CD4	source_hvg_pseudobulk	1760	1	0.6321934437696461
SLE_GSE285773_CD4_to_SLE_GSE174188_CD4	SLE_GSE285773_CD4	SLE_GSE174188_CD4	source_hvg_pseudobulk	1763	1	0.6778159122594872
SLE_GSE285773_CD4_to_SLE_GSE174188_CD4	SLE_GSE285773_CD4	SLE_GSE174188_CD4	source_hvg_pseudobulk	1767	1	0.3784588610011815
SLE_GSE285773_CD4_to_SLE_GSE174188_CD4	SLE_GSE285773_CD4	SLE_GSE174188_CD4	source_hvg_pseudobulk	1768	1	0.3699214253868783
SLE_GSE285773_CD4_to_SLE_GSE174188_CD4	SLE_GSE285773_CD4	SLE_GSE174188_CD4	source_hvg_pseudobulk	1771	1	0.7561351683377557
SLE_GSE285773_CD4_to_SLE_GSE174188_CD4	SLE_GSE285773_CD4	SLE_GSE174188_CD4	source_hvg_pseudobulk	1772	1	0.5161348325700313
SLE_GSE285773_CD4_to_SLE_GSE174188_CD4	SLE_GSE285773_CD4	SLE_GSE174188_CD4	source_hvg_pseudobulk	1775	1	0.2856988991845658
SLE_GSE285773_CD4_to_SLE_GSE174188_CD4	SLE_GSE285773_CD4	SLE_GSE174188_CD4	source_hvg_pseudobulk	1785	1	0.5659601563337023
SLE_GSE285773_CD4_to_SLE_GSE174188_CD4	SLE_GSE285773_CD4	SLE_GSE174188_CD4	source_hvg_pseudobulk	1791	1	0.6522464395494153
SLE_GSE285773_CD4_to_SLE_GSE174188_CD4	SLE_GSE285773_CD4	SLE_GSE174188_CD4	source_hvg_pseudobulk	1799	1	0.180200272506004
SLE_GSE285773_CD4_to_SLE_GSE174188_CD4	SLE_GSE285773_CD4	SLE_GSE174188_CD4	source_hvg_pseudobulk	1804	1	0.2069074184557185
SLE_GSE285773_CD4_to_SLE_GSE174188_CD4	SLE_GSE285773_CD4	SLE_GSE174188_CD4	source_hvg_pseudobulk	1811	1	0.34590787483331364
SLE_GSE285773_CD4_to_SLE_GSE174188_CD4	SLE_GSE285773_CD4	SLE_GSE174188_CD4	source_hvg_pseudobulk	1815	1	0.672612725885546
SLE_GSE285773_CD4_to_SLE_GSE174188_CD4	SLE_GSE285773_CD4	SLE_GSE174188_CD4	source_hvg_pseudobulk	1827	1	0.1668785600140824
SLE_GSE285773_CD4_to_SLE_GSE174188_CD4	SLE_GSE285773_CD4	SLE_GSE174188_CD4	source_hvg_pseudobulk	1829	1	0.3841592341157539
SLE_GSE285773_CD4_to_SLE_GSE174188_CD4	SLE_GSE285773_CD4	SLE_GSE174188_CD4	source_hvg_pseudobulk	1848	1	0.5074293171056133
SLE_GSE285773_CD4_to_SLE_GSE174188_CD4	SLE_GSE285773_CD4	SLE_GSE174188_CD4	source_hvg_pseudobulk	1857	1	0.7510252372117329
SLE_GSE285773_CD4_to_SLE_GSE174188_CD4	SLE_GSE285773_CD4	SLE_GSE174188_CD4	source_hvg_pseudobulk	1881	1	0.5581294750316192
SLE_GSE285773_CD4_to_SLE_GSE174188_CD4	SLE_GSE285773_CD4	SLE_GSE174188_CD4	source_hvg_pseudobulk	1886	1	0.16456971970025913
SLE_GSE285773_CD4_to_SLE_GSE174188_CD4	SLE_GSE285773_CD4	SLE_GSE174188_CD4	source_hvg_pseudobulk	1888	1	0.18326232620229266
SLE_GSE285773_CD4_to_SLE_GSE174188_CD4	SLE_GSE285773_CD4	SLE_GSE174188_CD4	source_hvg_pseudobulk	1891	1	0.22033356670325147
SLE_GSE285773_CD4_to_SLE_GSE174188_CD4	SLE_GSE285773_CD4	SLE_GSE174188_CD4	source_hvg_pseudobulk	1892	1	0.37262072807268903
SLE_GSE285773_CD4_to_SLE_GSE174188_CD4	SLE_GSE285773_CD4	SLE_GSE174188_CD4	source_hvg_pseudobulk	1909	1	0.21124130656915385
SLE_GSE285773_CD4_to_SLE_GSE174188_CD4	SLE_GSE285773_CD4	SLE_GSE174188_CD4	source_hvg_pseudobulk	1928	1	0.3159186110947938
SLE_GSE285773_CD4_to_SLE_GSE174188_CD4	SLE_GSE285773_CD4	SLE_GSE174188_CD4	source_hvg_pseudobulk	1941	1	0.6811615209824557
SLE_GSE285773_CD4_to_SLE_GSE174188_CD4	SLE_GSE285773_CD4	SLE_GSE174188_CD4	source_hvg_pseudobulk	1947	1	0.4093518695948753
SLE_GSE285773_CD4_to_SLE_GSE174188_CD4	SLE_GSE285773_CD4	SLE_GSE174188_CD4	source_hvg_pseudobulk	1958	1	0.19650828451580782
SLE_GSE285773_CD4_to_SLE_GSE174188_CD4	SLE_GSE285773_CD4	SLE_GSE174188_CD4	source_hvg_pseudobulk	1961	1	0.7406826461633089
SLE_GSE285773_CD4_to_SLE_GSE174188_CD4	SLE_GSE285773_CD4	SLE_GSE174188_CD4	source_hvg_pseudobulk	2061	1	0.2901922144876961
SLE_GSE285773_CD4_to_SLE_GSE174188_CD4	SLE_GSE285773_CD4	SLE_GSE174188_CD4	source_hvg_pseudobulk	2082	1	0.23473965183755063
SLE_GSE285773_CD4_to_SLE_GSE174188_CD4	SLE_GSE285773_CD4	SLE_GSE174188_CD4	source_hvg_pseudobulk	2132	1	0.818548460818876
SLE_GSE285773_CD4_to_SLE_GSE174188_CD4	SLE_GSE285773_CD4	SLE_GSE174188_CD4	source_hvg_pseudobulk	2135	1	0.4278255250205719
SLE_GSE285773_CD4_to_SLE_GSE174188_CD4	SLE_GSE285773_CD4	SLE_GSE174188_CD4	source_hvg_pseudobulk	FLARE001	1	0.4353975294910316
SLE_GSE285773_CD4_to_SLE_GSE174188_CD4	SLE_GSE285773_CD4	SLE_GSE174188_CD4	source_hvg_pseudobulk	FLARE004	1	0.5304077415714533
SLE_GSE285773_CD4_to_SLE_GSE174188_CD4	SLE_GSE285773_CD4	SLE_GSE174188_CD4	source_hvg_pseudobulk	FLARE005	1	0.389762029985418
SLE_GSE285773_CD4_to_SLE_GSE174188_CD4	SLE_GSE285773_CD4	SLE_GSE174188_CD4	source_hvg_pseudobulk	FLARE006	1	0.37782550121766917
SLE_GSE285773_CD4_to_SLE_GSE174188_CD4	SLE_GSE285773_CD4	SLE_GSE174188_CD4	source_hvg_pseudobulk	FLARE007	1	0.8153439459178795
SLE_GSE285773_CD4_to_SLE_GSE174188_CD4	SLE_GSE285773_CD4	SLE_GSE174188_CD4	source_hvg_pseudobulk	FLARE009	1	0.913328193096763
SLE_GSE285773_CD4_to_SLE_GSE174188_CD4	SLE_GSE285773_CD4	SLE_GSE174188_CD4	source_hvg_pseudobulk	FLARE010	1	0.7346235679237407
SLE_GSE285773_CD4_to_SLE_GSE174188_CD4	SLE_GSE285773_CD4	SLE_GSE174188_CD4	source_hvg_pseudobulk	FLARE011	1	0.6468840567078421
SLE_GSE285773_CD4_to_SLE_GSE174188_CD4	SLE_GSE285773_CD4	SLE_GSE174188_CD4	source_hvg_pseudobulk	FLARE013	1	0.6217309767614163
SLE_GSE285773_CD4_to_SLE_GSE174188_CD4	SLE_GSE285773_CD4	SLE_GSE174188_CD4	source_hvg_pseudobulk	FLARE014	1	0.4031471963673249
SLE_GSE285773_CD4_to_SLE_GSE174188_CD4	SLE_GSE285773_CD4	SLE_GSE174188_CD4	source_hvg_pseudobulk	FLARE015	1	0.5036016148409845
SLE_GSE285773_CD4_to_SLE_GSE174188_CD4	SLE_GSE285773_CD4	SLE_GSE174188_CD4	source_hvg_pseudobulk	FLARE016	1	0.5113672917056042
SLE_GSE285773_CD4_to_SLE_GSE174188_CD4	SLE_GSE285773_CD4	SLE_GSE174188_CD4	source_hvg_pseudobulk	FLARE017	1	0.580343462374509
SLE_GSE285773_CD4_to_SLE_GSE174188_CD4	SLE_GSE285773_CD4	SLE_GSE174188_CD4	source_hvg_pseudobulk	FLARE020	1	0.37794254965962787
SLE_GSE285773_CD4_to_SLE_GSE174188_CD4	SLE_GSE285773_CD4	SLE_GSE174188_CD4	source_hvg_pseudobulk	HC-002	0	0.18546264339263968
SLE_GSE285773_CD4_to_SLE_GSE174188_CD4	SLE_GSE285773_CD4	SLE_GSE174188_CD4	source_hvg_pseudobulk	HC-006	0	0.30493335261741134
SLE_GSE285773_CD4_to_SLE_GSE174188_CD4	SLE_GSE285773_CD4	SLE_GSE174188_CD4	source_hvg_pseudobulk	HC-008	0	0.06579614911694219
SLE_GSE285773_CD4_to_SLE_GSE174188_CD4	SLE_GSE285773_CD4	SLE_GSE174188_CD4	source_hvg_pseudobulk	HC-009	0	0.08353880857725174
SLE_GSE285773_CD4_to_SLE_GSE174188_CD4	SLE_GSE285773_CD4	SLE_GSE174188_CD4	source_hvg_pseudobulk	HC-011	0	0.25890814217718916
SLE_GSE285773_CD4_to_SLE_GSE174188_CD4	SLE_GSE285773_CD4	SLE_GSE174188_CD4	source_hvg_pseudobulk	HC-014	0	0.36984038258818613
SLE_GSE285773_CD4_to_SLE_GSE174188_CD4	SLE_GSE285773_CD4	SLE_GSE174188_CD4	source_hvg_pseudobulk	HC-015	0	0.10732827475290825
SLE_GSE285773_CD4_to_SLE_GSE174188_CD4	SLE_GSE285773_CD4	SLE_GSE174188_CD4	source_hvg_pseudobulk	HC-019	0	0.1645503426423713
SLE_GSE285773_CD4_to_SLE_GSE174188_CD4	SLE_GSE285773_CD4	SLE_GSE174188_CD4	source_hvg_pseudobulk	HC-020	0	0.2924196713006843
SLE_GSE285773_CD4_to_SLE_GSE174188_CD4	SLE_GSE285773_CD4	SLE_GSE174188_CD4	source_hvg_pseudobulk	HC-022	0	0.24333721718345963
SLE_GSE285773_CD4_to_SLE_GSE174188_CD4	SLE_GSE285773_CD4	SLE_GSE174188_CD4	source_hvg_pseudobulk	HC-500	0	0.20537622977249229
SLE_GSE285773_CD4_to_SLE_GSE174188_CD4	SLE_GSE285773_CD4	SLE_GSE174188_CD4	source_hvg_pseudobulk	HC-501	0	0.28747671893074334
SLE_GSE285773_CD4_to_SLE_GSE174188_CD4	SLE_GSE285773_CD4	SLE_GSE174188_CD4	source_hvg_pseudobulk	HC-502	0	0.19495739368466422
SLE_GSE285773_CD4_to_SLE_GSE174188_CD4	SLE_GSE285773_CD4	SLE_GSE174188_CD4	source_hvg_pseudobulk	HC-503	0	0.3409986607373085
SLE_GSE285773_CD4_to_SLE_GSE174188_CD4	SLE_GSE285773_CD4	SLE_GSE174188_CD4	source_hvg_pseudobulk	HC-504	0	0.20436706190258516
SLE_GSE285773_CD4_to_SLE_GSE174188_CD4	SLE_GSE285773_CD4	SLE_GSE174188_CD4	source_hvg_pseudobulk	HC-506	0	0.2375582411236424
SLE_GSE285773_CD4_to_SLE_GSE174188_CD4	SLE_GSE285773_CD4	SLE_GSE174188_CD4	source_hvg_pseudobulk	HC-508	0	0.18556492941902258
SLE_GSE285773_CD4_to_SLE_GSE174188_CD4	SLE_GSE285773_CD4	SLE_GSE174188_CD4	source_hvg_pseudobulk	HC-512	0	0.2693104645600416
SLE_GSE285773_CD4_to_SLE_GSE174188_CD4	SLE_GSE285773_CD4	SLE_GSE174188_CD4	source_hvg_pseudobulk	HC-516	0	0.13850279691432166
SLE_GSE285773_CD4_to_SLE_GSE174188_CD4	SLE_GSE285773_CD4	SLE_GSE174188_CD4	source_hvg_pseudobulk	HC-519	0	0.12390964116593117
SLE_GSE285773_CD4_to_SLE_GSE174188_CD4	SLE_GSE285773_CD4	SLE_GSE174188_CD4	source_hvg_pseudobulk	HC-520	0	0.10566799340335656
SLE_GSE285773_CD4_to_SLE_GSE174188_CD4	SLE_GSE285773_CD4	SLE_GSE174188_CD4	source_hvg_pseudobulk	HC-524	0	0.2481292422473088
SLE_GSE285773_CD4_to_SLE_GSE174188_CD4	SLE_GSE285773_CD4	SLE_GSE174188_CD4	source_hvg_pseudobulk	HC-526	0	0.23752415110364083
SLE_GSE285773_CD4_to_SLE_GSE174188_CD4	SLE_GSE285773_CD4	SLE_GSE174188_CD4	source_hvg_pseudobulk	HC-531	0	0.15832514715765456
SLE_GSE285773_CD4_to_SLE_GSE174188_CD4	SLE_GSE285773_CD4	SLE_GSE174188_CD4	source_hvg_pseudobulk	HC-532	0	0.13379055575722068
SLE_GSE285773_CD4_to_SLE_GSE174188_CD4	SLE_GSE285773_CD4	SLE_GSE174188_CD4	source_hvg_pseudobulk	HC-533	0	0.10420281143361287
SLE_GSE285773_CD4_to_SLE_GSE174188_CD4	SLE_GSE285773_CD4	SLE_GSE174188_CD4	source_hvg_pseudobulk	HC-536	0	0.14778310220546526
SLE_GSE285773_CD4_to_SLE_GSE174188_CD4	SLE_GSE285773_CD4	SLE_GSE174188_CD4	source_hvg_pseudobulk	HC-538	0	0.18256134020855536
SLE_GSE285773_CD4_to_SLE_GSE174188_CD4	SLE_GSE285773_CD4	SLE_GSE174188_CD4	source_hvg_pseudobulk	HC-540	0	0.3285566707072119
SLE_GSE285773_CD4_to_SLE_GSE174188_CD4	SLE_GSE285773_CD4	SLE_GSE174188_CD4	source_hvg_pseudobulk	HC-541	0	0.19267999669963898
SLE_GSE285773_CD4_to_SLE_GSE174188_CD4	SLE_GSE285773_CD4	SLE_GSE174188_CD4	source_hvg_pseudobulk	HC-543	0	0.17422823682216637
SLE_GSE285773_CD4_to_SLE_GSE174188_CD4	SLE_GSE285773_CD4	SLE_GSE174188_CD4	source_hvg_pseudobulk	HC-545	0	0.21058042380075043
SLE_GSE285773_CD4_to_SLE_GSE174188_CD4	SLE_GSE285773_CD4	SLE_GSE174188_CD4	source_hvg_pseudobulk	HC-546	0	0.15839975937925438
SLE_GSE285773_CD4_to_SLE_GSE174188_CD4	SLE_GSE285773_CD4	SLE_GSE174188_CD4	source_hvg_pseudobulk	HC-551	0	0.16564238417551058
SLE_GSE285773_CD4_to_SLE_GSE174188_CD4	SLE_GSE285773_CD4	SLE_GSE174188_CD4	source_hvg_pseudobulk	HC-552	0	0.13857275634603278
SLE_GSE285773_CD4_to_SLE_GSE174188_CD4	SLE_GSE285773_CD4	SLE_GSE174188_CD4	source_hvg_pseudobulk	HC-554	0	0.16784153373391575
SLE_GSE285773_CD4_to_SLE_GSE174188_CD4	SLE_GSE285773_CD4	SLE_GSE174188_CD4	source_hvg_pseudobulk	HC-556	0	0.08076603043458956
SLE_GSE285773_CD4_to_SLE_GSE174188_CD4	SLE_GSE285773_CD4	SLE_GSE174188_CD4	source_hvg_pseudobulk	HC-558	0	0.11645763899349106
SLE_GSE285773_CD4_to_SLE_GSE174188_CD4	SLE_GSE285773_CD4	SLE_GSE174188_CD4	source_hvg_pseudobulk	HC-563	0	0.11829406390793971
SLE_GSE285773_CD4_to_SLE_GSE174188_CD4	SLE_GSE285773_CD4	SLE_GSE174188_CD4	source_hvg_pseudobulk	HC-566	0	0.08992828457887536
SLE_GSE285773_CD4_to_SLE_GSE174188_CD4	SLE_GSE285773_CD4	SLE_GSE174188_CD4	source_hvg_pseudobulk	HC-567	0	0.15924243122668447
SLE_GSE285773_CD4_to_SLE_GSE174188_CD4	SLE_GSE285773_CD4	SLE_GSE174188_CD4	source_hvg_pseudobulk	HC-571	0	0.1696366135575359
SLE_GSE285773_CD4_to_SLE_GSE174188_CD4	SLE_GSE285773_CD4	SLE_GSE174188_CD4	source_hvg_pseudobulk	HC-572	0	0.17881501836956212
SLE_GSE285773_CD4_to_SLE_GSE174188_CD4	SLE_GSE285773_CD4	SLE_GSE174188_CD4	source_hvg_pseudobulk	HC-573	0	0.1439973171476153
SLE_GSE285773_CD4_to_SLE_GSE174188_CD4	SLE_GSE285773_CD4	SLE_GSE174188_CD4	source_hvg_pseudobulk	HC-574	0	0.14833045670892875
SLE_GSE285773_CD4_to_SLE_GSE174188_CD4	SLE_GSE285773_CD4	SLE_GSE174188_CD4	source_hvg_pseudobulk	HC-578	0	0.20255225551382675
SLE_GSE285773_CD4_to_SLE_GSE174188_CD4	SLE_GSE285773_CD4	SLE_GSE174188_CD4	source_hvg_pseudobulk	HC-580	0	0.11155392918507528
SLE_GSE285773_CD4_to_SLE_GSE174188_CD4	SLE_GSE285773_CD4	SLE_GSE174188_CD4	source_hvg_pseudobulk	HC-585	0	0.08892447447729046
SLE_GSE285773_CD4_to_SLE_GSE174188_CD4	SLE_GSE285773_CD4	SLE_GSE174188_CD4	source_hvg_pseudobulk	ICC_control	0	0.13688985225310277
SLE_GSE285773_CD4_to_SLE_GSE174188_CD4	SLE_GSE285773_CD4	SLE_GSE174188_CD4	source_hvg_pseudobulk	IGTB1290	0	0.18656011522437105
SLE_GSE285773_CD4_to_SLE_GSE174188_CD4	SLE_GSE285773_CD4	SLE_GSE174188_CD4	source_hvg_pseudobulk	IGTB1372	0	0.17045937357297677
SLE_GSE285773_CD4_to_SLE_GSE174188_CD4	SLE_GSE285773_CD4	SLE_GSE174188_CD4	source_hvg_pseudobulk	IGTB141	0	0.17388846330748126
SLE_GSE285773_CD4_to_SLE_GSE174188_CD4	SLE_GSE285773_CD4	SLE_GSE174188_CD4	source_hvg_pseudobulk	IGTB143	0	0.0693031318162975
SLE_GSE285773_CD4_to_SLE_GSE174188_CD4	SLE_GSE285773_CD4	SLE_GSE174188_CD4	source_hvg_pseudobulk	IGTB1506	0	0.1554129170120746
SLE_GSE285773_CD4_to_SLE_GSE174188_CD4	SLE_GSE285773_CD4	SLE_GSE174188_CD4	source_hvg_pseudobulk	IGTB1539	0	0.21211592646014293
SLE_GSE285773_CD4_to_SLE_GSE174188_CD4	SLE_GSE285773_CD4	SLE_GSE174188_CD4	source_hvg_pseudobulk	IGTB1540	0	0.13793557320519298
SLE_GSE285773_CD4_to_SLE_GSE174188_CD4	SLE_GSE285773_CD4	SLE_GSE174188_CD4	source_hvg_pseudobulk	IGTB1542	0	0.08943499263369986
SLE_GSE285773_CD4_to_SLE_GSE174188_CD4	SLE_GSE285773_CD4	SLE_GSE174188_CD4	source_hvg_pseudobulk	IGTB1575	0	0.1467798600710785
SLE_GSE285773_CD4_to_SLE_GSE174188_CD4	SLE_GSE285773_CD4	SLE_GSE174188_CD4	source_hvg_pseudobulk	IGTB1650	0	0.22174888507738424
SLE_GSE285773_CD4_to_SLE_GSE174188_CD4	SLE_GSE285773_CD4	SLE_GSE174188_CD4	source_hvg_pseudobulk	IGTB1731	0	0.18055495918950784
SLE_GSE285773_CD4_to_SLE_GSE174188_CD4	SLE_GSE285773_CD4	SLE_GSE174188_CD4	source_hvg_pseudobulk	IGTB1762	0	0.15175350357906425
SLE_GSE285773_CD4_to_SLE_GSE174188_CD4	SLE_GSE285773_CD4	SLE_GSE174188_CD4	source_hvg_pseudobulk	IGTB1768	0	0.18482302804474865
SLE_GSE285773_CD4_to_SLE_GSE174188_CD4	SLE_GSE285773_CD4	SLE_GSE174188_CD4	source_hvg_pseudobulk	IGTB1789	0	0.14679063398160533
SLE_GSE285773_CD4_to_SLE_GSE174188_CD4	SLE_GSE285773_CD4	SLE_GSE174188_CD4	source_hvg_pseudobulk	IGTB1793	0	0.1798348585682939
SLE_GSE285773_CD4_to_SLE_GSE174188_CD4	SLE_GSE285773_CD4	SLE_GSE174188_CD4	source_hvg_pseudobulk	IGTB1814	0	0.21152940077718843
SLE_GSE285773_CD4_to_SLE_GSE174188_CD4	SLE_GSE285773_CD4	SLE_GSE174188_CD4	source_hvg_pseudobulk	IGTB1815	0	0.16916801144071106
SLE_GSE285773_CD4_to_SLE_GSE174188_CD4	SLE_GSE285773_CD4	SLE_GSE174188_CD4	source_hvg_pseudobulk	IGTB1819	0	0.08594388663086452
SLE_GSE285773_CD4_to_SLE_GSE174188_CD4	SLE_GSE285773_CD4	SLE_GSE174188_CD4	source_hvg_pseudobulk	IGTB1826	0	0.16927570616762772
SLE_GSE285773_CD4_to_SLE_GSE174188_CD4	SLE_GSE285773_CD4	SLE_GSE174188_CD4	source_hvg_pseudobulk	IGTB1827	0	0.14903399555370936
SLE_GSE285773_CD4_to_SLE_GSE174188_CD4	SLE_GSE285773_CD4	SLE_GSE174188_CD4	source_hvg_pseudobulk	IGTB1828	0	0.1938669383984818
SLE_GSE285773_CD4_to_SLE_GSE174188_CD4	SLE_GSE285773_CD4	SLE_GSE174188_CD4	source_hvg_pseudobulk	IGTB1840	0	0.0994329012057861
SLE_GSE285773_CD4_to_SLE_GSE174188_CD4	SLE_GSE285773_CD4	SLE_GSE174188_CD4	source_hvg_pseudobulk	IGTB1844	0	0.24838483145501708
SLE_GSE285773_CD4_to_SLE_GSE174188_CD4	SLE_GSE285773_CD4	SLE_GSE174188_CD4	source_hvg_pseudobulk	IGTB1871	0	0.17764195466160837
SLE_GSE285773_CD4_to_SLE_GSE174188_CD4	SLE_GSE285773_CD4	SLE_GSE174188_CD4	source_hvg_pseudobulk	IGTB1895	0	0.1200370866801026
SLE_GSE285773_CD4_to_SLE_GSE174188_CD4	SLE_GSE285773_CD4	SLE_GSE174188_CD4	source_hvg_pseudobulk	IGTB1901	0	0.08265080942999964
SLE_GSE285773_CD4_to_SLE_GSE174188_CD4	SLE_GSE285773_CD4	SLE_GSE174188_CD4	source_hvg_pseudobulk	IGTB1906	0	0.15815679677913325
SLE_GSE285773_CD4_to_SLE_GSE174188_CD4	SLE_GSE285773_CD4	SLE_GSE174188_CD4	source_hvg_pseudobulk	IGTB1908	0	0.24651141276258698
SLE_GSE285773_CD4_to_SLE_GSE174188_CD4	SLE_GSE285773_CD4	SLE_GSE174188_CD4	source_hvg_pseudobulk	IGTB1913	0	0.17603269305677058
SLE_GSE285773_CD4_to_SLE_GSE174188_CD4	SLE_GSE285773_CD4	SLE_GSE174188_CD4	source_hvg_pseudobulk	IGTB1916	0	0.16955010224817052
SLE_GSE285773_CD4_to_SLE_GSE174188_CD4	SLE_GSE285773_CD4	SLE_GSE174188_CD4	source_hvg_pseudobulk	IGTB1921	0	0.15318487034110104
SLE_GSE285773_CD4_to_SLE_GSE174188_CD4	SLE_GSE285773_CD4	SLE_GSE174188_CD4	source_hvg_pseudobulk	IGTB195	0	0.13311012039036216
SLE_GSE285773_CD4_to_SLE_GSE174188_CD4	SLE_GSE285773_CD4	SLE_GSE174188_CD4	source_hvg_pseudobulk	IGTB1952	0	0.14373656769467683
SLE_GSE285773_CD4_to_SLE_GSE174188_CD4	SLE_GSE285773_CD4	SLE_GSE174188_CD4	source_hvg_pseudobulk	IGTB1966	0	0.16095964444853586
SLE_GSE285773_CD4_to_SLE_GSE174188_CD4	SLE_GSE285773_CD4	SLE_GSE174188_CD4	source_hvg_pseudobulk	IGTB1974	0	0.1749522405496462
SLE_GSE285773_CD4_to_SLE_GSE174188_CD4	SLE_GSE285773_CD4	SLE_GSE174188_CD4	source_hvg_pseudobulk	IGTB1982	0	0.09697800259257319
SLE_GSE285773_CD4_to_SLE_GSE174188_CD4	SLE_GSE285773_CD4	SLE_GSE174188_CD4	source_hvg_pseudobulk	IGTB1987	0	0.1486805154560808
SLE_GSE285773_CD4_to_SLE_GSE174188_CD4	SLE_GSE285773_CD4	SLE_GSE174188_CD4	source_hvg_pseudobulk	IGTB1996	0	0.2130499976013152
SLE_GSE285773_CD4_to_SLE_GSE174188_CD4	SLE_GSE285773_CD4	SLE_GSE174188_CD4	source_hvg_pseudobulk	IGTB2007	0	0.14713111800238388
SLE_GSE285773_CD4_to_SLE_GSE174188_CD4	SLE_GSE285773_CD4	SLE_GSE174188_CD4	source_hvg_pseudobulk	IGTB2065	0	0.10893325631391086
SLE_GSE285773_CD4_to_SLE_GSE174188_CD4	SLE_GSE285773_CD4	SLE_GSE174188_CD4	source_hvg_pseudobulk	IGTB256	0	0.17973231409461918
SLE_GSE285773_CD4_to_SLE_GSE174188_CD4	SLE_GSE285773_CD4	SLE_GSE174188_CD4	source_hvg_pseudobulk	IGTB469	0	0.15908959824694938
SLE_GSE285773_CD4_to_SLE_GSE174188_CD4	SLE_GSE285773_CD4	SLE_GSE174188_CD4	source_hvg_pseudobulk	IGTB498	0	0.12175985275314445
SLE_GSE285773_CD4_to_SLE_GSE174188_CD4	SLE_GSE285773_CD4	SLE_GSE174188_CD4	source_hvg_pseudobulk	IGTB508	0	0.12927860071793115
SLE_GSE285773_CD4_to_SLE_GSE174188_CD4	SLE_GSE285773_CD4	SLE_GSE174188_CD4	source_hvg_pseudobulk	IGTB514	0	0.16243977550467795
SLE_GSE285773_CD4_to_SLE_GSE174188_CD4	SLE_GSE285773_CD4	SLE_GSE174188_CD4	source_hvg_pseudobulk	IGTB645	0	0.08370182960662928
SLE_GSE285773_CD4_to_SLE_GSE174188_CD4	SLE_GSE285773_CD4	SLE_GSE174188_CD4	source_hvg_pseudobulk	IGTB670	0	0.11199426673441155
SLE_GSE285773_CD4_to_SLE_GSE174188_CD4	SLE_GSE285773_CD4	SLE_GSE174188_CD4	source_hvg_pseudobulk	IGTB826	0	0.17228611878428335
SLE_GSE285773_CD4_to_SLE_GSE174188_CD4	SLE_GSE285773_CD4	SLE_GSE174188_CD4	source_hvg_pseudobulk	IGTB884	0	0.12580305934723346
SLE_GSE285773_CD4_to_SLE_GSE174188_CD4	SLE_GSE285773_CD4	SLE_GSE174188_CD4	source_hvg_pseudobulk	IGTB986	0	0.2390069929193916
SLE_GSE285773_CD4_to_SLE_GSE174188_CD4	SLE_GSE285773_CD4	SLE_GSE174188_CD4	source_pca_pseudobulk	1004	1	0.38735883825027534
SLE_GSE285773_CD4_to_SLE_GSE174188_CD4	SLE_GSE285773_CD4	SLE_GSE174188_CD4	source_pca_pseudobulk	1014	1	0.5637332321866075
SLE_GSE285773_CD4_to_SLE_GSE174188_CD4	SLE_GSE285773_CD4	SLE_GSE174188_CD4	source_pca_pseudobulk	1015	1	0.5339848846018538
SLE_GSE285773_CD4_to_SLE_GSE174188_CD4	SLE_GSE285773_CD4	SLE_GSE174188_CD4	source_pca_pseudobulk	1019	1	0.2468600157964782
SLE_GSE285773_CD4_to_SLE_GSE174188_CD4	SLE_GSE285773_CD4	SLE_GSE174188_CD4	source_pca_pseudobulk	1022	1	0.6434650526938103
SLE_GSE285773_CD4_to_SLE_GSE174188_CD4	SLE_GSE285773_CD4	SLE_GSE174188_CD4	source_pca_pseudobulk	1031	1	0.4484069852829395
SLE_GSE285773_CD4_to_SLE_GSE174188_CD4	SLE_GSE285773_CD4	SLE_GSE174188_CD4	source_pca_pseudobulk	1039	1	0.4396849368254328
SLE_GSE285773_CD4_to_SLE_GSE174188_CD4	SLE_GSE285773_CD4	SLE_GSE174188_CD4	source_pca_pseudobulk	1045	1	0.802436131170225
SLE_GSE285773_CD4_to_SLE_GSE174188_CD4	SLE_GSE285773_CD4	SLE_GSE174188_CD4	source_pca_pseudobulk	1046	1	0.3632093461288913
SLE_GSE285773_CD4_to_SLE_GSE174188_CD4	SLE_GSE285773_CD4	SLE_GSE174188_CD4	source_pca_pseudobulk	1051	1	0.5133481532324987
SLE_GSE285773_CD4_to_SLE_GSE174188_CD4	SLE_GSE285773_CD4	SLE_GSE174188_CD4	source_pca_pseudobulk	1054	1	0.21268472746035105
SLE_GSE285773_CD4_to_SLE_GSE174188_CD4	SLE_GSE285773_CD4	SLE_GSE174188_CD4	source_pca_pseudobulk	1056	1	0.4436555420624415
SLE_GSE285773_CD4_to_SLE_GSE174188_CD4	SLE_GSE285773_CD4	SLE_GSE174188_CD4	source_pca_pseudobulk	1063	1	0.3035353666813589
SLE_GSE285773_CD4_to_SLE_GSE174188_CD4	SLE_GSE285773_CD4	SLE_GSE174188_CD4	source_pca_pseudobulk	1068	1	0.3115496625267815
SLE_GSE285773_CD4_to_SLE_GSE174188_CD4	SLE_GSE285773_CD4	SLE_GSE174188_CD4	source_pca_pseudobulk	1078	1	0.6710681082656945
SLE_GSE285773_CD4_to_SLE_GSE174188_CD4	SLE_GSE285773_CD4	SLE_GSE174188_CD4	source_pca_pseudobulk	1087	1	0.30736985601657735
SLE_GSE285773_CD4_to_SLE_GSE174188_CD4	SLE_GSE285773_CD4	SLE_GSE174188_CD4	source_pca_pseudobulk	1101	1	0.7525347482032924
SLE_GSE285773_CD4_to_SLE_GSE174188_CD4	SLE_GSE285773_CD4	SLE_GSE174188_CD4	source_pca_pseudobulk	1110	1	0.3936540696605639
SLE_GSE285773_CD4_to_SLE_GSE174188_CD4	SLE_GSE285773_CD4	SLE_GSE174188_CD4	source_pca_pseudobulk	1119	1	0.5534658920121587
SLE_GSE285773_CD4_to_SLE_GSE174188_CD4	SLE_GSE285773_CD4	SLE_GSE174188_CD4	source_pca_pseudobulk	1121	1	0.4823330257569329
SLE_GSE285773_CD4_to_SLE_GSE174188_CD4	SLE_GSE285773_CD4	SLE_GSE174188_CD4	source_pca_pseudobulk	1122	1	0.23589364594835616
SLE_GSE285773_CD4_to_SLE_GSE174188_CD4	SLE_GSE285773_CD4	SLE_GSE174188_CD4	source_pca_pseudobulk	1127	1	0.15311895290943975
SLE_GSE285773_CD4_to_SLE_GSE174188_CD4	SLE_GSE285773_CD4	SLE_GSE174188_CD4	source_pca_pseudobulk	1130	1	0.6284242470611505
SLE_GSE285773_CD4_to_SLE_GSE174188_CD4	SLE_GSE285773_CD4	SLE_GSE174188_CD4	source_pca_pseudobulk	1132	1	0.5217219399204232
SLE_GSE285773_CD4_to_SLE_GSE174188_CD4	SLE_GSE285773_CD4	SLE_GSE174188_CD4	source_pca_pseudobulk	1165	1	0.7476500315984156
SLE_GSE285773_CD4_to_SLE_GSE174188_CD4	SLE_GSE285773_CD4	SLE_GSE174188_CD4	source_pca_pseudobulk	1193	1	0.6459413495038131
SLE_GSE285773_CD4_to_SLE_GSE174188_CD4	SLE_GSE285773_CD4	SLE_GSE174188_CD4	source_pca_pseudobulk	1195	1	0.5386191633206721
SLE_GSE285773_CD4_to_SLE_GSE174188_CD4	SLE_GSE285773_CD4	SLE_GSE174188_CD4	source_pca_pseudobulk	1196	1	0.31244108018673333
SLE_GSE285773_CD4_to_SLE_GSE174188_CD4	SLE_GSE285773_CD4	SLE_GSE174188_CD4	source_pca_pseudobulk	1197	1	0.6740705984656272
SLE_GSE285773_CD4_to_SLE_GSE174188_CD4	SLE_GSE285773_CD4	SLE_GSE174188_CD4	source_pca_pseudobulk	1203	1	0.22040364067805446
SLE_GSE285773_CD4_to_SLE_GSE174188_CD4	SLE_GSE285773_CD4	SLE_GSE174188_CD4	source_pca_pseudobulk	1216	1	0.1949142845565123
SLE_GSE285773_CD4_to_SLE_GSE174188_CD4	SLE_GSE285773_CD4	SLE_GSE174188_CD4	source_pca_pseudobulk	1219	1	0.15330655733823198
SLE_GSE285773_CD4_to_SLE_GSE174188_CD4	SLE_GSE285773_CD4	SLE_GSE174188_CD4	source_pca_pseudobulk	1221	1	0.4739416969602711
SLE_GSE285773_CD4_to_SLE_GSE174188_CD4	SLE_GSE285773_CD4	SLE_GSE174188_CD4	source_pca_pseudobulk	1222	1	0.5340512684150733
SLE_GSE285773_CD4_to_SLE_GSE174188_CD4	SLE_GSE285773_CD4	SLE_GSE174188_CD4	source_pca_pseudobulk	1225	1	0.534840586506685
SLE_GSE285773_CD4_to_SLE_GSE174188_CD4	SLE_GSE285773_CD4	SLE_GSE174188_CD4	source_pca_pseudobulk	1226	1	0.5772996660490016
SLE_GSE285773_CD4_to_SLE_GSE174188_CD4	SLE_GSE285773_CD4	SLE_GSE174188_CD4	source_pca_pseudobulk	1234	1	0.4616749889491959
SLE_GSE285773_CD4_to_SLE_GSE174188_CD4	SLE_GSE285773_CD4	SLE_GSE174188_CD4	source_pca_pseudobulk	1240	1	0.5178434986651737
SLE_GSE285773_CD4_to_SLE_GSE174188_CD4	SLE_GSE285773_CD4	SLE_GSE174188_CD4	source_pca_pseudobulk	1243	1	0.19137229014964963
SLE_GSE285773_CD4_to_SLE_GSE174188_CD4	SLE_GSE285773_CD4	SLE_GSE174188_CD4	source_pca_pseudobulk	1248	1	0.3932136919731017
SLE_GSE285773_CD4_to_SLE_GSE174188_CD4	SLE_GSE285773_CD4	SLE_GSE174188_CD4	source_pca_pseudobulk	1249	1	0.15500692084270326
SLE_GSE285773_CD4_to_SLE_GSE174188_CD4	SLE_GSE285773_CD4	SLE_GSE174188_CD4	source_pca_pseudobulk	1250	1	0.48115600762918526
SLE_GSE285773_CD4_to_SLE_GSE174188_CD4	SLE_GSE285773_CD4	SLE_GSE174188_CD4	source_pca_pseudobulk	1251	1	0.4040882162060182
SLE_GSE285773_CD4_to_SLE_GSE174188_CD4	SLE_GSE285773_CD4	SLE_GSE174188_CD4	source_pca_pseudobulk	1256	1	0.22252675821573087
SLE_GSE285773_CD4_to_SLE_GSE174188_CD4	SLE_GSE285773_CD4	SLE_GSE174188_CD4	source_pca_pseudobulk	1259	1	0.36163454214190244
SLE_GSE285773_CD4_to_SLE_GSE174188_CD4	SLE_GSE285773_CD4	SLE_GSE174188_CD4	source_pca_pseudobulk	1262	1	0.2623391617456803
SLE_GSE285773_CD4_to_SLE_GSE174188_CD4	SLE_GSE285773_CD4	SLE_GSE174188_CD4	source_pca_pseudobulk	1270	1	0.554882597557322
SLE_GSE285773_CD4_to_SLE_GSE174188_CD4	SLE_GSE285773_CD4	SLE_GSE174188_CD4	source_pca_pseudobulk	1279	1	0.5987235144375271
SLE_GSE285773_CD4_to_SLE_GSE174188_CD4	SLE_GSE285773_CD4	SLE_GSE174188_CD4	source_pca_pseudobulk	1281	1	0.35667776522949096
SLE_GSE285773_CD4_to_SLE_GSE174188_CD4	SLE_GSE285773_CD4	SLE_GSE174188_CD4	source_pca_pseudobulk	1285	1	0.6904093602208583
SLE_GSE285773_CD4_to_SLE_GSE174188_CD4	SLE_GSE285773_CD4	SLE_GSE174188_CD4	source_pca_pseudobulk	1294	1	0.2719111301002681
SLE_GSE285773_CD4_to_SLE_GSE174188_CD4	SLE_GSE285773_CD4	SLE_GSE174188_CD4	source_pca_pseudobulk	1297	1	0.35541516726138833
SLE_GSE285773_CD4_to_SLE_GSE174188_CD4	SLE_GSE285773_CD4	SLE_GSE174188_CD4	source_pca_pseudobulk	1315	1	0.515387002959129
SLE_GSE285773_CD4_to_SLE_GSE174188_CD4	SLE_GSE285773_CD4	SLE_GSE174188_CD4	source_pca_pseudobulk	1320	1	0.5914870928595687
SLE_GSE285773_CD4_to_SLE_GSE174188_CD4	SLE_GSE285773_CD4	SLE_GSE174188_CD4	source_pca_pseudobulk	1324	1	0.7288535418221831
SLE_GSE285773_CD4_to_SLE_GSE174188_CD4	SLE_GSE285773_CD4	SLE_GSE174188_CD4	source_pca_pseudobulk	1325	1	0.5747897257921031
SLE_GSE285773_CD4_to_SLE_GSE174188_CD4	SLE_GSE285773_CD4	SLE_GSE174188_CD4	source_pca_pseudobulk	1326	1	0.44963826600614865
SLE_GSE285773_CD4_to_SLE_GSE174188_CD4	SLE_GSE285773_CD4	SLE_GSE174188_CD4	source_pca_pseudobulk	1329	1	0.4297144485359692
SLE_GSE285773_CD4_to_SLE_GSE174188_CD4	SLE_GSE285773_CD4	SLE_GSE174188_CD4	source_pca_pseudobulk	1333	1	0.25707352856322463
SLE_GSE285773_CD4_to_SLE_GSE174188_CD4	SLE_GSE285773_CD4	SLE_GSE174188_CD4	source_pca_pseudobulk	1334	1	0.3796416143446347
SLE_GSE285773_CD4_to_SLE_GSE174188_CD4	SLE_GSE285773_CD4	SLE_GSE174188_CD4	source_pca_pseudobulk	1337	1	0.2929285080730029
SLE_GSE285773_CD4_to_SLE_GSE174188_CD4	SLE_GSE285773_CD4	SLE_GSE174188_CD4	source_pca_pseudobulk	1338	1	0.28449813804317386
SLE_GSE285773_CD4_to_SLE_GSE174188_CD4	SLE_GSE285773_CD4	SLE_GSE174188_CD4	source_pca_pseudobulk	1340	1	0.4435208096236125
SLE_GSE285773_CD4_to_SLE_GSE174188_CD4	SLE_GSE285773_CD4	SLE_GSE174188_CD4	source_pca_pseudobulk	1341	1	0.133686888543855
SLE_GSE285773_CD4_to_SLE_GSE174188_CD4	SLE_GSE285773_CD4	SLE_GSE174188_CD4	source_pca_pseudobulk	1366	1	0.6461338499689869
SLE_GSE285773_CD4_to_SLE_GSE174188_CD4	SLE_GSE285773_CD4	SLE_GSE174188_CD4	source_pca_pseudobulk	1368	1	0.28944548574688617
SLE_GSE285773_CD4_to_SLE_GSE174188_CD4	SLE_GSE285773_CD4	SLE_GSE174188_CD4	source_pca_pseudobulk	1404	1	0.5242216943379071
SLE_GSE285773_CD4_to_SLE_GSE174188_CD4	SLE_GSE285773_CD4	SLE_GSE174188_CD4	source_pca_pseudobulk	1414	1	0.4690320905980606
SLE_GSE285773_CD4_to_SLE_GSE174188_CD4	SLE_GSE285773_CD4	SLE_GSE174188_CD4	source_pca_pseudobulk	1417	1	0.7440556294597361
SLE_GSE285773_CD4_to_SLE_GSE174188_CD4	SLE_GSE285773_CD4	SLE_GSE174188_CD4	source_pca_pseudobulk	1418	1	0.5063850317020773
SLE_GSE285773_CD4_to_SLE_GSE174188_CD4	SLE_GSE285773_CD4	SLE_GSE174188_CD4	source_pca_pseudobulk	1419	1	0.31104040139160194
SLE_GSE285773_CD4_to_SLE_GSE174188_CD4	SLE_GSE285773_CD4	SLE_GSE174188_CD4	source_pca_pseudobulk	1420	1	0.3328476965462118
SLE_GSE285773_CD4_to_SLE_GSE174188_CD4	SLE_GSE285773_CD4	SLE_GSE174188_CD4	source_pca_pseudobulk	1445	1	0.32256798701619765
SLE_GSE285773_CD4_to_SLE_GSE174188_CD4	SLE_GSE285773_CD4	SLE_GSE174188_CD4	source_pca_pseudobulk	1452	1	0.14694375853791766
SLE_GSE285773_CD4_to_SLE_GSE174188_CD4	SLE_GSE285773_CD4	SLE_GSE174188_CD4	source_pca_pseudobulk	1472	1	0.722091375192925
SLE_GSE285773_CD4_to_SLE_GSE174188_CD4	SLE_GSE285773_CD4	SLE_GSE174188_CD4	source_pca_pseudobulk	1479	1	0.1582685339842323
SLE_GSE285773_CD4_to_SLE_GSE174188_CD4	SLE_GSE285773_CD4	SLE_GSE174188_CD4	source_pca_pseudobulk	1480	1	0.472881462792029
SLE_GSE285773_CD4_to_SLE_GSE174188_CD4	SLE_GSE285773_CD4	SLE_GSE174188_CD4	source_pca_pseudobulk	1492	1	0.43210775572501503
SLE_GSE285773_CD4_to_SLE_GSE174188_CD4	SLE_GSE285773_CD4	SLE_GSE174188_CD4	source_pca_pseudobulk	1493	1	0.46368371707717276
SLE_GSE285773_CD4_to_SLE_GSE174188_CD4	SLE_GSE285773_CD4	SLE_GSE174188_CD4	source_pca_pseudobulk	1496	1	0.2695751206450419
SLE_GSE285773_CD4_to_SLE_GSE174188_CD4	SLE_GSE285773_CD4	SLE_GSE174188_CD4	source_pca_pseudobulk	1510	1	0.20331870748119196
SLE_GSE285773_CD4_to_SLE_GSE174188_CD4	SLE_GSE285773_CD4	SLE_GSE174188_CD4	source_pca_pseudobulk	1514	1	0.18754630985709703
SLE_GSE285773_CD4_to_SLE_GSE174188_CD4	SLE_GSE285773_CD4	SLE_GSE174188_CD4	source_pca_pseudobulk	1522	1	0.5526385690683939
SLE_GSE285773_CD4_to_SLE_GSE174188_CD4	SLE_GSE285773_CD4	SLE_GSE174188_CD4	source_pca_pseudobulk	1535	1	0.46443290770771706
SLE_GSE285773_CD4_to_SLE_GSE174188_CD4	SLE_GSE285773_CD4	SLE_GSE174188_CD4	source_pca_pseudobulk	1543	1	0.4740456588532176
SLE_GSE285773_CD4_to_SLE_GSE174188_CD4	SLE_GSE285773_CD4	SLE_GSE174188_CD4	source_pca_pseudobulk	1545	1	0.13211121379610657
SLE_GSE285773_CD4_to_SLE_GSE174188_CD4	SLE_GSE285773_CD4	SLE_GSE174188_CD4	source_pca_pseudobulk	1558	1	0.2805521085898737
SLE_GSE285773_CD4_to_SLE_GSE174188_CD4	SLE_GSE285773_CD4	SLE_GSE174188_CD4	source_pca_pseudobulk	1567	1	0.49216174963262344
SLE_GSE285773_CD4_to_SLE_GSE174188_CD4	SLE_GSE285773_CD4	SLE_GSE174188_CD4	source_pca_pseudobulk	1569	1	0.6051779995995342
SLE_GSE285773_CD4_to_SLE_GSE174188_CD4	SLE_GSE285773_CD4	SLE_GSE174188_CD4	source_pca_pseudobulk	1582	1	0.17967214296020015
SLE_GSE285773_CD4_to_SLE_GSE174188_CD4	SLE_GSE285773_CD4	SLE_GSE174188_CD4	source_pca_pseudobulk	1584	1	0.4259680179743079
SLE_GSE285773_CD4_to_SLE_GSE174188_CD4	SLE_GSE285773_CD4	SLE_GSE174188_CD4	source_pca_pseudobulk	1586	1	0.6340700156917964
SLE_GSE285773_CD4_to_SLE_GSE174188_CD4	SLE_GSE285773_CD4	SLE_GSE174188_CD4	source_pca_pseudobulk	1588	1	0.2318589744742686
SLE_GSE285773_CD4_to_SLE_GSE174188_CD4	SLE_GSE285773_CD4	SLE_GSE174188_CD4	source_pca_pseudobulk	1596	1	0.3764356674280813
SLE_GSE285773_CD4_to_SLE_GSE174188_CD4	SLE_GSE285773_CD4	SLE_GSE174188_CD4	source_pca_pseudobulk	1597	1	0.3272539042003134
SLE_GSE285773_CD4_to_SLE_GSE174188_CD4	SLE_GSE285773_CD4	SLE_GSE174188_CD4	source_pca_pseudobulk	1602	1	0.17568250221452325
SLE_GSE285773_CD4_to_SLE_GSE174188_CD4	SLE_GSE285773_CD4	SLE_GSE174188_CD4	source_pca_pseudobulk	1614	1	0.5484463967375329
SLE_GSE285773_CD4_to_SLE_GSE174188_CD4	SLE_GSE285773_CD4	SLE_GSE174188_CD4	source_pca_pseudobulk	1615	1	0.15379190887025493
SLE_GSE285773_CD4_to_SLE_GSE174188_CD4	SLE_GSE285773_CD4	SLE_GSE174188_CD4	source_pca_pseudobulk	1621	1	0.617608669737712
SLE_GSE285773_CD4_to_SLE_GSE174188_CD4	SLE_GSE285773_CD4	SLE_GSE174188_CD4	source_pca_pseudobulk	1623	1	0.36935149500000497
SLE_GSE285773_CD4_to_SLE_GSE174188_CD4	SLE_GSE285773_CD4	SLE_GSE174188_CD4	source_pca_pseudobulk	1633	1	0.3865906506184028
SLE_GSE285773_CD4_to_SLE_GSE174188_CD4	SLE_GSE285773_CD4	SLE_GSE174188_CD4	source_pca_pseudobulk	1641	1	0.8238703298294006
SLE_GSE285773_CD4_to_SLE_GSE174188_CD4	SLE_GSE285773_CD4	SLE_GSE174188_CD4	source_pca_pseudobulk	1660	1	0.16428632248596312
SLE_GSE285773_CD4_to_SLE_GSE174188_CD4	SLE_GSE285773_CD4	SLE_GSE174188_CD4	source_pca_pseudobulk	1667	1	0.40595777166867897
SLE_GSE285773_CD4_to_SLE_GSE174188_CD4	SLE_GSE285773_CD4	SLE_GSE174188_CD4	source_pca_pseudobulk	1672	1	0.38300522667309794
SLE_GSE285773_CD4_to_SLE_GSE174188_CD4	SLE_GSE285773_CD4	SLE_GSE174188_CD4	source_pca_pseudobulk	1680	1	0.5216930351957713
SLE_GSE285773_CD4_to_SLE_GSE174188_CD4	SLE_GSE285773_CD4	SLE_GSE174188_CD4	source_pca_pseudobulk	1682	1	0.43306558412945984
SLE_GSE285773_CD4_to_SLE_GSE174188_CD4	SLE_GSE285773_CD4	SLE_GSE174188_CD4	source_pca_pseudobulk	1716	1	0.09718041301750906
SLE_GSE285773_CD4_to_SLE_GSE174188_CD4	SLE_GSE285773_CD4	SLE_GSE174188_CD4	source_pca_pseudobulk	1721	1	0.5572843216232216
SLE_GSE285773_CD4_to_SLE_GSE174188_CD4	SLE_GSE285773_CD4	SLE_GSE174188_CD4	source_pca_pseudobulk	1726	1	0.2736618556584533
SLE_GSE285773_CD4_to_SLE_GSE174188_CD4	SLE_GSE285773_CD4	SLE_GSE174188_CD4	source_pca_pseudobulk	1730	1	0.16819396861057015
SLE_GSE285773_CD4_to_SLE_GSE174188_CD4	SLE_GSE285773_CD4	SLE_GSE174188_CD4	source_pca_pseudobulk	1731	1	0.23875980326226132
SLE_GSE285773_CD4_to_SLE_GSE174188_CD4	SLE_GSE285773_CD4	SLE_GSE174188_CD4	source_pca_pseudobulk	1737	1	0.27428568614924964
SLE_GSE285773_CD4_to_SLE_GSE174188_CD4	SLE_GSE285773_CD4	SLE_GSE174188_CD4	source_pca_pseudobulk	1741	1	0.5976592157189483
SLE_GSE285773_CD4_to_SLE_GSE174188_CD4	SLE_GSE285773_CD4	SLE_GSE174188_CD4	source_pca_pseudobulk	1743	1	0.288059376663793
SLE_GSE285773_CD4_to_SLE_GSE174188_CD4	SLE_GSE285773_CD4	SLE_GSE174188_CD4	source_pca_pseudobulk	1754	1	0.763792485184244
SLE_GSE285773_CD4_to_SLE_GSE174188_CD4	SLE_GSE285773_CD4	SLE_GSE174188_CD4	source_pca_pseudobulk	1760	1	0.6354056741319971
SLE_GSE285773_CD4_to_SLE_GSE174188_CD4	SLE_GSE285773_CD4	SLE_GSE174188_CD4	source_pca_pseudobulk	1763	1	0.6817047750714351
SLE_GSE285773_CD4_to_SLE_GSE174188_CD4	SLE_GSE285773_CD4	SLE_GSE174188_CD4	source_pca_pseudobulk	1767	1	0.38140691047165076
SLE_GSE285773_CD4_to_SLE_GSE174188_CD4	SLE_GSE285773_CD4	SLE_GSE174188_CD4	source_pca_pseudobulk	1768	1	0.3741392857089675
SLE_GSE285773_CD4_to_SLE_GSE174188_CD4	SLE_GSE285773_CD4	SLE_GSE174188_CD4	source_pca_pseudobulk	1771	1	0.7593970269837365
SLE_GSE285773_CD4_to_SLE_GSE174188_CD4	SLE_GSE285773_CD4	SLE_GSE174188_CD4	source_pca_pseudobulk	1772	1	0.5217568194152328
SLE_GSE285773_CD4_to_SLE_GSE174188_CD4	SLE_GSE285773_CD4	SLE_GSE174188_CD4	source_pca_pseudobulk	1775	1	0.28778832768562085
SLE_GSE285773_CD4_to_SLE_GSE174188_CD4	SLE_GSE285773_CD4	SLE_GSE174188_CD4	source_pca_pseudobulk	1785	1	0.5699251424861119
SLE_GSE285773_CD4_to_SLE_GSE174188_CD4	SLE_GSE285773_CD4	SLE_GSE174188_CD4	source_pca_pseudobulk	1791	1	0.6547676751843757
SLE_GSE285773_CD4_to_SLE_GSE174188_CD4	SLE_GSE285773_CD4	SLE_GSE174188_CD4	source_pca_pseudobulk	1799	1	0.18148299657460912
SLE_GSE285773_CD4_to_SLE_GSE174188_CD4	SLE_GSE285773_CD4	SLE_GSE174188_CD4	source_pca_pseudobulk	1804	1	0.209037809937491
SLE_GSE285773_CD4_to_SLE_GSE174188_CD4	SLE_GSE285773_CD4	SLE_GSE174188_CD4	source_pca_pseudobulk	1811	1	0.34961355023452606
SLE_GSE285773_CD4_to_SLE_GSE174188_CD4	SLE_GSE285773_CD4	SLE_GSE174188_CD4	source_pca_pseudobulk	1815	1	0.6765453106430835
SLE_GSE285773_CD4_to_SLE_GSE174188_CD4	SLE_GSE285773_CD4	SLE_GSE174188_CD4	source_pca_pseudobulk	1827	1	0.16840274317248036
SLE_GSE285773_CD4_to_SLE_GSE174188_CD4	SLE_GSE285773_CD4	SLE_GSE174188_CD4	source_pca_pseudobulk	1829	1	0.3864259584448138
SLE_GSE285773_CD4_to_SLE_GSE174188_CD4	SLE_GSE285773_CD4	SLE_GSE174188_CD4	source_pca_pseudobulk	1848	1	0.5118944258536676
SLE_GSE285773_CD4_to_SLE_GSE174188_CD4	SLE_GSE285773_CD4	SLE_GSE174188_CD4	source_pca_pseudobulk	1857	1	0.7563456515729701
SLE_GSE285773_CD4_to_SLE_GSE174188_CD4	SLE_GSE285773_CD4	SLE_GSE174188_CD4	source_pca_pseudobulk	1881	1	0.5646653449063593
SLE_GSE285773_CD4_to_SLE_GSE174188_CD4	SLE_GSE285773_CD4	SLE_GSE174188_CD4	source_pca_pseudobulk	1886	1	0.16873459964611953
SLE_GSE285773_CD4_to_SLE_GSE174188_CD4	SLE_GSE285773_CD4	SLE_GSE174188_CD4	source_pca_pseudobulk	1888	1	0.18723775297740422
SLE_GSE285773_CD4_to_SLE_GSE174188_CD4	SLE_GSE285773_CD4	SLE_GSE174188_CD4	source_pca_pseudobulk	1891	1	0.22218470812027377
SLE_GSE285773_CD4_to_SLE_GSE174188_CD4	SLE_GSE285773_CD4	SLE_GSE174188_CD4	source_pca_pseudobulk	1892	1	0.375814228898946
SLE_GSE285773_CD4_to_SLE_GSE174188_CD4	SLE_GSE285773_CD4	SLE_GSE174188_CD4	source_pca_pseudobulk	1909	1	0.21626206752268748
SLE_GSE285773_CD4_to_SLE_GSE174188_CD4	SLE_GSE285773_CD4	SLE_GSE174188_CD4	source_pca_pseudobulk	1928	1	0.3212589956043751
SLE_GSE285773_CD4_to_SLE_GSE174188_CD4	SLE_GSE285773_CD4	SLE_GSE174188_CD4	source_pca_pseudobulk	1941	1	0.687256397961599
SLE_GSE285773_CD4_to_SLE_GSE174188_CD4	SLE_GSE285773_CD4	SLE_GSE174188_CD4	source_pca_pseudobulk	1947	1	0.41180630930999684
SLE_GSE285773_CD4_to_SLE_GSE174188_CD4	SLE_GSE285773_CD4	SLE_GSE174188_CD4	source_pca_pseudobulk	1958	1	0.1980942271492918
SLE_GSE285773_CD4_to_SLE_GSE174188_CD4	SLE_GSE285773_CD4	SLE_GSE174188_CD4	source_pca_pseudobulk	1961	1	0.7455588548984111
SLE_GSE285773_CD4_to_SLE_GSE174188_CD4	SLE_GSE285773_CD4	SLE_GSE174188_CD4	source_pca_pseudobulk	2061	1	0.2967289999713039
SLE_GSE285773_CD4_to_SLE_GSE174188_CD4	SLE_GSE285773_CD4	SLE_GSE174188_CD4	source_pca_pseudobulk	2082	1	0.24000433796387258
SLE_GSE285773_CD4_to_SLE_GSE174188_CD4	SLE_GSE285773_CD4	SLE_GSE174188_CD4	source_pca_pseudobulk	2132	1	0.8212279230986583
SLE_GSE285773_CD4_to_SLE_GSE174188_CD4	SLE_GSE285773_CD4	SLE_GSE174188_CD4	source_pca_pseudobulk	2135	1	0.4360108967408967
SLE_GSE285773_CD4_to_SLE_GSE174188_CD4	SLE_GSE285773_CD4	SLE_GSE174188_CD4	source_pca_pseudobulk	FLARE001	1	0.43898379962048917
SLE_GSE285773_CD4_to_SLE_GSE174188_CD4	SLE_GSE285773_CD4	SLE_GSE174188_CD4	source_pca_pseudobulk	FLARE004	1	0.5334189955393054
SLE_GSE285773_CD4_to_SLE_GSE174188_CD4	SLE_GSE285773_CD4	SLE_GSE174188_CD4	source_pca_pseudobulk	FLARE005	1	0.3927797894727548
SLE_GSE285773_CD4_to_SLE_GSE174188_CD4	SLE_GSE285773_CD4	SLE_GSE174188_CD4	source_pca_pseudobulk	FLARE006	1	0.38092546312008496
SLE_GSE285773_CD4_to_SLE_GSE174188_CD4	SLE_GSE285773_CD4	SLE_GSE174188_CD4	source_pca_pseudobulk	FLARE007	1	0.8181638116179528
SLE_GSE285773_CD4_to_SLE_GSE174188_CD4	SLE_GSE285773_CD4	SLE_GSE174188_CD4	source_pca_pseudobulk	FLARE009	1	0.9152397327876197
SLE_GSE285773_CD4_to_SLE_GSE174188_CD4	SLE_GSE285773_CD4	SLE_GSE174188_CD4	source_pca_pseudobulk	FLARE010	1	0.7381049435220746
SLE_GSE285773_CD4_to_SLE_GSE174188_CD4	SLE_GSE285773_CD4	SLE_GSE174188_CD4	source_pca_pseudobulk	FLARE011	1	0.6503802971158531
SLE_GSE285773_CD4_to_SLE_GSE174188_CD4	SLE_GSE285773_CD4	SLE_GSE174188_CD4	source_pca_pseudobulk	FLARE013	1	0.6256446788034326
SLE_GSE285773_CD4_to_SLE_GSE174188_CD4	SLE_GSE285773_CD4	SLE_GSE174188_CD4	source_pca_pseudobulk	FLARE014	1	0.40663037752803677
SLE_GSE285773_CD4_to_SLE_GSE174188_CD4	SLE_GSE285773_CD4	SLE_GSE174188_CD4	source_pca_pseudobulk	FLARE015	1	0.5069195745102237
SLE_GSE285773_CD4_to_SLE_GSE174188_CD4	SLE_GSE285773_CD4	SLE_GSE174188_CD4	source_pca_pseudobulk	FLARE016	1	0.5157297336353475
SLE_GSE285773_CD4_to_SLE_GSE174188_CD4	SLE_GSE285773_CD4	SLE_GSE174188_CD4	source_pca_pseudobulk	FLARE017	1	0.5832932777716633
SLE_GSE285773_CD4_to_SLE_GSE174188_CD4	SLE_GSE285773_CD4	SLE_GSE174188_CD4	source_pca_pseudobulk	FLARE020	1	0.3817640471321105
SLE_GSE285773_CD4_to_SLE_GSE174188_CD4	SLE_GSE285773_CD4	SLE_GSE174188_CD4	source_pca_pseudobulk	HC-002	0	0.18701589513966407
SLE_GSE285773_CD4_to_SLE_GSE174188_CD4	SLE_GSE285773_CD4	SLE_GSE174188_CD4	source_pca_pseudobulk	HC-006	0	0.3119056612712804
SLE_GSE285773_CD4_to_SLE_GSE174188_CD4	SLE_GSE285773_CD4	SLE_GSE174188_CD4	source_pca_pseudobulk	HC-008	0	0.06732811182585995
SLE_GSE285773_CD4_to_SLE_GSE174188_CD4	SLE_GSE285773_CD4	SLE_GSE174188_CD4	source_pca_pseudobulk	HC-009	0	0.0855483474526002
SLE_GSE285773_CD4_to_SLE_GSE174188_CD4	SLE_GSE285773_CD4	SLE_GSE174188_CD4	source_pca_pseudobulk	HC-011	0	0.26491662159871476
SLE_GSE285773_CD4_to_SLE_GSE174188_CD4	SLE_GSE285773_CD4	SLE_GSE174188_CD4	source_pca_pseudobulk	HC-014	0	0.374468204751669
SLE_GSE285773_CD4_to_SLE_GSE174188_CD4	SLE_GSE285773_CD4	SLE_GSE174188_CD4	source_pca_pseudobulk	HC-015	0	0.11011981748557936
SLE_GSE285773_CD4_to_SLE_GSE174188_CD4	SLE_GSE285773_CD4	SLE_GSE174188_CD4	source_pca_pseudobulk	HC-019	0	0.16956681014704647
SLE_GSE285773_CD4_to_SLE_GSE174188_CD4	SLE_GSE285773_CD4	SLE_GSE174188_CD4	source_pca_pseudobulk	HC-020	0	0.29402350598179194
SLE_GSE285773_CD4_to_SLE_GSE174188_CD4	SLE_GSE285773_CD4	SLE_GSE174188_CD4	source_pca_pseudobulk	HC-022	0	0.2492524466191448
SLE_GSE285773_CD4_to_SLE_GSE174188_CD4	SLE_GSE285773_CD4	SLE_GSE174188_CD4	source_pca_pseudobulk	HC-500	0	0.21139066488404307
SLE_GSE285773_CD4_to_SLE_GSE174188_CD4	SLE_GSE285773_CD4	SLE_GSE174188_CD4	source_pca_pseudobulk	HC-501	0	0.29094967763579693
SLE_GSE285773_CD4_to_SLE_GSE174188_CD4	SLE_GSE285773_CD4	SLE_GSE174188_CD4	source_pca_pseudobulk	HC-502	0	0.19656399900707092
SLE_GSE285773_CD4_to_SLE_GSE174188_CD4	SLE_GSE285773_CD4	SLE_GSE174188_CD4	source_pca_pseudobulk	HC-503	0	0.3439984003287501
SLE_GSE285773_CD4_to_SLE_GSE174188_CD4	SLE_GSE285773_CD4	SLE_GSE174188_CD4	source_pca_pseudobulk	HC-504	0	0.2082623675005479
SLE_GSE285773_CD4_to_SLE_GSE174188_CD4	SLE_GSE285773_CD4	SLE_GSE174188_CD4	source_pca_pseudobulk	HC-506	0	0.24009693101083018
SLE_GSE285773_CD4_to_SLE_GSE174188_CD4	SLE_GSE285773_CD4	SLE_GSE174188_CD4	source_pca_pseudobulk	HC-508	0	0.1907248736643653
SLE_GSE285773_CD4_to_SLE_GSE174188_CD4	SLE_GSE285773_CD4	SLE_GSE174188_CD4	source_pca_pseudobulk	HC-512	0	0.2750668216337814
SLE_GSE285773_CD4_to_SLE_GSE174188_CD4	SLE_GSE285773_CD4	SLE_GSE174188_CD4	source_pca_pseudobulk	HC-516	0	0.14148580020932527
SLE_GSE285773_CD4_to_SLE_GSE174188_CD4	SLE_GSE285773_CD4	SLE_GSE174188_CD4	source_pca_pseudobulk	HC-519	0	0.1274075760306485
SLE_GSE285773_CD4_to_SLE_GSE174188_CD4	SLE_GSE285773_CD4	SLE_GSE174188_CD4	source_pca_pseudobulk	HC-520	0	0.1080714138242687
SLE_GSE285773_CD4_to_SLE_GSE174188_CD4	SLE_GSE285773_CD4	SLE_GSE174188_CD4	source_pca_pseudobulk	HC-524	0	0.25370460741603745
SLE_GSE285773_CD4_to_SLE_GSE174188_CD4	SLE_GSE285773_CD4	SLE_GSE174188_CD4	source_pca_pseudobulk	HC-526	0	0.24211335391097058
SLE_GSE285773_CD4_to_SLE_GSE174188_CD4	SLE_GSE285773_CD4	SLE_GSE174188_CD4	source_pca_pseudobulk	HC-531	0	0.16215204433621452
SLE_GSE285773_CD4_to_SLE_GSE174188_CD4	SLE_GSE285773_CD4	SLE_GSE174188_CD4	source_pca_pseudobulk	HC-532	0	0.13754151100317302
SLE_GSE285773_CD4_to_SLE_GSE174188_CD4	SLE_GSE285773_CD4	SLE_GSE174188_CD4	source_pca_pseudobulk	HC-533	0	0.10649562170808728
SLE_GSE285773_CD4_to_SLE_GSE174188_CD4	SLE_GSE285773_CD4	SLE_GSE174188_CD4	source_pca_pseudobulk	HC-536	0	0.15139573807727894
SLE_GSE285773_CD4_to_SLE_GSE174188_CD4	SLE_GSE285773_CD4	SLE_GSE174188_CD4	source_pca_pseudobulk	HC-538	0	0.1872686026321601
SLE_GSE285773_CD4_to_SLE_GSE174188_CD4	SLE_GSE285773_CD4	SLE_GSE174188_CD4	source_pca_pseudobulk	HC-540	0	0.3344096070768485
SLE_GSE285773_CD4_to_SLE_GSE174188_CD4	SLE_GSE285773_CD4	SLE_GSE174188_CD4	source_pca_pseudobulk	HC-541	0	0.19737147871175442
SLE_GSE285773_CD4_to_SLE_GSE174188_CD4	SLE_GSE285773_CD4	SLE_GSE174188_CD4	source_pca_pseudobulk	HC-543	0	0.17785272381722375
SLE_GSE285773_CD4_to_SLE_GSE174188_CD4	SLE_GSE285773_CD4	SLE_GSE174188_CD4	source_pca_pseudobulk	HC-545	0	0.214949364271454
SLE_GSE285773_CD4_to_SLE_GSE174188_CD4	SLE_GSE285773_CD4	SLE_GSE174188_CD4	source_pca_pseudobulk	HC-546	0	0.1624734210630259
SLE_GSE285773_CD4_to_SLE_GSE174188_CD4	SLE_GSE285773_CD4	SLE_GSE174188_CD4	source_pca_pseudobulk	HC-551	0	0.17046664194627886
SLE_GSE285773_CD4_to_SLE_GSE174188_CD4	SLE_GSE285773_CD4	SLE_GSE174188_CD4	source_pca_pseudobulk	HC-552	0	0.14202561604709876
SLE_GSE285773_CD4_to_SLE_GSE174188_CD4	SLE_GSE285773_CD4	SLE_GSE174188_CD4	source_pca_pseudobulk	HC-554	0	0.17264594421573212
SLE_GSE285773_CD4_to_SLE_GSE174188_CD4	SLE_GSE285773_CD4	SLE_GSE174188_CD4	source_pca_pseudobulk	HC-556	0	0.08287304286424482
SLE_GSE285773_CD4_to_SLE_GSE174188_CD4	SLE_GSE285773_CD4	SLE_GSE174188_CD4	source_pca_pseudobulk	HC-558	0	0.1188327526628895
SLE_GSE285773_CD4_to_SLE_GSE174188_CD4	SLE_GSE285773_CD4	SLE_GSE174188_CD4	source_pca_pseudobulk	HC-563	0	0.1212591350545393
SLE_GSE285773_CD4_to_SLE_GSE174188_CD4	SLE_GSE285773_CD4	SLE_GSE174188_CD4	source_pca_pseudobulk	HC-566	0	0.09242610846938439
SLE_GSE285773_CD4_to_SLE_GSE174188_CD4	SLE_GSE285773_CD4	SLE_GSE174188_CD4	source_pca_pseudobulk	HC-567	0	0.16296809762758954
SLE_GSE285773_CD4_to_SLE_GSE174188_CD4	SLE_GSE285773_CD4	SLE_GSE174188_CD4	source_pca_pseudobulk	HC-571	0	0.17382211528074523
SLE_GSE285773_CD4_to_SLE_GSE174188_CD4	SLE_GSE285773_CD4	SLE_GSE174188_CD4	source_pca_pseudobulk	HC-572	0	0.18317550332797947
SLE_GSE285773_CD4_to_SLE_GSE174188_CD4	SLE_GSE285773_CD4	SLE_GSE174188_CD4	source_pca_pseudobulk	HC-573	0	0.14775674846036513
SLE_GSE285773_CD4_to_SLE_GSE174188_CD4	SLE_GSE285773_CD4	SLE_GSE174188_CD4	source_pca_pseudobulk	HC-574	0	0.1527976464855818
SLE_GSE285773_CD4_to_SLE_GSE174188_CD4	SLE_GSE285773_CD4	SLE_GSE174188_CD4	source_pca_pseudobulk	HC-578	0	0.20724560979228557
SLE_GSE285773_CD4_to_SLE_GSE174188_CD4	SLE_GSE285773_CD4	SLE_GSE174188_CD4	source_pca_pseudobulk	HC-580	0	0.11415412191206847
SLE_GSE285773_CD4_to_SLE_GSE174188_CD4	SLE_GSE285773_CD4	SLE_GSE174188_CD4	source_pca_pseudobulk	HC-585	0	0.09122252691631305
SLE_GSE285773_CD4_to_SLE_GSE174188_CD4	SLE_GSE285773_CD4	SLE_GSE174188_CD4	source_pca_pseudobulk	ICC_control	0	0.1396763051250036
SLE_GSE285773_CD4_to_SLE_GSE174188_CD4	SLE_GSE285773_CD4	SLE_GSE174188_CD4	source_pca_pseudobulk	IGTB1290	0	0.18795166059687557
SLE_GSE285773_CD4_to_SLE_GSE174188_CD4	SLE_GSE285773_CD4	SLE_GSE174188_CD4	source_pca_pseudobulk	IGTB1372	0	0.17222650939406592
SLE_GSE285773_CD4_to_SLE_GSE174188_CD4	SLE_GSE285773_CD4	SLE_GSE174188_CD4	source_pca_pseudobulk	IGTB141	0	0.17546611639584384
SLE_GSE285773_CD4_to_SLE_GSE174188_CD4	SLE_GSE285773_CD4	SLE_GSE174188_CD4	source_pca_pseudobulk	IGTB143	0	0.07034318327051799
SLE_GSE285773_CD4_to_SLE_GSE174188_CD4	SLE_GSE285773_CD4	SLE_GSE174188_CD4	source_pca_pseudobulk	IGTB1506	0	0.15701181850770274
SLE_GSE285773_CD4_to_SLE_GSE174188_CD4	SLE_GSE285773_CD4	SLE_GSE174188_CD4	source_pca_pseudobulk	IGTB1539	0	0.21376002469057445
SLE_GSE285773_CD4_to_SLE_GSE174188_CD4	SLE_GSE285773_CD4	SLE_GSE174188_CD4	source_pca_pseudobulk	IGTB1540	0	0.13998733589383017
SLE_GSE285773_CD4_to_SLE_GSE174188_CD4	SLE_GSE285773_CD4	SLE_GSE174188_CD4	source_pca_pseudobulk	IGTB1542	0	0.09044273445502415
SLE_GSE285773_CD4_to_SLE_GSE174188_CD4	SLE_GSE285773_CD4	SLE_GSE174188_CD4	source_pca_pseudobulk	IGTB1575	0	0.1480428375973639
SLE_GSE285773_CD4_to_SLE_GSE174188_CD4	SLE_GSE285773_CD4	SLE_GSE174188_CD4	source_pca_pseudobulk	IGTB1650	0	0.2248815483192236
SLE_GSE285773_CD4_to_SLE_GSE174188_CD4	SLE_GSE285773_CD4	SLE_GSE174188_CD4	source_pca_pseudobulk	IGTB1731	0	0.1823682747650151
SLE_GSE285773_CD4_to_SLE_GSE174188_CD4	SLE_GSE285773_CD4	SLE_GSE174188_CD4	source_pca_pseudobulk	IGTB1762	0	0.15152539696983652
SLE_GSE285773_CD4_to_SLE_GSE174188_CD4	SLE_GSE285773_CD4	SLE_GSE174188_CD4	source_pca_pseudobulk	IGTB1768	0	0.1864481776963772
SLE_GSE285773_CD4_to_SLE_GSE174188_CD4	SLE_GSE285773_CD4	SLE_GSE174188_CD4	source_pca_pseudobulk	IGTB1789	0	0.14641880307465374
SLE_GSE285773_CD4_to_SLE_GSE174188_CD4	SLE_GSE285773_CD4	SLE_GSE174188_CD4	source_pca_pseudobulk	IGTB1793	0	0.17978818682416492
SLE_GSE285773_CD4_to_SLE_GSE174188_CD4	SLE_GSE285773_CD4	SLE_GSE174188_CD4	source_pca_pseudobulk	IGTB1814	0	0.21384058086549698
SLE_GSE285773_CD4_to_SLE_GSE174188_CD4	SLE_GSE285773_CD4	SLE_GSE174188_CD4	source_pca_pseudobulk	IGTB1815	0	0.16941561894661014
SLE_GSE285773_CD4_to_SLE_GSE174188_CD4	SLE_GSE285773_CD4	SLE_GSE174188_CD4	source_pca_pseudobulk	IGTB1819	0	0.08571275990140655
SLE_GSE285773_CD4_to_SLE_GSE174188_CD4	SLE_GSE285773_CD4	SLE_GSE174188_CD4	source_pca_pseudobulk	IGTB1826	0	0.1706012583690744
SLE_GSE285773_CD4_to_SLE_GSE174188_CD4	SLE_GSE285773_CD4	SLE_GSE174188_CD4	source_pca_pseudobulk	IGTB1827	0	0.1500246172449817
SLE_GSE285773_CD4_to_SLE_GSE174188_CD4	SLE_GSE285773_CD4	SLE_GSE174188_CD4	source_pca_pseudobulk	IGTB1828	0	0.19364958237431265
SLE_GSE285773_CD4_to_SLE_GSE174188_CD4	SLE_GSE285773_CD4	SLE_GSE174188_CD4	source_pca_pseudobulk	IGTB1840	0	0.09921832315268285
SLE_GSE285773_CD4_to_SLE_GSE174188_CD4	SLE_GSE285773_CD4	SLE_GSE174188_CD4	source_pca_pseudobulk	IGTB1844	0	0.2503587926787537
SLE_GSE285773_CD4_to_SLE_GSE174188_CD4	SLE_GSE285773_CD4	SLE_GSE174188_CD4	source_pca_pseudobulk	IGTB1871	0	0.1779158224355844
SLE_GSE285773_CD4_to_SLE_GSE174188_CD4	SLE_GSE285773_CD4	SLE_GSE174188_CD4	source_pca_pseudobulk	IGTB1895	0	0.11986949318170946
SLE_GSE285773_CD4_to_SLE_GSE174188_CD4	SLE_GSE285773_CD4	SLE_GSE174188_CD4	source_pca_pseudobulk	IGTB1901	0	0.0824240099492066
SLE_GSE285773_CD4_to_SLE_GSE174188_CD4	SLE_GSE285773_CD4	SLE_GSE174188_CD4	source_pca_pseudobulk	IGTB1906	0	0.15916694282726535
SLE_GSE285773_CD4_to_SLE_GSE174188_CD4	SLE_GSE285773_CD4	SLE_GSE174188_CD4	source_pca_pseudobulk	IGTB1908	0	0.24888380616523578
SLE_GSE285773_CD4_to_SLE_GSE174188_CD4	SLE_GSE285773_CD4	SLE_GSE174188_CD4	source_pca_pseudobulk	IGTB1913	0	0.17765556561450968
SLE_GSE285773_CD4_to_SLE_GSE174188_CD4	SLE_GSE285773_CD4	SLE_GSE174188_CD4	source_pca_pseudobulk	IGTB1916	0	0.17089822489045634
SLE_GSE285773_CD4_to_SLE_GSE174188_CD4	SLE_GSE285773_CD4	SLE_GSE174188_CD4	source_pca_pseudobulk	IGTB1921	0	0.15463681510182492
SLE_GSE285773_CD4_to_SLE_GSE174188_CD4	SLE_GSE285773_CD4	SLE_GSE174188_CD4	source_pca_pseudobulk	IGTB195	0	0.13432764696674293
SLE_GSE285773_CD4_to_SLE_GSE174188_CD4	SLE_GSE285773_CD4	SLE_GSE174188_CD4	source_pca_pseudobulk	IGTB1952	0	0.14342503023852973
SLE_GSE285773_CD4_to_SLE_GSE174188_CD4	SLE_GSE285773_CD4	SLE_GSE174188_CD4	source_pca_pseudobulk	IGTB1966	0	0.16131726720167133
SLE_GSE285773_CD4_to_SLE_GSE174188_CD4	SLE_GSE285773_CD4	SLE_GSE174188_CD4	source_pca_pseudobulk	IGTB1974	0	0.1761509159995698
SLE_GSE285773_CD4_to_SLE_GSE174188_CD4	SLE_GSE285773_CD4	SLE_GSE174188_CD4	source_pca_pseudobulk	IGTB1982	0	0.09694031783801864
SLE_GSE285773_CD4_to_SLE_GSE174188_CD4	SLE_GSE285773_CD4	SLE_GSE174188_CD4	source_pca_pseudobulk	IGTB1987	0	0.14970793886430594
SLE_GSE285773_CD4_to_SLE_GSE174188_CD4	SLE_GSE285773_CD4	SLE_GSE174188_CD4	source_pca_pseudobulk	IGTB1996	0	0.21284869647377014
SLE_GSE285773_CD4_to_SLE_GSE174188_CD4	SLE_GSE285773_CD4	SLE_GSE174188_CD4	source_pca_pseudobulk	IGTB2007	0	0.1467408112468447
SLE_GSE285773_CD4_to_SLE_GSE174188_CD4	SLE_GSE285773_CD4	SLE_GSE174188_CD4	source_pca_pseudobulk	IGTB2065	0	0.10844144950538627
SLE_GSE285773_CD4_to_SLE_GSE174188_CD4	SLE_GSE285773_CD4	SLE_GSE174188_CD4	source_pca_pseudobulk	IGTB256	0	0.1814597526634427
SLE_GSE285773_CD4_to_SLE_GSE174188_CD4	SLE_GSE285773_CD4	SLE_GSE174188_CD4	source_pca_pseudobulk	IGTB469	0	0.1608589339199821
SLE_GSE285773_CD4_to_SLE_GSE174188_CD4	SLE_GSE285773_CD4	SLE_GSE174188_CD4	source_pca_pseudobulk	IGTB498	0	0.12355542579771875
SLE_GSE285773_CD4_to_SLE_GSE174188_CD4	SLE_GSE285773_CD4	SLE_GSE174188_CD4	source_pca_pseudobulk	IGTB508	0	0.13058443635940345
SLE_GSE285773_CD4_to_SLE_GSE174188_CD4	SLE_GSE285773_CD4	SLE_GSE174188_CD4	source_pca_pseudobulk	IGTB514	0	0.16381156994489318
SLE_GSE285773_CD4_to_SLE_GSE174188_CD4	SLE_GSE285773_CD4	SLE_GSE174188_CD4	source_pca_pseudobulk	IGTB645	0	0.08420515997695412
SLE_GSE285773_CD4_to_SLE_GSE174188_CD4	SLE_GSE285773_CD4	SLE_GSE174188_CD4	source_pca_pseudobulk	IGTB670	0	0.11332321594764887
SLE_GSE285773_CD4_to_SLE_GSE174188_CD4	SLE_GSE285773_CD4	SLE_GSE174188_CD4	source_pca_pseudobulk	IGTB826	0	0.174355622028091
SLE_GSE285773_CD4_to_SLE_GSE174188_CD4	SLE_GSE285773_CD4	SLE_GSE174188_CD4	source_pca_pseudobulk	IGTB884	0	0.12687160517996313
SLE_GSE285773_CD4_to_SLE_GSE174188_CD4	SLE_GSE285773_CD4	SLE_GSE174188_CD4	source_pca_pseudobulk	IGTB986	0	0.24173752702048354
