module_id	split_seed	residual_auc	geneformer_auc_same_split	ifn_residual_auc_same_split	delta_auc_from_geneformer	ifn_delta_auc_same_split
1	20260801	0.9366504551689737	0.9759321611173464	0.8261628631999002	0.03928170594837266	0.1497692979174462
1	20260802	0.9335328594587854	0.9760568649457539	0.8271604938271605	0.04252400548696855	0.14889637111859344
1	20260803	0.9337199152013966	0.9748098266616785	0.822733507918693	0.04108991146028185	0.15207631874298544
1	20260804	0.933345803716174	0.9749968824042898	0.8194288564658936	0.041651078688115795	0.15556802593839625
1	20260805	0.9353410649706947	0.9739368998628257	0.8188053373238559	0.03859583489213103	0.15513156253896987
2	20260801	0.8159995011846863	0.9759321611173464	0.8261628631999002	0.15993265993266004	0.1497692979174462
2	20260802	0.8133807207881283	0.9760568649457539	0.8271604938271605	0.16267614415762566	0.14889637111859344
2	20260803	0.8082055119092156	0.9748098266616785	0.822733507918693	0.16660431475246285	0.15207631874298544
2	20260804	0.7947374984412021	0.9749968824042898	0.8194288564658936	0.18025938396308772	0.15556802593839625
2	20260805	0.8005985783763562	0.9739368998628257	0.8188053373238559	0.17333832148646955	0.15513156253896987
3	20260801	0.8164983164983165	0.9759321611173464	0.8261628631999002	0.15943384461902987	0.1497692979174462
3	20260802	0.8120713305898491	0.9760568649457539	0.8271604938271605	0.1639855343559048	0.14889637111859344
3	20260803	0.811323107619404	0.9748098266616785	0.822733507918693	0.16348671904227452	0.15207631874298544
3	20260804	0.8002244668911336	0.9749968824042898	0.8194288564658936	0.17477241551315625	0.15556802593839625
3	20260805	0.8044643970569897	0.9739368998628257	0.8188053373238559	0.16947250280583603	0.15513156253896987
4	20260801	0.811323107619404	0.9759321611173464	0.8261628631999002	0.16460905349794241	0.1497692979174462
4	20260802	0.8104501808205512	0.9760568649457539	0.8271604938271605	0.16560668412520274	0.14889637111859344
4	20260803	0.8065843621399177	0.9748098266616785	0.822733507918693	0.1682254645217608	0.15207631874298544
4	20260804	0.7926798852724779	0.9749968824042898	0.8194288564658936	0.18231699713181193	0.15556802593839625
4	20260805	0.8011597456041901	0.9739368998628257	0.8188053373238559	0.1727771542586356	0.15513156253896987
5	20260801	0.801471505175209	0.9759321611173464	0.8261628631999002	0.17446065594213733	0.1497692979174462
5	20260802	0.7932410525003117	0.9760568649457539	0.8271604938271605	0.1828158124454422	0.14889637111859344
5	20260803	0.7861952861952862	0.9748098266616785	0.822733507918693	0.18861454046639226	0.15207631874298544
5	20260804	0.7833270981419129	0.9749968824042898	0.8194288564658936	0.1916697842623769	0.15556802593839625
5	20260805	0.7830153385708941	0.9739368998628257	0.8188053373238559	0.1909215612919316	0.15513156253896987
6	20260801	0.8209253024067839	0.9759321611173464	0.8261628631999002	0.15500685871056252	0.1497692979174462
6	20260802	0.8239181942885647	0.9760568649457539	0.8271604938271605	0.15213867065718922	0.14889637111859344
6	20260803	0.8188676892380595	0.9748098266616785	0.822733507918693	0.15594213742361895	0.15207631874298544
6	20260804	0.8060231949120839	0.9749968824042898	0.8194288564658936	0.16897368749220598	0.15556802593839625
6	20260805	0.8140665918443697	0.9739368998628257	0.8188053373238559	0.15987030801845603	0.15513156253896987
7	20260801	0.8428731762065096	0.9759321611173464	0.8261628631999002	0.1330589849108368	0.1497692979174462
7	20260802	0.8439331587479736	0.9760568649457539	0.8271604938271605	0.13212370619778036	0.14889637111859344
7	20260803	0.8436213991769547	0.9748098266616785	0.822733507918693	0.1311884274847238	0.15207631874298544
7	20260804	0.8280957725402169	0.9749968824042898	0.8194288564658936	0.1469011098640729	0.15556802593839625
7	20260805	0.8385085422122459	0.9739368998628257	0.8188053373238559	0.1354283576505798	0.15513156253896987
8	20260801	0.765182691108617	0.9759321611173464	0.8261628631999002	0.21074947000872934	0.1497692979174462
8	20260802	0.7596333707444819	0.9760568649457539	0.8271604938271605	0.21642349420127205	0.14889637111859344
8	20260803	0.754271106122958	0.9748098266616785	0.822733507918693	0.22053872053872048	0.15207631874298544
8	20260804	0.7456665419628383	0.9749968824042898	0.8194288564658936	0.2293303404414515	0.15556802593839625
8	20260805	0.7453547823918194	0.9739368998628257	0.8188053373238559	0.22858211747100632	0.15513156253896987
9	20260801	0.91258261628632	0.9759321611173464	0.8261628631999002	0.0633495448310264	0.1497692979174462
9	20260802	0.910462651203392	0.9760568649457539	0.8271604938271605	0.06559421374236196	0.14889637111859344
9	20260803	0.911273226088041	0.9748098266616785	0.822733507918693	0.06353660057363753	0.15207631874298544
9	20260804	0.9062850729517397	0.9749968824042898	0.8194288564658936	0.06871180945255018	0.15556802593839625
9	20260805	0.9130190796857464	0.9739368998628257	0.8188053373238559	0.06091782017707936	0.15513156253896987
10	20260801	0.7929292929292929	0.9759321611173464	0.8261628631999002	0.18300286818805345	0.1497692979174462
10	20260802	0.7904352163611423	0.9760568649457539	0.8271604938271605	0.1856216485846116	0.14889637111859344
10	20260803	0.7853223593964335	0.9748098266616785	0.822733507918693	0.189487467265245	0.15207631874298544
10	20260804	0.7803342062601322	0.9749968824042898	0.8194288564658936	0.19466267614415766	0.15556802593839625
10	20260805	0.7887517146776405	0.9739368998628257	0.8188053373238559	0.18518518518518523	0.15513156253896987
11	20260801	0.8663174959471256	0.9759321611173464	0.8261628631999002	0.10961466517022078	0.1497692979174462
11	20260802	0.8658186806334955	0.9760568649457539	0.8271604938271605	0.1102381843122584	0.14889637111859344
11	20260803	0.8663174959471256	0.9748098266616785	0.822733507918693	0.10849233071455289	0.15207631874298544
11	20260804	0.8555929667040778	0.9749968824042898	0.8194288564658936	0.11940391570021203	0.15556802593839625
11	20260805	0.857650579872802	0.9739368998628257	0.8188053373238559	0.1162863199900237	0.15513156253896987
12	20260801	0.8393814690110987	0.9759321611173464	0.8261628631999002	0.1365506921062477	0.1497692979174462
12	20260802	0.8408155630377853	0.9760568649457539	0.8271604938271605	0.13524130190796868	0.14889637111859344
12	20260803	0.8333333333333334	0.9748098266616785	0.822733507918693	0.1414764933283451	0.15207631874298544
12	20260804	0.825414640229455	0.9749968824042898	0.8194288564658936	0.14958224217483485	0.15556802593839625
12	20260805	0.83476742736002	0.9739368998628257	0.8188053373238559	0.13916947250280576	0.15513156253896987
13	20260801	0.8217358772914327	0.9759321611173464	0.8261628631999002	0.15419628382591366	0.1497692979174462
13	20260802	0.8174959471255767	0.9760568649457539	0.8271604938271605	0.15856091782017723	0.14889637111859344
13	20260803	0.8223593964334704	0.9748098266616785	0.822733507918693	0.15245043022820803	0.15207631874298544
13	20260804	0.8141289437585735	0.9749968824042898	0.8194288564658936	0.16086793864571636	0.15556802593839625
13	20260805	0.8142536475869808	0.9739368998628257	0.8188053373238559	0.1596832522758449	0.15513156253896987
14	20260801	0.8905100386581868	0.9759321611173464	0.8261628631999002	0.08542212245915959	0.1497692979174462
14	20260802	0.8885147774036662	0.9760568649457539	0.8271604938271605	0.0875420875420877	0.14889637111859344
14	20260803	0.8877042025190174	0.9748098266616785	0.822733507918693	0.0871056241426611	0.15207631874298544
14	20260804	0.8829031051253273	0.9749968824042898	0.8194288564658936	0.09209377727896251	0.15556802593839625
14	20260805	0.8916323731138546	0.9739368998628257	0.8188053373238559	0.08230452674897115	0.15513156253896987
15	20260801	0.9380221972814565	0.9759321611173464	0.8261628631999002	0.03790996383588985	0.1497692979174462
15	20260802	0.9383963087666791	0.9760568649457539	0.8271604938271605	0.03766055617907482	0.14889637111859344
15	20260803	0.9338446190298042	0.9748098266616785	0.822733507918693	0.04096520763187428	0.15207631874298544
15	20260804	0.933096396059359	0.9749968824042898	0.8194288564658936	0.04190048634493082	0.15556802593839625
15	20260805	0.938708068337698	0.9739368998628257	0.8188053373238559	0.03522883152512768	0.15513156253896987
16	20260801	0.8431225838633246	0.9759321611173464	0.8261628631999002	0.13280957725402176	0.1497692979174462
16	20260802	0.837947374984412	0.9760568649457539	0.8271604938271605	0.13810948996134198	0.14889637111859344
16	20260803	0.8367003367003367	0.9748098266616785	0.822733507918693	0.13810948996134176	0.15207631874298544
16	20260804	0.8228582117471006	0.9749968824042898	0.8194288564658936	0.15213867065718922	0.15556802593839625
16	20260805	0.8271604938271605	0.9739368998628257	0.8188053373238559	0.14677640603566522	0.15513156253896987
17	20260801	0.9694475620401546	0.9759321611173464	0.8261628631999002	0.006484599077191788	0.1497692979174462
17	20260802	0.9679511160992642	0.9760568649457539	0.8271604938271605	0.008105748846489735	0.14889637111859344
17	20260803	0.9680758199276718	0.9748098266616785	0.822733507918693	0.006734006734006703	0.15207631874298544
17	20260804	0.9675146526998378	0.9749968824042898	0.8194288564658936	0.007482229704452004	0.15556802593839625
17	20260805	0.9678887641850604	0.9739368998628257	0.8188053373238559	0.006048135677765298	0.15513156253896987
18	20260801	0.8042773413143783	0.9759321611173464	0.8261628631999002	0.17165481980296804	0.1497692979174462
18	20260802	0.8083302157376232	0.9760568649457539	0.8271604938271605	0.16772664920813074	0.14889637111859344
18	20260803	0.7981668537224093	0.9748098266616785	0.822733507918693	0.17664297293926923	0.15207631874298544
18	20260804	0.7880658436213992	0.9749968824042898	0.8194288564658936	0.18693103878289064	0.15556802593839625
18	20260805	0.7926175333582741	0.9739368998628257	0.8188053373238559	0.1813193665045516	0.15513156253896987
19	20260801	0.8238558423743609	0.9759321611173464	0.8261628631999002	0.15207631874298544	0.1497692979174462
19	20260802	0.8214864696346178	0.9760568649457539	0.8271604938271605	0.15457039531113614	0.14889637111859344
19	20260803	0.8204264870931536	0.9748098266616785	0.822733507918693	0.1543833395685249	0.15207631874298544
19	20260804	0.8121336825040529	0.9749968824042898	0.8194288564658936	0.1628631999002369	0.15556802593839625
19	20260805	0.8209876543209876	0.9739368998628257	0.8188053373238559	0.15294924554183809	0.15513156253896987
20	20260801	0.8688115725152762	0.9759321611173464	0.8261628631999002	0.10712058860207019	0.1497692979174462
20	20260802	0.8630751964085297	0.9760568649457539	0.8271604938271605	0.11298166853722424	0.14889637111859344
20	20260803	0.862202269609677	0.9748098266616785	0.822733507918693	0.11260755705200143	0.15207631874298544
20	20260804	0.8580870432722284	0.9749968824042898	0.8194288564658936	0.11690983913206143	0.15556802593839625
20	20260805	0.8570894126449682	0.9739368998628257	0.8188053373238559	0.11684748721785754	0.15513156253896987
21	20260801	0.7750966454670158	0.9759321611173464	0.8261628631999002	0.20083551565033053	0.1497692979174462
21	20260802	0.7769672028931288	0.9760568649457539	0.8271604938271605	0.19908966205262513	0.14889637111859344
21	20260803	0.7696720289312883	0.9748098266616785	0.822733507918693	0.2051377977303902	0.15207631874298544
21	20260804	0.7649332834518019	0.9749968824042898	0.8194288564658936	0.21006359895248794	0.15556802593839625
21	20260805	0.7694849731886769	0.9739368998628257	0.8188053373238559	0.2044519266741488	0.15513156253896987
22	20260801	0.7619403915700211	0.9759321611173464	0.8261628631999002	0.21399176954732524	0.1497692979174462
22	20260802	0.7571392941763312	0.9760568649457539	0.8271604938271605	0.21891757076942275	0.14889637111859344
22	20260803	0.7530240678388825	0.9748098266616785	0.822733507918693	0.22178575882279594	0.15207631874298544
22	20260804	0.7421748347674274	0.9749968824042898	0.8194288564658936	0.23282204763686243	0.15556802593839625
22	20260805	0.7404913330839257	0.9739368998628257	0.8188053373238559	0.23344556677890005	0.15513156253896987
23	20260801	0.9268612046389825	0.9759321611173464	0.8261628631999002	0.0490709564783639	0.1497692979174462
23	20260802	0.9249282952986656	0.9760568649457539	0.8271604938271605	0.05112856964708834	0.14889637111859344
23	20260803	0.9247412395560544	0.9748098266616785	0.822733507918693	0.05006858710562412	0.15207631874298544
23	20260804	0.9231824417009602	0.9749968824042898	0.8194288564658936	0.051814440703329634	0.15556802593839625
23	20260805	0.9251777029554807	0.9739368998628257	0.8188053373238559	0.04875919690734498	0.15513156253896987
24	20260801	0.8786631749594713	0.9759321611173464	0.8261628631999002	0.09726898615787505	0.1497692979174462
24	20260802	0.8758573388203018	0.9760568649457539	0.8271604938271605	0.10019952612545213	0.14889637111859344
24	20260803	0.8788502307020825	0.9748098266616785	0.822733507918693	0.09595959595959602	0.15207631874298544
24	20260804	0.8735503179947625	0.9749968824042898	0.8194288564658936	0.10144656440952737	0.15556802593839625
24	20260805	0.8746726524504302	0.9739368998628257	0.8188053373238559	0.09926424741239548	0.15513156253896987
25	20260801	0.9673275969572266	0.9759321611173464	0.8261628631999002	0.008604564160119788	0.1497692979174462
25	20260802	0.967764060356653	0.9760568649457539	0.8271604938271605	0.008292804589100977	0.14889637111859344
25	20260803	0.9677017084424492	0.9748098266616785	0.822733507918693	0.007108118219229298	0.15207631874298544
25	20260804	0.9654570395311136	0.9749968824042898	0.8194288564658936	0.009539842873176219	0.15556802593839625
25	20260805	0.966704077815189	0.9739368998628257	0.8188053373238559	0.0072328220476367555	0.15513156253896987
26	20260801	0.9506172839506173	0.9759321611173464	0.8261628631999002	0.02531487716672909	0.1497692979174462
26	20260802	0.9505549320364135	0.9760568649457539	0.8271604938271605	0.02550193290934044	0.14889637111859344
26	20260803	0.9486843746103006	0.9748098266616785	0.822733507918693	0.02612545205137784	0.15207631874298544
26	20260804	0.9497443571517645	0.9749968824042898	0.8194288564658936	0.025252525252525304	0.15556802593839625
26	20260805	0.9494325975807458	0.9739368998628257	0.8188053373238559	0.024504302282079893	0.15513156253896987
27	20260801	0.7994138920064847	0.9759321611173464	0.8261628631999002	0.17651826911086166	0.1497692979174462
27	20260802	0.7974809826661678	0.9760568649457539	0.8271604938271605	0.1785758822795861	0.14889637111859344
27	20260803	0.794238683127572	0.9748098266616785	0.822733507918693	0.18057114353410653	0.15207631874298544
27	20260804	0.7853223593964335	0.9749968824042898	0.8194288564658936	0.18967452300785637	0.15556802593839625
27	20260805	0.7860705823668785	0.9739368998628257	0.8188053373238559	0.18786631749594718	0.15513156253896987
28	20260801	0.9699463773537847	0.9759321611173464	0.8261628631999002	0.005985783763561625	0.1497692979174462
28	20260802	0.9669534854720039	0.9760568649457539	0.8271604938271605	0.009103379473750062	0.14889637111859344
28	20260803	0.9677017084424491	0.9748098266616785	0.822733507918693	0.007108118219229409	0.15207631874298544
28	20260804	0.9675146526998378	0.9749968824042898	0.8194288564658936	0.007482229704452004	0.15556802593839625
28	20260805	0.967764060356653	0.9739368998628257	0.8188053373238559	0.006172839506172756	0.15513156253896987
29	20260801	0.8927547075695224	0.9759321611173464	0.8261628631999002	0.08317745354782402	0.1497692979174462
29	20260802	0.891008853971817	0.9760568649457539	0.8271604938271605	0.085048010973937	0.14889637111859344
29	20260803	0.8866442199775533	0.9748098266616785	0.822733507918693	0.08816560668412521	0.15207631874298544
29	20260804	0.8800972689861579	0.9749968824042898	0.8194288564658936	0.09489961341813191	0.15556802593839625
29	20260805	0.8908217982292057	0.9739368998628257	0.8188053373238559	0.08311510163362001	0.15513156253896987
30	20260801	0.7426736500810576	0.9759321611173464	0.8261628631999002	0.2332585110362888	0.1497692979174462
30	20260802	0.7460406534480608	0.9760568649457539	0.8271604938271605	0.23001621149769313	0.14889637111859344
30	20260803	0.7401795735129069	0.9748098266616785	0.822733507918693	0.23463025314877162	0.15207631874298544
30	20260804	0.7249657064471879	0.9749968824042898	0.8194288564658936	0.2500311759571019	0.15556802593839625
30	20260805	0.7263998004738745	0.9739368998628257	0.8188053373238559	0.2475370993889512	0.15513156253896987
31	20260801	0.866192792118718	0.9759321611173464	0.8261628631999002	0.10973936899862835	0.1497692979174462
31	20260802	0.866192792118718	0.9760568649457539	0.8271604938271605	0.10986407282703592	0.14889637111859344
31	20260803	0.8649457538346427	0.9748098266616785	0.822733507918693	0.10986407282703581	0.15207631874298544
31	20260804	0.8522883152512782	0.9749968824042898	0.8194288564658936	0.1227085671530116	0.15556802593839625
31	20260805	0.8613916947250281	0.9739368998628257	0.8188053373238559	0.11254520513779764	0.15513156253896987
32	20260801	0.8327098141912956	0.9759321611173464	0.8261628631999002	0.14322234692605074	0.1497692979174462
32	20260802	0.8274722533981793	0.9760568649457539	0.8271604938271605	0.14858461154757463	0.14889637111859344
32	20260803	0.827285197655568	0.9748098266616785	0.822733507918693	0.14752462900611052	0.15207631874298544
32	20260804	0.8135054246165357	0.9749968824042898	0.8194288564658936	0.1614914577877541	0.15556802593839625
32	20260805	0.8215488215488215	0.9739368998628257	0.8188053373238559	0.15238807831400425	0.15513156253896987
33	20260801	0.8138171841875546	0.9759321611173464	0.8261628631999002	0.16211497692979182	0.1497692979174462
33	20260802	0.8082055119092156	0.9760568649457539	0.8271604938271605	0.1678513530365383	0.14889637111859344
33	20260803	0.8038408779149521	0.9748098266616785	0.822733507918693	0.1709689487467264	0.15207631874298544
33	20260804	0.7996632996632996	0.9749968824042898	0.8194288564658936	0.1753335827409902	0.15556802593839625
33	20260805	0.8020326724030428	0.9739368998628257	0.8188053373238559	0.17190422745978295	0.15513156253896987
34	20260801	0.7626886145404662	0.9759321611173464	0.8261628631999002	0.21324354657688016	0.1497692979174462
34	20260802	0.7561416635490709	0.9760568649457539	0.8271604938271605	0.21991520139668308	0.14889637111859344
34	20260803	0.7528993640104752	0.9748098266616785	0.822733507918693	0.2219104626512033	0.15207631874298544
34	20260804	0.7488464895872303	0.9749968824042898	0.8194288564658936	0.2261503928170595	0.15556802593839625
34	20260805	0.7448559670781892	0.9739368998628257	0.8188053373238559	0.22908093278463648	0.15513156253896987
35	20260801	0.9306023194912083	0.9759321611173464	0.8261628631999002	0.04532984162613807	0.1497692979174462
35	20260802	0.9306646714054121	0.9760568649457539	0.8271604938271605	0.04539219354034185	0.14889637111859344
35	20260803	0.9306023194912083	0.9748098266616785	0.822733507918693	0.04420750717047017	0.15207631874298544
35	20260804	0.925863574011722	0.9749968824042898	0.8194288564658936	0.0491333083925678	0.15556802593839625
35	20260805	0.9284823544082803	0.9739368998628257	0.8188053373238559	0.045454545454545414	0.15513156253896987
36	20260801	0.8445566778900112	0.9759321611173464	0.8261628631999002	0.13137548322733517	0.1497692979174462
36	20260802	0.846489587230328	0.9760568649457539	0.8271604938271605	0.12956727771542598	0.14889637111859344
36	20260803	0.8411896745230079	0.9748098266616785	0.822733507918693	0.13362015213867062	0.15207631874298544
36	20260804	0.8365132809577254	0.9749968824042898	0.8194288564658936	0.13848360144656446	0.15556802593839625
36	20260805	0.833395685247537	0.9739368998628257	0.8188053373238559	0.14054121461528868	0.15513156253896987
37	20260801	0.8181818181818182	0.9759321611173464	0.8261628631999002	0.15775034293552814	0.1497692979174462
37	20260802	0.817433595211373	0.9760568649457539	0.8271604938271605	0.1586232697343809	0.14889637111859344
37	20260803	0.8151265743858337	0.9748098266616785	0.822733507918693	0.1596832522758448	0.15207631874298544
37	20260804	0.8126324978176829	0.9749968824042898	0.8194288564658936	0.16236438458660696	0.15556802593839625
37	20260805	0.8088290310512533	0.9739368998628257	0.8188053373238559	0.16510786881157247	0.15513156253896987
38	20260801	0.8328345180197032	0.9759321611173464	0.8261628631999002	0.14309764309764317	0.1497692979174462
38	20260802	0.8309639605935902	0.9760568649457539	0.8271604938271605	0.1450929043521637	0.14889637111859344
38	20260803	0.8266616785135303	0.9748098266616785	0.822733507918693	0.14814814814814814	0.15207631874298544
38	20260804	0.8130066093029055	0.9749968824042898	0.8194288564658936	0.16199027310138436	0.15556802593839625
38	20260805	0.8211123581493952	0.9739368998628257	0.8188053373238559	0.15282454171343052	0.15513156253896987
39	20260801	0.7849482479112109	0.9759321611173464	0.8261628631999002	0.1909839132061355	0.1497692979174462
39	20260802	0.7813318368873925	0.9760568649457539	0.8271604938271605	0.19472502805836145	0.14889637111859344
39	20260803	0.7812694849731887	0.9748098266616785	0.822733507918693	0.19354034168848977	0.15207631874298544
39	20260804	0.7646215238807831	0.9749968824042898	0.8194288564658936	0.21037535852350675	0.15556802593839625
39	20260805	0.7715425863574012	0.9739368998628257	0.8188053373238559	0.20239431350542447	0.15513156253896987
40	20260801	0.7864446938521013	0.9759321611173464	0.8261628631999002	0.18948746726524512	0.1497692979174462
40	20260802	0.7787130564908343	0.9760568649457539	0.8271604938271605	0.1973438084549196	0.14889637111859344
40	20260803	0.7789001122334456	0.9748098266616785	0.822733507918693	0.1959097144282329	0.15207631874298544
40	20260804	0.7715425863574011	0.9749968824042898	0.8194288564658936	0.2034542960468887	0.15556802593839625
40	20260805	0.7740990148397556	0.9739368998628257	0.8188053373238559	0.1998378850230701	0.15513156253896987
41	20260801	0.7903728644469386	0.9759321611173464	0.8261628631999002	0.18555929667040783	0.1497692979174462
41	20260802	0.7902481606185311	0.9760568649457539	0.8271604938271605	0.18580870432722285	0.14889637111859344
41	20260803	0.7815812445442076	0.9748098266616785	0.822733507918693	0.19322858211747085	0.15207631874298544
41	20260804	0.7706696595585485	0.9749968824042898	0.8194288564658936	0.20432722284574134	0.15556802593839625
41	20260805	0.7764683875794988	0.9739368998628257	0.8188053373238559	0.19746851228332696	0.15513156253896987
42	20260801	0.8880159620900361	0.9759321611173464	0.8261628631999002	0.0879161990273103	0.1497692979174462
42	20260802	0.8842748472378102	0.9760568649457539	0.8271604938271605	0.0917820177079437	0.14889637111859344
42	20260803	0.8868312757201646	0.9748098266616785	0.822733507918693	0.08797855094151386	0.15207631874298544
42	20260804	0.8798478613293428	0.9749968824042898	0.8194288564658936	0.09514902107494705	0.15556802593839625
42	20260805	0.8815937149270483	0.9739368998628257	0.8188053373238559	0.09234318493577742	0.15513156253896987
43	20260801	0.9509913954358399	0.9759321611173464	0.8261628631999002	0.024940765681506494	0.1497692979174462
43	20260802	0.9480608554682629	0.9760568649457539	0.8271604938271605	0.027996009477491035	0.14889637111859344
43	20260803	0.9513031550068587	0.9748098266616785	0.822733507918693	0.02350667165481979	0.15207631874298544
43	20260804	0.9468761690983913	0.9749968824042898	0.8194288564658936	0.028120713305898493	0.15556802593839625
43	20260805	0.9514278588352663	0.9739368998628257	0.8188053373238559	0.022509041027559462	0.15513156253896987
44	20260801	0.9456914827285197	0.9759321611173464	0.8261628631999002	0.030240678388826714	0.1497692979174462
44	20260802	0.9482479112108742	0.9760568649457539	0.8271604938271605	0.027808953734879793	0.14889637111859344
44	20260803	0.9452550193290935	0.9748098266616785	0.822733507918693	0.029554807332584976	0.15207631874298544
44	20260804	0.942947998503554	0.9749968824042898	0.8194288564658936	0.03204888390073579	0.15556802593839625
44	20260805	0.9451926674148896	0.9739368998628257	0.8188053373238559	0.028744232447936113	0.15513156253896987
45	20260801	0.9753086419753086	0.9759321611173464	0.8261628631999002	0.0006235191420377317	0.1497692979174462
45	20260802	0.9761192168599576	0.9760568649457539	0.8271604938271605	-6.235191420367325e-05	0.14889637111859344
45	20260803	0.9715051752088788	0.9748098266616785	0.822733507918693	0.0033046514527996784	0.15207631874298544
45	20260804	0.9756204015463275	0.9749968824042898	0.8194288564658936	-0.0006235191420376207	0.15556802593839625
45	20260805	0.9749968824042898	0.9739368998628257	0.8188053373238559	-0.0010599825414641106	0.15513156253896987
46	20260801	0.8794113979299164	0.9759321611173464	0.8261628631999002	0.09652076318742997	0.1497692979174462
46	20260802	0.8709315375982043	0.9760568649457539	0.8271604938271605	0.10512532734754965	0.14889637111859344
46	20260803	0.8754832273350792	0.9748098266616785	0.822733507918693	0.09932659932659926	0.15207631874298544
46	20260804	0.8676892380596084	0.9749968824042898	0.8194288564658936	0.10730764434468143	0.15556802593839625
46	20260805	0.8717421124828533	0.9739368998628257	0.8188053373238559	0.10219478737997245	0.15513156253896987
47	20260801	0.8497318867689239	0.9759321611173464	0.8261628631999002	0.12620027434842251	0.1497692979174462
47	20260802	0.8428108242923058	0.9760568649457539	0.8271604938271605	0.13324604065344814	0.14889637111859344
47	20260803	0.8431225838633246	0.9748098266616785	0.822733507918693	0.13168724279835387	0.15207631874298544
47	20260804	0.8365756328719292	0.9749968824042898	0.8194288564658936	0.13842124953236068	0.15556802593839625
47	20260805	0.8445566778900112	0.9739368998628257	0.8188053373238559	0.1293802219728145	0.15513156253896987
48	20260801	0.8246040653448061	0.9759321611173464	0.8261628631999002	0.15132809577254025	0.1497692979174462
48	20260802	0.816373612669909	0.9760568649457539	0.8271604938271605	0.1596832522758449	0.14889637111859344
48	20260803	0.823544082803342	0.9748098266616785	0.822733507918693	0.15126574385833647	0.15207631874298544
48	20260804	0.8131936650455168	0.9749968824042898	0.8194288564658936	0.161803217358773	0.15556802593839625
48	20260805	0.8156877416136675	0.9739368998628257	0.8188053373238559	0.1582491582491582	0.15513156253896987
49	20260801	0.8146277590722035	0.9759321611173464	0.8261628631999002	0.16130440204514285	0.1497692979174462
49	20260802	0.8162489088415015	0.9760568649457539	0.8271604938271605	0.15980795610425247	0.14889637111859344
49	20260803	0.8208005985783764	0.9748098266616785	0.822733507918693	0.15400922808330209	0.15207631874298544
49	20260804	0.8111360518767925	0.9749968824042898	0.8194288564658936	0.16386083052749734	0.15556802593839625
49	20260805	0.8060231949120837	0.9739368998628257	0.8188053373238559	0.16791370495074198	0.15513156253896987
50	20260801	0.8189923930664671	0.9759321611173464	0.8261628631999002	0.15693976805087928	0.1497692979174462
50	20260802	0.817683002868188	0.9760568649457539	0.8271604938271605	0.15837386207756599	0.14889637111859344
50	20260803	0.8168724279835392	0.9748098266616785	0.822733507918693	0.15793739867813927	0.15207631874298544
50	20260804	0.8063973063973064	0.9749968824042898	0.8194288564658936	0.1685995760069834	0.15556802593839625
50	20260805	0.8136924803591471	0.9739368998628257	0.8188053373238559	0.16024441950367863	0.15513156253896987
51	20260801	0.8785384711310638	0.9759321611173464	0.8261628631999002	0.09739368998628262	0.1497692979174462
51	20260802	0.876044394562913	0.9760568649457539	0.8271604938271605	0.10001247038284089	0.14889637111859344
51	20260803	0.8774784885895996	0.9748098266616785	0.822733507918693	0.09733133807207883	0.15207631874298544
51	20260804	0.8712432971692231	0.9749968824042898	0.8194288564658936	0.10375358523506673	0.15556802593839625
51	20260805	0.8744232447936151	0.9739368998628257	0.8188053373238559	0.09951365506921062	0.15513156253896987
52	20260801	0.9012969198154384	0.9759321611173464	0.8261628631999002	0.07463524130190802	0.1497692979174462
52	20260802	0.89817932410525	0.9760568649457539	0.8271604938271605	0.07787754084050391	0.14889637111859344
52	20260803	0.8976805087916199	0.9748098266616785	0.822733507918693	0.07712931787005861	0.15207631874298544
52	20260804	0.8925676518269111	0.9749968824042898	0.8194288564658936	0.08242923057737872	0.15556802593839625
52	20260805	0.8978675645342312	0.9739368998628257	0.8188053373238559	0.0760693353285945	0.15513156253896987
53	20260801	0.9181942885646589	0.9759321611173464	0.8261628631999002	0.057737872552687475	0.1497692979174462
53	20260802	0.9226836263873301	0.9760568649457539	0.8271604938271605	0.0533732385584238	0.14889637111859344
53	20260803	0.9213742361890511	0.9748098266616785	0.822733507918693	0.05343559047262736	0.15207631874298544
53	20260804	0.9157002119965083	0.9749968824042898	0.8194288564658936	0.05929667040778153	0.15556802593839625
53	20260805	0.9165107868811573	0.9739368998628257	0.8188053373238559	0.05742611298166844	0.15513156253896987
54	20260801	0.8860207008355157	0.9759321611173464	0.8261628631999002	0.08991146028183072	0.1497692979174462
54	20260802	0.8846489587230328	0.9760568649457539	0.8271604938271605	0.0914079062227211	0.14889637111859344
54	20260803	0.887828906347425	0.9748098266616785	0.822733507918693	0.08698092031425353	0.15207631874298544
54	20260804	0.8826536974685123	0.9749968824042898	0.8194288564658936	0.09234318493577753	0.15556802593839625
54	20260805	0.8860830527497194	0.9739368998628257	0.8188053373238559	0.08785384711310629	0.15513156253896987
55	20260801	0.892068836513281	0.9759321611173464	0.8261628631999002	0.08386332460406543	0.1497692979174462
55	20260802	0.8916947250280584	0.9760568649457539	0.8271604938271605	0.08436213991769559	0.14889637111859344
55	20260803	0.8936276343683751	0.9748098266616785	0.822733507918693	0.08118219229330337	0.15207631874298544
55	20260804	0.8850230702082553	0.9749968824042898	0.8194288564658936	0.08997381219603451	0.15556802593839625
55	20260805	0.8857712931787006	0.9739368998628257	0.8188053373238559	0.0881656066841251	0.15513156253896987
56	20260801	0.8836513280957726	0.9759321611173464	0.8261628631999002	0.09228083302157375	0.1497692979174462
56	20260802	0.8790372864446939	0.9760568649457539	0.8271604938271605	0.09701957850106002	0.14889637111859344
56	20260803	0.880845491956603	0.9748098266616785	0.822733507918693	0.09396433470507548	0.15207631874298544
56	20260804	0.8719915201396683	0.9749968824042898	0.8194288564658936	0.10300536226462154	0.15556802593839625
56	20260805	0.8762314503055244	0.9739368998628257	0.8188053373238559	0.09770544955730132	0.15513156253896987
57	20260801	0.7954233694974436	0.9759321611173464	0.8261628631999002	0.18050879161990274	0.1497692979174462
57	20260802	0.7921810699588477	0.9760568649457539	0.8271604938271605	0.1838757949869062	0.14889637111859344
57	20260803	0.7932410525003117	0.9748098266616785	0.822733507918693	0.18156877416136674	0.15207631874298544
57	20260804	0.7767801471505175	0.9749968824042898	0.8194288564658936	0.19821673525377237	0.15556802593839625
57	20260805	0.7822671156004489	0.9739368998628257	0.8188053373238559	0.1916697842623768	0.15513156253896987
58	20260801	0.7993515400922808	0.9759321611173464	0.8261628631999002	0.17658062102506555	0.1497692979174462
58	20260802	0.7943633869559794	0.9760568649457539	0.8271604938271605	0.18169347798977453	0.14889637111859344
58	20260803	0.7912457912457911	0.9748098266616785	0.822733507918693	0.1835640354158874	0.15207631874298544
58	20260804	0.7793989275470757	0.9749968824042898	0.8194288564658936	0.1955979548572141	0.15556802593839625
58	20260805	0.791806958473625	0.9739368998628257	0.8188053373238559	0.1821299413892007	0.15513156253896987
59	20260801	0.9205013093901983	0.9759321611173464	0.8261628631999002	0.05543085172714812	0.1497692979174462
59	20260802	0.9191919191919192	0.9760568649457539	0.8271604938271605	0.05686494575383472	0.14889637111859344
59	20260803	0.9171966579373987	0.9748098266616785	0.822733507918693	0.057613168724279795	0.15207631874298544
59	20260804	0.9127696720289312	0.9749968824042898	0.8194288564658936	0.06222721037535861	0.15556802593839625
59	20260805	0.9177578251652325	0.9739368998628257	0.8188053373238559	0.0561790746975932	0.15513156253896987
60	20260801	0.9010475121586232	0.9759321611173464	0.8261628631999002	0.07488464895872315	0.1497692979174462
60	20260802	0.896308766679137	0.9760568649457539	0.8271604938271605	0.079748098266617	0.14889637111859344
60	20260803	0.8990522509041028	0.9748098266616785	0.822733507918693	0.07575757575757569	0.15207631874298544
60	20260804	0.8905100386581868	0.9749968824042898	0.8194288564658936	0.08448684374610305	0.15556802593839625
60	20260805	0.8971816934779898	0.9739368998628257	0.8188053373238559	0.0767552063848359	0.15513156253896987
61	20260801	0.8211123581493952	0.9759321611173464	0.8261628631999002	0.15481980296795117	0.1497692979174462
61	20260802	0.8191170968948747	0.9760568649457539	0.8271604938271605	0.15693976805087928	0.14889637111859344
61	20260803	0.8151265743858337	0.9748098266616785	0.822733507918693	0.1596832522758448	0.15207631874298544
61	20260804	0.8111984037909964	0.9749968824042898	0.8194288564658936	0.16379847861329344	0.15556802593839625
61	20260805	0.8118842748472378	0.9739368998628257	0.8188053373238559	0.16205262501558793	0.15513156253896987
62	20260801	0.9543583988028432	0.9759321611173464	0.8261628631999002	0.021573762314503142	0.1497692979174462
62	20260802	0.9558548447437336	0.9760568649457539	0.8271604938271605	0.020202020202020332	0.14889637111859344
62	20260803	0.9552936775158997	0.9748098266616785	0.822733507918693	0.019516149145778816	0.15207631874298544
62	20260804	0.9526125452051378	0.9749968824042898	0.8194288564658936	0.022384337199152005	0.15556802593839625
62	20260805	0.9541713430602319	0.9739368998628257	0.8188053373238559	0.019765556802593842	0.15513156253896987
63	20260801	0.872864446938521	0.9759321611173464	0.8261628631999002	0.10306771417882532	0.1497692979174462
63	20260802	0.8724279835390947	0.9760568649457539	0.8271604938271605	0.10362888140665927	0.14889637111859344
63	20260803	0.8666292555181444	0.9748098266616785	0.822733507918693	0.10818057114353408	0.15207631874298544
63	20260804	0.8608928794113979	0.9749968824042898	0.8194288564658936	0.11410400299289192	0.15556802593839625
63	20260805	0.8666292555181444	0.9739368998628257	0.8188053373238559	0.10730764434468132	0.15513156253896987
64	20260801	0.9162613792243421	0.9759321611173464	0.8261628631999002	0.05967078189300423	0.1497692979174462
64	20260802	0.9115849856590598	0.9760568649457539	0.8271604938271605	0.06447187928669418	0.14889637111859344
64	20260803	0.9136425988277841	0.9748098266616785	0.822733507918693	0.06116722783389439	0.15207631874298544
64	20260804	0.9105873550317996	0.9749968824042898	0.8194288564658936	0.06440952737249028	0.15556802593839625
64	20260805	0.9134555430851727	0.9739368998628257	0.8188053373238559	0.060481356777652984	0.15513156253896987
65	20260801	0.9276717795236313	0.9759321611173464	0.8261628631999002	0.04826038159371504	0.1497692979174462
65	20260802	0.9284200024940766	0.9760568649457539	0.8271604938271605	0.04763686245167731	0.14889637111859344
65	20260803	0.9283576505798727	0.9748098266616785	0.822733507918693	0.04645217608180574	0.15207631874298544
65	20260804	0.9259882778401296	0.9749968824042898	0.8194288564658936	0.04900860456416023	0.15556802593839625
65	20260805	0.9291682254645217	0.9739368998628257	0.8188053373238559	0.04476867439830401	0.15513156253896987
66	20260801	0.9147649332834518	0.9759321611173464	0.8261628631999002	0.06116722783389461	0.1497692979174462
66	20260802	0.913642598827784	0.9760568649457539	0.8271604938271605	0.06241426611796996	0.14889637111859344
66	20260803	0.9117096894874672	0.9748098266616785	0.822733507918693	0.06310013717421126	0.15207631874298544
66	20260804	0.9045392193540341	0.9749968824042898	0.8194288564658936	0.07045766305025569	0.15556802593839625
66	20260805	0.9135178949993765	0.9739368998628257	0.8188053373238559	0.0604190048634492	0.15513156253896987
67	20260801	0.9449432597580747	0.9759321611173464	0.8261628631999002	0.03098890135927168	0.1497692979174462
67	20260802	0.9480608554682628	0.9760568649457539	0.8271604938271605	0.027996009477491146	0.14889637111859344
67	20260803	0.9469385210125951	0.9748098266616785	0.822733507918693	0.027871305649083356	0.15207631874298544
67	20260804	0.9423868312757202	0.9749968824042898	0.8194288564658936	0.03261005112856963	0.15556802593839625
67	20260805	0.9451303155006858	0.9739368998628257	0.8188053373238559	0.028806584362139898	0.15513156253896987
68	20260801	0.8198653198653199	0.9759321611173464	0.8261628631999002	0.15606684125202652	0.1497692979174462
68	20260802	0.8215488215488216	0.9760568649457539	0.8271604938271605	0.15450804339693236	0.14889637111859344
68	20260803	0.8194912083800974	0.9748098266616785	0.822733507918693	0.1553186182815811	0.15207631874298544
68	20260804	0.8121336825040528	0.9749968824042898	0.8194288564658936	0.162863199900237	0.15556802593839625
68	20260805	0.8167477241551315	0.9739368998628257	0.8188053373238559	0.1571891757076942	0.15513156253896987
69	20260801	0.9769297917446065	0.9759321611173464	0.8261628631999002	-0.0009976306272601043	0.1497692979174462
69	20260802	0.9753709938895123	0.9760568649457539	0.8271604938271605	0.000685871056241627	0.14889637111859344
69	20260803	0.9738121960344183	0.9748098266616785	0.822733507918693	0.0009976306272602153	0.15207631874298544
69	20260804	0.9754956977179199	0.9749968824042898	0.8194288564658936	-0.0004988153136300522	0.15556802593839625
69	20260805	0.9739368998628257	0.9739368998628257	0.8188053373238559	0.0	0.15513156253896987
70	20260801	0.9149519890260631	0.9759321611173464	0.8261628631999002	0.06098017209128326	0.1497692979174462
70	20260802	0.9119590971442824	0.9760568649457539	0.8271604938271605	0.06409776780147158	0.14889637111859344
70	20260803	0.9155755081681007	0.9748098266616785	0.822733507918693	0.05923431849357774	0.15207631874298544
70	20260804	0.9090285571767054	0.9749968824042898	0.8194288564658936	0.06596832522758445	0.15556802593839625
70	20260805	0.9116473375732634	0.9739368998628257	0.8188053373238559	0.062289562289562284	0.15513156253896987
71	20260801	0.8133183688739245	0.9759321611173464	0.8261628631999002	0.16261379224342187	0.1497692979174462
71	20260802	0.8073949370245666	0.9760568649457539	0.8271604938271605	0.1686619279211874	0.14889637111859344
71	20260803	0.8144407033295922	0.9748098266616785	0.822733507918693	0.1603691233320863	0.15207631874298544
71	20260804	0.7999127073201147	0.9749968824042898	0.8194288564658936	0.17508417508417518	0.15556802593839625
71	20260805	0.7986033171218355	0.9739368998628257	0.8188053373238559	0.1753335827409902	0.15513156253896987
72	20260801	0.7822047636862453	0.9759321611173464	0.8261628631999002	0.19372739743110112	0.1497692979174462
72	20260802	0.782516523257264	0.9760568649457539	0.8271604938271605	0.19354034168849	0.14889637111859344
72	20260803	0.7756578126948497	0.9748098266616785	0.822733507918693	0.1991520139668288	0.15207631874298544
72	20260804	0.7618156877416137	0.9749968824042898	0.8194288564658936	0.21318119466267615	0.15556802593839625
72	20260805	0.7666791370495074	0.9739368998628257	0.8188053373238559	0.2072577628133183	0.15513156253896987
73	20260801	0.8131313131313131	0.9759321611173464	0.8261628631999002	0.16280084798603323	0.1497692979174462
73	20260802	0.8133807207881282	0.9760568649457539	0.8271604938271605	0.16267614415762577	0.14889637111859344
73	20260803	0.8077690485097893	0.9748098266616785	0.822733507918693	0.16704077815188922	0.15207631874298544
73	20260804	0.8012844494325976	0.9749968824042898	0.8194288564658936	0.17371243297169225	0.15556802593839625
73	20260805	0.8054620276842499	0.9739368998628257	0.8188053373238559	0.16847487217857582	0.15513156253896987
74	20260801	0.8792243421873052	0.9759321611173464	0.8261628631999002	0.09670781893004121	0.1497692979174462
74	20260802	0.876854969447562	0.9760568649457539	0.8271604938271605	0.09920189549819192	0.14889637111859344
74	20260803	0.880346676642973	0.9748098266616785	0.822733507918693	0.09446315001870553	0.15207631874298544
74	20260804	0.8724903354532985	0.9749968824042898	0.8194288564658936	0.10250654695099137	0.15556802593839625
74	20260805	0.8787878787878788	0.9739368998628257	0.8188053373238559	0.09514902107494694	0.15513156253896987
75	20260801	0.9299788003491707	0.9759321611173464	0.8261628631999002	0.04595336076817569	0.1497692979174462
75	20260802	0.9245541838134431	0.9760568649457539	0.8271604938271605	0.051502681132310824	0.14889637111859344
75	20260803	0.9287941139792991	0.9748098266616785	0.822733507918693	0.04601571268237936	0.15207631874298544
75	20260804	0.9210001247038284	0.9749968824042898	0.8194288564658936	0.05399675770046142	0.15556802593839625
75	20260805	0.9276094276094276	0.9739368998628257	0.8188053373238559	0.04632747225339817	0.15513156253896987
76	20260801	0.8830278089537349	0.9759321611173464	0.8261628631999002	0.09290435216361148	0.1497692979174462
76	20260802	0.8820301783264747	0.9760568649457539	0.8271604938271605	0.09402668661927926	0.14889637111859344
76	20260803	0.8805337323855842	0.9748098266616785	0.822733507918693	0.09427609427609429	0.15207631874298544
76	20260804	0.8701209627135553	0.9749968824042898	0.8194288564658936	0.10487591969073451	0.15556802593839625
76	20260805	0.8774784885895996	0.9739368998628257	0.8188053373238559	0.09645841127322607	0.15513156253896987
77	20260801	0.8032173587729143	0.9759321611173464	0.8261628631999002	0.17271480234443204	0.1497692979174462
77	20260802	0.8028432472876916	0.9760568649457539	0.8271604938271605	0.1732136176580623	0.14889637111859344
77	20260803	0.7956727771542585	0.9748098266616785	0.822733507918693	0.17913704950741993	0.15207631874298544
77	20260804	0.789437585733882	0.9749968824042898	0.8194288564658936	0.18555929667040783	0.15556802593839625
77	20260805	0.7944257388701834	0.9739368998628257	0.8188053373238559	0.1795111609926423	0.15513156253896987
78	20260801	0.9753086419753086	0.9759321611173464	0.8261628631999002	0.0006235191420377317	0.1497692979174462
78	20260802	0.974934530490086	0.9760568649457539	0.8271604938271605	0.001122334455667895	0.14889637111859344
78	20260803	0.9737498441202144	0.9748098266616785	0.822733507918693	0.0010599825414641106	0.15207631874298544
78	20260804	0.9747474747474748	0.9749968824042898	0.8194288564658936	0.0002494076568150261	0.15556802593839625
78	20260805	0.9748098266616786	0.9739368998628257	0.8188053373238559	-0.0008729267988528688	0.15513156253896987
79	20260801	0.9314128943758573	0.9759321611173464	0.8261628631999002	0.044519266741489094	0.1497692979174462
79	20260802	0.9275470756952239	0.9760568649457539	0.8271604938271605	0.048509789250530067	0.14889637111859344
79	20260803	0.9244918318992392	0.9748098266616785	0.822733507918693	0.050317994762439255	0.15207631874298544
79	20260804	0.9256141663549071	0.9749968824042898	0.8194288564658936	0.04938271604938271	0.15556802593839625
79	20260805	0.9281705948372615	0.9739368998628257	0.8188053373238559	0.045766305025564225	0.15513156253896987
80	20260801	0.7762813318368874	0.9759321611173464	0.8261628631999002	0.19965082928045896	0.1497692979174462
80	20260802	0.7763436837510911	0.9760568649457539	0.8271604938271605	0.19971318119466286	0.14889637111859344
80	20260803	0.7663673774784887	0.9748098266616785	0.822733507918693	0.20844244918318977	0.15207631874298544
80	20260804	0.7578251652325726	0.9749968824042898	0.8194288564658936	0.21717171717171724	0.15556802593839625
80	20260805	0.7658062102506547	0.9739368998628257	0.8188053373238559	0.20813068961217107	0.15513156253896987
81	20260801	0.9027933657563287	0.9759321611173464	0.8261628631999002	0.07313879536101764	0.1497692979174462
81	20260802	0.8998628257887518	0.9760568649457539	0.8271604938271605	0.07619403915700218	0.14889637111859344
81	20260803	0.9024816061853099	0.9748098266616785	0.822733507918693	0.07232822047636855	0.15207631874298544
81	20260804	0.8970569896495822	0.9749968824042898	0.8194288564658936	0.07793989275470758	0.15556802593839625
81	20260805	0.9012969198154384	0.9739368998628257	0.8188053373238559	0.07263998004738736	0.15513156253896987
82	20260801	0.8940640977678015	0.9759321611173464	0.8261628631999002	0.08186806334954488	0.1497692979174462
82	20260802	0.8911959097144282	0.9760568649457539	0.8271604938271605	0.08486095523132575	0.14889637111859344
82	20260803	0.8923182441700961	0.9748098266616785	0.822733507918693	0.0824915824915824	0.15207631874298544
82	20260804	0.8834642723531612	0.9749968824042898	0.8194288564658936	0.09153261005112867	0.15556802593839625
82	20260805	0.8890135927172964	0.9739368998628257	0.8188053373238559	0.08492330714552931	0.15513156253896987
83	20260801	0.7880034917071954	0.9759321611173464	0.8261628631999002	0.18792866941015096	0.1497692979174462
83	20260802	0.782765930914079	0.9760568649457539	0.8271604938271605	0.19329093403167497	0.14889637111859344
83	20260803	0.7821424117720414	0.9748098266616785	0.822733507918693	0.19266741488963712	0.15207631874298544
83	20260804	0.7737872552687368	0.9749968824042898	0.8194288564658936	0.20120962713555302	0.15556802593839625
83	20260805	0.7742860705823668	0.9739368998628257	0.8188053373238559	0.19965082928045896	0.15513156253896987
84	20260801	0.8108866442199776	0.9759321611173464	0.8261628631999002	0.1650455168973688	0.1497692979174462
84	20260802	0.8079561042524006	0.9760568649457539	0.8271604938271605	0.16810076069335333	0.14889637111859344
84	20260803	0.8050879161990272	0.9748098266616785	0.822733507918693	0.16972191046265128	0.15207631874298544
84	20260804	0.7876917321361766	0.9749968824042898	0.8194288564658936	0.18730515026811323	0.15556802593839625
84	20260805	0.7940516273849607	0.9739368998628257	0.8188053373238559	0.179885272477865	0.15513156253896987
85	20260801	0.9486843746103004	0.9759321611173464	0.8261628631999002	0.027247786507045957	0.1497692979174462
85	20260802	0.9585359770544957	0.9760568649457539	0.8271604938271605	0.017520887891258274	0.14889637111859344
85	20260803	0.9518019703204889	0.9748098266616785	0.822733507918693	0.023007856341189625	0.15207631874298544
85	20260804	0.9511784511784512	0.9749968824042898	0.8194288564658936	0.0238184312258386	0.15556802593839625
85	20260805	0.9526125452051378	0.9739368998628257	0.8188053373238559	0.021324354657687894	0.15513156253896987
86	20260801	0.8742361890510039	0.9759321611173464	0.8261628631999002	0.10169597206634251	0.1497692979174462
86	20260802	0.8714303529118343	0.9760568649457539	0.8271604938271605	0.1046265120339196	0.14889637111859344
86	20260803	0.8721785758822795	0.9748098266616785	0.822733507918693	0.10263125077939894	0.15207631874298544
86	20260804	0.8607058236687866	0.9749968824042898	0.8194288564658936	0.11429105873550327	0.15556802593839625
86	20260805	0.8671280708317746	0.9739368998628257	0.8188053373238559	0.10680882903105116	0.15513156253896987
87	20260801	0.8560917820177079	0.9759321611173464	0.8261628631999002	0.11984037909963852	0.1497692979174462
87	20260802	0.8548447437336326	0.9760568649457539	0.8271604938271605	0.12121212121212133	0.14889637111859344
87	20260803	0.8549070956478364	0.9748098266616785	0.822733507918693	0.11990273101384208	0.15207631874298544
87	20260804	0.8451801970320488	0.9749968824042898	0.8194288564658936	0.129816685372241	0.15556802593839625
87	20260805	0.8469884025439581	0.9739368998628257	0.8188053373238559	0.1269484973188676	0.15513156253896987
88	20260801	0.8570894126449683	0.9759321611173464	0.8261628631999002	0.11884274847237808	0.1497692979174462
88	20260802	0.852600074822297	0.9760568649457539	0.8271604938271605	0.1234567901234569	0.14889637111859344
88	20260803	0.855530614789874	0.9748098266616785	0.822733507918693	0.11927921187180446	0.15207631874298544
88	20260804	0.8430602319491209	0.9749968824042898	0.8194288564658936	0.1319366504551689	0.15556802593839625
88	20260805	0.8511036288814067	0.9739368998628257	0.8188053373238559	0.12283327098141905	0.15513156253896987
89	20260801	0.8448684374610301	0.9759321611173464	0.8261628631999002	0.13106372365631624	0.1497692979174462
89	20260802	0.8405038034667665	0.9760568649457539	0.8271604938271605	0.1355530614789875	0.14889637111859344
89	20260803	0.8408155630377853	0.9748098266616785	0.822733507918693	0.13399426362389322	0.15207631874298544
89	20260804	0.8317745354782392	0.9749968824042898	0.8194288564658936	0.14322234692605063	0.15556802593839625
89	20260805	0.8324604065344806	0.9739368998628257	0.8188053373238559	0.1414764933283451	0.15513156253896987
90	20260801	0.7808330215737622	0.9759321611173464	0.8261628631999002	0.19509913954358415	0.1497692979174462
90	20260802	0.7834518019703205	0.9760568649457539	0.8271604938271605	0.19260506297543345	0.14889637111859344
90	20260803	0.7763436837510911	0.9748098266616785	0.822733507918693	0.1984661429105874	0.15207631874298544
90	20260804	0.7687991021324354	0.9749968824042898	0.8194288564658936	0.20619778027185443	0.15556802593839625
90	20260805	0.7684873425614167	0.9739368998628257	0.8188053373238559	0.205449557301409	0.15513156253896987
91	20260801	0.8782890634742487	0.9759321611173464	0.8261628631999002	0.09764309764309764	0.1497692979174462
91	20260802	0.8766679137049507	0.9760568649457539	0.8271604938271605	0.09938895124080327	0.14889637111859344
91	20260803	0.8742985409652076	0.9748098266616785	0.822733507918693	0.10051128569647083	0.15207631874298544
91	20260804	0.8698092031425365	0.9749968824042898	0.8194288564658936	0.10518767926175332	0.15556802593839625
91	20260805	0.8711809452550193	0.9739368998628257	0.8188053373238559	0.1027559546078064	0.15513156253896987
92	20260801	0.9226212744731264	0.9759321611173464	0.8261628631999002	0.05331088664422001	0.1497692979174462
92	20260802	0.9191919191919192	0.9760568649457539	0.8271604938271605	0.05686494575383472	0.14889637111859344
92	20260803	0.9207507170470133	0.9748098266616785	0.822733507918693	0.0540591096146652	0.15207631874298544
92	20260804	0.9170096021947873	0.9749968824042898	0.8194288564658936	0.0579872802095025	0.15556802593839625
92	20260805	0.9213118842748472	0.9739368998628257	0.8188053373238559	0.052625015587978496	0.15513156253896987
93	20260801	0.8019703204888391	0.9759321611173464	0.8261628631999002	0.17396184062850728	0.1497692979174462
93	20260802	0.7939892754707569	0.9760568649457539	0.8271604938271605	0.18206758947499702	0.14889637111859344
93	20260803	0.7956104252400548	0.9748098266616785	0.822733507918693	0.17919940142162372	0.15207631874298544
93	20260804	0.7835765057987281	0.9749968824042898	0.8194288564658936	0.19142037660556177	0.15556802593839625
93	20260805	0.787317620650954	0.9739368998628257	0.8188053373238559	0.1866192792118717	0.15513156253896987
94	20260801	0.9207507170470134	0.9759321611173464	0.8261628631999002	0.055181444070332986	0.1497692979174462
94	20260802	0.9184436962214739	0.9760568649457539	0.8271604938271605	0.05761316872428002	0.14889637111859344
94	20260803	0.9166354907095648	0.9748098266616785	0.822733507918693	0.05817433595211363	0.15207631874298544
94	20260804	0.9107744107744108	0.9749968824042898	0.8194288564658936	0.06422247162987904	0.15556802593839625
94	20260805	0.9153261005112857	0.9739368998628257	0.8188053373238559	0.05861079935154001	0.15513156253896987
95	20260801	0.8510412769672029	0.9759321611173464	0.8261628631999002	0.12489088415014349	0.1497692979174462
95	20260802	0.8471754582865694	0.9760568649457539	0.8271604938271605	0.12888140665918457	0.14889637111859344
95	20260803	0.8473001621149769	0.9748098266616785	0.822733507918693	0.12750966454670154	0.15207631874298544
95	20260804	0.8315874797356277	0.9749968824042898	0.8194288564658936	0.1434094026686621	0.15556802593839625
95	20260805	0.8418131936650456	0.9739368998628257	0.8188053373238559	0.13212370619778013	0.15513156253896987
96	20260801	0.848048385085422	0.9759321611173464	0.8261628631999002	0.12788377603192436	0.1497692979174462
96	20260802	0.8440578625763812	0.9760568649457539	0.8271604938271605	0.1319990023693728	0.14889637111859344
96	20260803	0.8469884025439581	0.9748098266616785	0.822733507918693	0.12782142411772035	0.15207631874298544
96	20260804	0.8393814690110986	0.9749968824042898	0.8194288564658936	0.13561541339319128	0.15556802593839625
96	20260805	0.8433096396059359	0.9739368998628257	0.8188053373238559	0.13062726025688987	0.15513156253896987
97	20260801	0.8413143783514153	0.9759321611173464	0.8261628631999002	0.13461778276593106	0.1497692979174462
97	20260802	0.8366379847861328	0.9760568649457539	0.8271604938271605	0.13941888015962112	0.14889637111859344
97	20260803	0.8338321486469634	0.9748098266616785	0.822733507918693	0.14097767801471506	0.15207631874298544
97	20260804	0.8277216610549945	0.9749968824042898	0.8194288564658936	0.14727522134929538	0.15556802593839625
97	20260805	0.8340815563037784	0.9739368998628257	0.8188053373238559	0.13985534355904727	0.15513156253896987
98	20260801	0.7858211747100635	0.9759321611173464	0.8261628631999002	0.19011098640728286	0.1497692979174462
98	20260802	0.787567028307769	0.9760568649457539	0.8271604938271605	0.1884898366379849	0.14889637111859344
98	20260803	0.7795859832896871	0.9748098266616785	0.822733507918693	0.1952238433719914	0.15207631874298544
98	20260804	0.768362638733009	0.9749968824042898	0.8194288564658936	0.2066342436712808	0.15556802593839625
98	20260805	0.7727272727272727	0.9739368998628257	0.8188053373238559	0.20120962713555302	0.15513156253896987
99	20260801	0.8497318867689239	0.9759321611173464	0.8261628631999002	0.12620027434842251	0.1497692979174462
99	20260802	0.8549694475620401	0.9760568649457539	0.8271604938271605	0.12108741738371387	0.14889637111859344
99	20260803	0.8437461030053622	0.9748098266616785	0.822733507918693	0.13106372365631624	0.15207631874298544
99	20260804	0.835827409901484	0.9749968824042898	0.8194288564658936	0.13916947250280587	0.15556802593839625
99	20260805	0.8458037161740866	0.9739368998628257	0.8188053373238559	0.12813318368873916	0.15513156253896987
100	20260801	0.9243671280708317	0.9759321611173464	0.8261628631999002	0.05156503304651472	0.1497692979174462
100	20260802	0.9207507170470135	0.9760568649457539	0.8271604938271605	0.05530614789874044	0.14889637111859344
100	20260803	0.920064845990772	0.9748098266616785	0.822733507918693	0.054744980670906496	0.15207631874298544
100	20260804	0.923244793615164	0.9749968824042898	0.8194288564658936	0.05175208878912585	0.15556802593839625
100	20260805	0.9241800723282204	0.9739368998628257	0.8188053373238559	0.04975682753460531	0.15513156253896987
101	20260801	0.9201895498191794	0.9759321611173464	0.8261628631999002	0.05574261129816693	0.1497692979174462
101	20260802	0.9162613792243421	0.9760568649457539	0.8271604938271605	0.0597954857214118	0.14889637111859344
101	20260803	0.9169472502805835	0.9748098266616785	0.822733507918693	0.05786257638109493	0.15207631874298544
101	20260804	0.9145155256266367	0.9749968824042898	0.8194288564658936	0.060481356777653095	0.15556802593839625
101	20260805	0.9177578251652326	0.9739368998628257	0.8188053373238559	0.05617907469759309	0.15513156253896987
102	20260801	0.7466641725900985	0.9759321611173464	0.8261628631999002	0.22926798852724783	0.1497692979174462
102	20260802	0.7452924304776157	0.9760568649457539	0.8271604938271605	0.2307644344681382	0.14889637111859344
102	20260803	0.7375607931163486	0.9748098266616785	0.822733507918693	0.2372490335453299	0.15207631874298544
102	20260804	0.7219728145654073	0.9749968824042898	0.8194288564658936	0.25302406783888254	0.15556802593839625
102	20260805	0.7266492081306897	0.9739368998628257	0.8188053373238559	0.24728769173213605	0.15513156253896987
103	20260801	0.7984786132934281	0.9759321611173464	0.8261628631999002	0.1774535478239183	0.1497692979174462
103	20260802	0.7908093278463648	0.9760568649457539	0.8271604938271605	0.18524753709938913	0.14889637111859344
103	20260803	0.7888764185060482	0.9748098266616785	0.822733507918693	0.1859334081556303	0.15207631874298544
103	20260804	0.7864446938521013	0.9749968824042898	0.8194288564658936	0.18855218855218858	0.15556802593839625
103	20260805	0.7874423244793615	0.9739368998628257	0.8188053373238559	0.18649457538346426	0.15513156253896987
104	20260801	0.9682005237560792	0.9759321611173464	0.8261628631999002	0.007731637361267141	0.1497692979174462
104	20260802	0.9708816560668412	0.9760568649457539	0.8271604938271605	0.005175208878912763	0.14889637111859344
104	20260803	0.9689487467265245	0.9748098266616785	0.822733507918693	0.0058610799351539455	0.15207631874298544
104	20260804	0.9692605062975432	0.9749968824042898	0.8194288564658936	0.005736376106746599	0.15556802593839625
104	20260805	0.9686993390697094	0.9739368998628257	0.8188053373238559	0.005237560793116325	0.15513156253896987
105	20260801	0.9705075445816187	0.9759321611173464	0.8261628631999002	0.005424616535727678	0.1497692979174462
105	20260802	0.9678264122708566	0.9760568649457539	0.8271604938271605	0.008230452674897304	0.14889637111859344
105	20260803	0.9678887641850604	0.9748098266616785	0.822733507918693	0.006921062476618056	0.15207631874298544
105	20260804	0.9673275969572266	0.9749968824042898	0.8194288564658936	0.0076692854470632454	0.15556802593839625
105	20260805	0.9673275969572266	0.9739368998628257	0.8188053373238559	0.006609302905599135	0.15513156253896987
106	20260801	0.8176830028681881	0.9759321611173464	0.8261628631999002	0.1582491582491583	0.1497692979174462
106	20260802	0.8146277590722036	0.9760568649457539	0.8271604938271605	0.1614291058735503	0.14889637111859344
106	20260803	0.8121960344182567	0.9748098266616785	0.822733507918693	0.16261379224342176	0.15207631874298544
106	20260804	0.8079561042524006	0.9749968824042898	0.8194288564658936	0.16704077815188922	0.15556802593839625
106	20260805	0.8091407906222721	0.9739368998628257	0.8188053373238559	0.16479610924055366	0.15513156253896987
107	20260801	0.9519266741488963	0.9759321611173464	0.8261628631999002	0.024005486968450063	0.1497692979174462
107	20260802	0.9551066217732884	0.9760568649457539	0.8271604938271605	0.02095024317246552	0.14889637111859344
107	20260803	0.9534854720039905	0.9748098266616785	0.822733507918693	0.021324354657688005	0.15207631874298544
107	20260804	0.95149021074947	0.9749968824042898	0.8194288564658936	0.02350667165481979	0.15556802593839625
107	20260805	0.9508043396932286	0.9739368998628257	0.8188053373238559	0.023132560169597083	0.15513156253896987
108	20260801	0.7929292929292929	0.9759321611173464	0.8261628631999002	0.18300286818805345	0.1497692979174462
108	20260802	0.7888764185060482	0.9760568649457539	0.8271604938271605	0.18718044643970577	0.14889637111859344
108	20260803	0.7857588227958598	0.9748098266616785	0.822733507918693	0.18905100386581863	0.15207631874298544
108	20260804	0.7724778650704576	0.9749968824042898	0.8194288564658936	0.20251901733383226	0.15556802593839625
108	20260805	0.7769048509789251	0.9739368998628257	0.8188053373238559	0.19703204888390058	0.15513156253896987
109	20260801	0.7863199900236938	0.9759321611173464	0.8261628631999002	0.18961217109365258	0.1497692979174462
109	20260802	0.7810200773163736	0.9760568649457539	0.8271604938271605	0.19503678762938037	0.14889637111859344
109	20260803	0.7827035789998754	0.9748098266616785	0.822733507918693	0.19210624766180306	0.15207631874298544
109	20260804	0.7661803217358772	0.9749968824042898	0.8194288564658936	0.2088165606684126	0.15556802593839625
109	20260805	0.7772166105499438	0.9739368998628257	0.8188053373238559	0.19672028931288188	0.15513156253896987
110	20260801	0.8756702830776905	0.9759321611173464	0.8261628631999002	0.10026187803965592	0.1497692979174462
110	20260802	0.8729267988527247	0.9760568649457539	0.8271604938271605	0.10313006609302922	0.14889637111859344
110	20260803	0.8716797605686495	0.9748098266616785	0.822733507918693	0.103130066093029	0.15207631874298544
110	20260804	0.8690609801720912	0.9749968824042898	0.8194288564658936	0.10593590223219862	0.15556802593839625
110	20260805	0.8700586107993514	0.9739368998628257	0.8188053373238559	0.1038782890634743	0.15513156253896987
111	20260801	0.8885771293178701	0.9759321611173464	0.8261628631999002	0.08735503179947623	0.1497692979174462
111	20260802	0.8892006484599078	0.9760568649457539	0.8271604938271605	0.08685621648584618	0.14889637111859344
111	20260803	0.8900735752587605	0.9748098266616785	0.822733507918693	0.08473625140291796	0.15207631874298544
111	20260804	0.8802219728145655	0.9749968824042898	0.8194288564658936	0.09477490958972434	0.15556802593839625
111	20260805	0.8916947250280584	0.9739368998628257	0.8188053373238559	0.08224217483476737	0.15513156253896987
112	20260801	0.7792118718044644	0.9759321611173464	0.8261628631999002	0.196720289312882	0.1497692979174462
112	20260802	0.7797106871180944	0.9760568649457539	0.8271604938271605	0.1963461778276595	0.14889637111859344
112	20260803	0.7727272727272727	0.9748098266616785	0.822733507918693	0.20208255393440577	0.15207631874298544
112	20260804	0.7649956353660058	0.9749968824042898	0.8194288564658936	0.21000124703828404	0.15556802593839625
112	20260805	0.775034293552812	0.9739368998628257	0.8188053373238559	0.19890260631001377	0.15513156253896987
113	20260801	0.8249781768300286	0.9759321611173464	0.8261628631999002	0.15095398428731777	0.1497692979174462
113	20260802	0.820925302406784	0.9760568649457539	0.8271604938271605	0.15513156253896998	0.14889637111859344
113	20260803	0.8176830028681881	0.9748098266616785	0.822733507918693	0.1571268237934904	0.15207631874298544
113	20260804	0.8053996757700461	0.9749968824042898	0.8194288564658936	0.1695972066342437	0.15556802593839625
113	20260805	0.8183688739244296	0.9739368998628257	0.8188053373238559	0.15556802593839614	0.15513156253896987
114	20260801	0.7956104252400549	0.9759321611173464	0.8261628631999002	0.1803217358772915	0.1497692979174462
114	20260802	0.7936151639855342	0.9760568649457539	0.8271604938271605	0.18244170096021972	0.14889637111859344
114	20260803	0.7925551814440702	0.9748098266616785	0.822733507918693	0.18225464521760826	0.15207631874298544
114	20260804	0.7795236313754832	0.9749968824042898	0.8194288564658936	0.19547325102880664	0.15556802593839625
114	20260805	0.7772166105499438	0.9739368998628257	0.8188053373238559	0.19672028931288188	0.15513156253896987
115	20260801	0.8265993265993266	0.9759321611173464	0.8261628631999002	0.14933283451801982	0.1497692979174462
115	20260802	0.8287816435964583	0.9760568649457539	0.8271604938271605	0.1472752213492956	0.14889637111859344
115	20260803	0.8220476368624516	0.9748098266616785	0.822733507918693	0.15276218979922684	0.15207631874298544
115	20260804	0.8130689612171094	0.9749968824042898	0.8194288564658936	0.16192792118718047	0.15556802593839625
115	20260805	0.8170594837261504	0.9739368998628257	0.8188053373238559	0.15687741613667527	0.15513156253896987
116	20260801	0.9254894625264996	0.9759321611173464	0.8261628631999002	0.050442698590846824	0.1497692979174462
116	20260802	0.9224965706447188	0.9760568649457539	0.8271604938271605	0.05356029430103515	0.14889637111859344
116	20260803	0.9262376854969447	0.9748098266616785	0.822733507918693	0.04857214116473374	0.15207631874298544
116	20260804	0.9219977553310887	0.9749968824042898	0.8194288564658936	0.05299912707320109	0.15556802593839625
116	20260805	0.9244294799850356	0.9739368998628257	0.8188053373238559	0.04950741987779017	0.15513156253896987
117	20260801	0.9351540092280832	0.9759321611173464	0.8261628631999002	0.04077815188926315	0.1497692979174462
117	20260802	0.9387080683376979	0.9760568649457539	0.8271604938271605	0.03734879660805601	0.14889637111859344
117	20260803	0.9363386955979548	0.9748098266616785	0.822733507918693	0.038471131063723685	0.15207631874298544
117	20260804	0.935216361142287	0.9749968824042898	0.8194288564658936	0.03978052126200282	0.15556802593839625
117	20260805	0.9334705075445816	0.9739368998628257	0.8188053373238559	0.040466392318244115	0.15513156253896987
118	20260801	0.8459284200024941	0.9759321611173464	0.8261628631999002	0.13000374111485224	0.1497692979174462
118	20260802	0.8397555804963213	0.9760568649457539	0.8271604938271605	0.13630128444943268	0.14889637111859344
118	20260803	0.8362638733009102	0.9748098266616785	0.822733507918693	0.13854595336076825	0.15207631874298544
118	20260804	0.8234193789749344	0.9749968824042898	0.8194288564658936	0.1515775034293554	0.15556802593839625
118	20260805	0.8263499189425115	0.9739368998628257	0.8188053373238559	0.1475869809203142	0.15513156253896987
119	20260801	0.8623893253522884	0.9759321611173464	0.8261628631999002	0.11354283576505797	0.1497692979174462
119	20260802	0.8565282454171343	0.9760568649457539	0.8271604938271605	0.1195286195286196	0.14889637111859344
119	20260803	0.8597705449557301	0.9748098266616785	0.822733507918693	0.11503928170594835	0.15207631874298544
119	20260804	0.8499812944257389	0.9749968824042898	0.8194288564658936	0.12501558797855095	0.15556802593839625
119	20260805	0.8491083676268861	0.9739368998628257	0.8188053373238559	0.1248285322359396	0.15513156253896987
120	20260801	0.9258012220975185	0.9759321611173464	0.8261628631999002	0.0501309390198279	0.1497692979174462
120	20260802	0.9234942012719791	0.9760568649457539	0.8271604938271605	0.05256266367377482	0.14889637111859344
120	20260803	0.9258012220975185	0.9748098266616785	0.822733507918693	0.04900860456416001	0.15207631874298544
120	20260804	0.919503678762938	0.9749968824042898	0.8194288564658936	0.055493203641351796	0.15556802593839625
120	20260805	0.9229953859583488	0.9739368998628257	0.8188053373238559	0.050941513904476876	0.15513156253896987
121	20260801	0.8693103878289062	0.9759321611173464	0.8261628631999002	0.10662177328844014	0.1497692979174462
121	20260802	0.8602070083551565	0.9760568649457539	0.8271604938271605	0.11584985659059743	0.14889637111859344
121	20260803	0.8561541339319116	0.9748098266616785	0.822733507918693	0.11865569272976684	0.15207631874298544
121	20260804	0.8530365382217234	0.9749968824042898	0.8194288564658936	0.1219603441825664	0.15556802593839625
121	20260805	0.856091782017708	0.9739368998628257	0.8188053373238559	0.11784511784511775	0.15513156253896987
122	20260801	0.8668163112607558	0.9759321611173464	0.8261628631999002	0.10911584985659062	0.1497692979174462
122	20260802	0.8646963461778278	0.9760568649457539	0.8271604938271605	0.11136051876792619	0.14889637111859344
122	20260803	0.862202269609677	0.9748098266616785	0.822733507918693	0.11260755705200143	0.15207631874298544
122	20260804	0.8544082803342062	0.9749968824042898	0.8194288564658936	0.1205886020700836	0.15556802593839625
122	20260805	0.8603940640977678	0.9739368998628257	0.8188053373238559	0.11354283576505797	0.15513156253896987
123	20260801	0.9751839381469012	0.9759321611173464	0.8261628631999002	0.0007482229704451893	0.1497692979174462
123	20260802	0.9748721785758823	0.9760568649457539	0.8271604938271605	0.0011846863698716792	0.14889637111859344
123	20260803	0.9736874922060108	0.9748098266616785	0.822733507918693	0.0011223344556676729	0.15207631874298544
123	20260804	0.9743733632622522	0.9749968824042898	0.8194288564658936	0.0006235191420376207	0.15556802593839625
123	20260805	0.9735627883776032	0.9739368998628257	0.8188053373238559	0.0003741114852224836	0.15513156253896987
124	20260801	0.8694350916573138	0.9759321611173464	0.8261628631999002	0.10649706946003257	0.1497692979174462
124	20260802	0.8687492206010724	0.9760568649457539	0.8271604938271605	0.10730764434468154	0.14889637111859344
124	20260803	0.8673774784885896	0.9748098266616785	0.822733507918693	0.10743234817308889	0.15207631874298544
124	20260804	0.8634493078937524	0.9749968824042898	0.8194288564658936	0.11154757451053743	0.15556802593839625
124	20260805	0.8680009976306272	0.9739368998628257	0.8188053373238559	0.10593590223219851	0.15513156253896987
125	20260801	0.7763436837510912	0.9759321611173464	0.8261628631999002	0.19958847736625518	0.1497692979174462
125	20260802	0.772103753585235	0.9760568649457539	0.8271604938271605	0.20395311136051897	0.14889637111859344
125	20260803	0.7730390322982915	0.9748098266616785	0.822733507918693	0.20177079436338696	0.15207631874298544
125	20260804	0.7590098516024442	0.9749968824042898	0.8194288564658936	0.21598703080184567	0.15556802593839625
125	20260805	0.7638733009103379	0.9739368998628257	0.8188053373238559	0.21006359895248783	0.15513156253896987
126	20260801	0.8468013468013469	0.9759321611173464	0.8261628631999002	0.1291308143159995	0.1497692979174462
126	20260802	0.8471131063723657	0.9760568649457539	0.8271604938271605	0.12894375857338825	0.14889637111859344
126	20260803	0.845117845117845	0.9748098266616785	0.822733507918693	0.12969198154383343	0.15207631874298544
126	20260804	0.842748472378102	0.9749968824042898	0.8194288564658936	0.1322484100261878	0.15556802593839625
126	20260805	0.8410649706946003	0.9739368998628257	0.8188053373238559	0.13287192916822543	0.15513156253896987
127	20260801	0.962401795735129	0.9759321611173464	0.8261628631999002	0.013530365382217413	0.1497692979174462
127	20260802	0.9619029804214989	0.9760568649457539	0.8271604938271605	0.014153884524255034	0.14889637111859344
127	20260803	0.9608429978800349	0.9748098266616785	0.822733507918693	0.01396682878164357	0.15207631874298544
127	20260804	0.9615288689362764	0.9749968824042898	0.8194288564658936	0.013468013468013407	0.15556802593839625
127	20260805	0.9617782765930913	0.9739368998628257	0.8188053373238559	0.012158623269734381	0.15513156253896987
128	20260801	0.8997381219603441	0.9759321611173464	0.8261628631999002	0.07619403915700229	0.1497692979174462
128	20260802	0.8973687492206011	0.9760568649457539	0.8271604938271605	0.07868811572515289	0.14889637111859344
128	20260803	0.8942511535104128	0.9748098266616785	0.822733507918693	0.08055867315126564	0.15207631874298544
128	20260804	0.891507669285447	0.9749968824042898	0.8194288564658936	0.08348921311884283	0.15556802593839625
128	20260805	0.8938770420251901	0.9739368998628257	0.8188053373238559	0.08005985783763558	0.15513156253896987
129	20260801	0.8952487841376731	0.9759321611173464	0.8261628631999002	0.08068337697967332	0.1497692979174462
129	20260802	0.890946502057613	0.9760568649457539	0.8271604938271605	0.08511036288814089	0.14889637111859344
129	20260803	0.8968075819927671	0.9748098266616785	0.822733507918693	0.07800224466891137	0.15207631874298544
129	20260804	0.8873300910337948	0.9749968824042898	0.8194288564658936	0.08766679137049505	0.15556802593839625
129	20260805	0.8926923556553186	0.9739368998628257	0.8188053373238559	0.08124454420750715	0.15513156253896987
130	20260801	0.9454420750717047	0.9759321611173464	0.8261628631999002	0.03049008604564163	0.1497692979174462
130	20260802	0.9462526499563537	0.9760568649457539	0.8271604938271605	0.029804214989400224	0.14889637111859344
130	20260803	0.9461902980421499	0.9748098266616785	0.822733507918693	0.028619528619528545	0.15207631874298544
130	20260804	0.9436962214739992	0.9749968824042898	0.8194288564658936	0.0313006609302906	0.15556802593839625
130	20260805	0.9471879286694102	0.9739368998628257	0.8188053373238559	0.02674897119341557	0.15513156253896987
131	20260801	0.7916199027310138	0.9759321611173464	0.8261628631999002	0.18431225838633258	0.1497692979174462
131	20260802	0.7839506172839505	0.9760568649457539	0.8271604938271605	0.1921062476618034	0.14889637111859344
131	20260803	0.7837012096271355	0.9748098266616785	0.822733507918693	0.19110861703454296	0.15207631874298544
131	20260804	0.7737872552687367	0.9749968824042898	0.8194288564658936	0.20120962713555313	0.15556802593839625
131	20260805	0.7737872552687368	0.9739368998628257	0.8188053373238559	0.2001496445940889	0.15513156253896987
132	20260801	0.946439705698965	0.9759321611173464	0.8261628631999002	0.029492455418381414	0.1497692979174462
132	20260802	0.9470008729267989	0.9760568649457539	0.8271604938271605	0.029055992018955035	0.14889637111859344
132	20260803	0.9446938521012596	0.9748098266616785	0.822733507918693	0.030115974560418923	0.15207631874298544
132	20260804	0.9433221099887766	0.9749968824042898	0.8194288564658936	0.0316747724155132	0.15556802593839625
132	20260805	0.9445691482728519	0.9739368998628257	0.8188053373238559	0.029367751589973845	0.15513156253896987
133	20260801	0.8558423743608928	0.9759321611173464	0.8261628631999002	0.12008978675645354	0.1497692979174462
133	20260802	0.8479236812570147	0.9760568649457539	0.8271604938271605	0.12813318368873927	0.14889637111859344
133	20260803	0.8506671654819803	0.9748098266616785	0.822733507918693	0.12414266117969819	0.15207631874298544
133	20260804	0.8409402668661928	0.9749968824042898	0.8194288564658936	0.134056615538097	0.15556802593839625
133	20260805	0.8450554932036414	0.9739368998628257	0.8188053373238559	0.12888140665918435	0.15513156253896987
134	20260801	0.9036039406409777	0.9759321611173464	0.8261628631999002	0.07232822047636867	0.1497692979174462
134	20260802	0.8984910836762688	0.9760568649457539	0.8271604938271605	0.0775657812694851	0.14889637111859344
134	20260803	0.9007357525876045	0.9748098266616785	0.822733507918693	0.07407407407407396	0.15207631874298544
134	20260804	0.8929417633121337	0.9749968824042898	0.8194288564658936	0.08205511909215613	0.15556802593839625
134	20260805	0.9001122334455668	0.9739368998628257	0.8188053373238559	0.07382466641725893	0.15513156253896987
135	20260801	0.8976181568774161	0.9759321611173464	0.8261628631999002	0.07831400423993029	0.1497692979174462
135	20260802	0.8930664671405412	0.9760568649457539	0.8271604938271605	0.08299039780521278	0.14889637111859344
135	20260803	0.8943135054246166	0.9748098266616785	0.822733507918693	0.08049632123706185	0.15207631874298544
135	20260804	0.8872053872053872	0.9749968824042898	0.8194288564658936	0.08779149519890261	0.15556802593839625
135	20260805	0.8921935403416884	0.9739368998628257	0.8188053373238559	0.08174335952113732	0.15513156253896987
136	20260801	0.8346427235316125	0.9759321611173464	0.8261628631999002	0.14128943758573387	0.1497692979174462
136	20260802	0.8342686120463898	0.9760568649457539	0.8271604938271605	0.14178825289936414	0.14889637111859344
136	20260803	0.8335203890759446	0.9748098266616785	0.822733507918693	0.14128943758573387	0.15207631874298544
136	20260804	0.8313380720788129	0.9749968824042898	0.8194288564658936	0.1436588103254769	0.15556802593839625
136	20260805	0.83526624267365	0.9739368998628257	0.8188053373238559	0.1386706571891757	0.15513156253896987
137	20260801	0.9267365008105749	0.9759321611173464	0.8261628631999002	0.04919566030677147	0.1497692979174462
137	20260802	0.9276094276094276	0.9760568649457539	0.8271604938271605	0.04844743733632639	0.14889637111859344
137	20260803	0.9271106122957975	0.9748098266616785	0.822733507918693	0.04769921436588098	0.15207631874298544
137	20260804	0.9255518144407033	0.9749968824042898	0.8194288564658936	0.0494450679635865	0.15556802593839625
137	20260805	0.9256765182691109	0.9739368998628257	0.8188053373238559	0.04826038159371482	0.15513156253896987
138	20260801	0.9407656815064223	0.9759321611173464	0.8261628631999002	0.03516647961092412	0.1497692979174462
138	20260802	0.936837510911585	0.9760568649457539	0.8271604938271605	0.039219354034168985	0.14889637111859344
138	20260803	0.9410150891632373	0.9748098266616785	0.822733507918693	0.033794737498441196	0.15207631874298544
138	20260804	0.9362139917695473	0.9749968824042898	0.8194288564658936	0.038782890634742495	0.15556802593839625
138	20260805	0.9402045142785884	0.9739368998628257	0.8188053373238559	0.0337323855842373	0.15513156253896987
139	20260801	0.8418131936650456	0.9759321611173464	0.8261628631999002	0.13411896745230079	0.1497692979174462
139	20260802	0.8386955979548572	0.9760568649457539	0.8271604938271605	0.1373612669908968	0.14889637111859344
139	20260803	0.8381967826412272	0.9748098266616785	0.822733507918693	0.13661304402045127	0.15207631874298544
139	20260804	0.8275346053123831	0.9749968824042898	0.8194288564658936	0.14746227709190673	0.15556802593839625
139	20260805	0.8330215737623146	0.9739368998628257	0.8188053373238559	0.14091532610051116	0.15513156253896987
140	20260801	0.8317745354782392	0.9759321611173464	0.8261628631999002	0.14415762563910717	0.1497692979174462
140	20260802	0.8301533857089413	0.9760568649457539	0.8271604938271605	0.14590347923681268	0.14889637111859344
140	20260803	0.8261005112856964	0.9748098266616785	0.822733507918693	0.1487093153759821	0.15207631874298544
140	20260804	0.8164983164983165	0.9749968824042898	0.8194288564658936	0.15849856590597333	0.15556802593839625
140	20260805	0.8234817308891382	0.9739368998628257	0.8188053373238559	0.1504551689736875	0.15513156253896987
141	20260801	0.9059733133807207	0.9759321611173464	0.8261628631999002	0.06995884773662564	0.1497692979174462
141	20260802	0.9052250904102757	0.9760568649457539	0.8271604938271605	0.07083177453547829	0.14889637111859344
141	20260803	0.9055992018954981	0.9748098266616785	0.822733507918693	0.06921062476618034	0.15207631874298544
141	20260804	0.8977428607058238	0.9749968824042898	0.8194288564658936	0.07725402169846607	0.15556802593839625
141	20260805	0.9033545329841626	0.9739368998628257	0.8188053373238559	0.07058236687866315	0.15513156253896987
142	20260801	0.8896371118593341	0.9759321611173464	0.8261628631999002	0.08629504925801224	0.1497692979174462
142	20260802	0.8853348297792741	0.9760568649457539	0.8271604938271605	0.09072203516647981	0.14889637111859344
142	20260803	0.8840254395809951	0.9748098266616785	0.822733507918693	0.09078438708068337	0.15207631874298544
142	20260804	0.8812196034418257	0.9749968824042898	0.8194288564658936	0.09377727896246413	0.15556802593839625
142	20260805	0.8848360144656441	0.9739368998628257	0.8188053373238559	0.08910088539718164	0.15513156253896987
143	20260801	0.7847611921685996	0.9759321611173464	0.8261628631999002	0.19117096894874674	0.1497692979174462
143	20260802	0.7838882653697469	0.9760568649457539	0.8271604938271605	0.19216859957600707	0.14889637111859344
143	20260803	0.7847611921685995	0.9748098266616785	0.822733507918693	0.19004863449307896	0.15207631874298544
143	20260804	0.7779024816061852	0.9749968824042898	0.8194288564658936	0.19709440079810459	0.15556802593839625
143	20260805	0.7828906347424864	0.9739368998628257	0.8188053373238559	0.1910462651203393	0.15513156253896987
144	20260801	0.8646963461778276	0.9759321611173464	0.8261628631999002	0.11123581493951873	0.1497692979174462
144	20260802	0.865382217234069	0.9760568649457539	0.8271604938271605	0.11067464771168489	0.14889637111859344
144	20260803	0.8647586980920314	0.9748098266616785	0.822733507918693	0.11005112856964705	0.15207631874298544
144	20260804	0.855031799476244	0.9749968824042898	0.8194288564658936	0.11996508292804586	0.15556802593839625
144	20260805	0.8626387330091033	0.9739368998628257	0.8188053373238559	0.1112981668537224	0.15513156253896987
145	20260801	0.8282828282828283	0.9759321611173464	0.8261628631999002	0.1476493328345181	0.1497692979174462
145	20260802	0.8267240304277341	0.9760568649457539	0.8271604938271605	0.14933283451801982	0.14889637111859344
145	20260803	0.8222970445192667	0.9748098266616785	0.822733507918693	0.15251278214241182	0.15207631874298544
145	20260804	0.8106372365631624	0.9749968824042898	0.8194288564658936	0.1643596458411274	0.15556802593839625
145	20260805	0.8188676892380596	0.9739368998628257	0.8188053373238559	0.15506921062476609	0.15513156253896987
146	20260801	0.8554682628756702	0.9759321611173464	0.8261628631999002	0.12046389824167614	0.1497692979174462
146	20260802	0.8537847611921685	0.9760568649457539	0.8271604938271605	0.12227210375358544	0.14889637111859344
146	20260803	0.850230702082554	0.9748098266616785	0.822733507918693	0.12457912457912446	0.15207631874298544
146	20260804	0.8409402668661928	0.9749968824042898	0.8194288564658936	0.134056615538097	0.15556802593839625
146	20260805	0.8487342561416635	0.9739368998628257	0.8188053373238559	0.1252026437211622	0.15513156253896987
147	20260801	0.9105250031175957	0.9759321611173464	0.8261628631999002	0.06540715799975072	0.1497692979174462
147	20260802	0.9086544456914827	0.9760568649457539	0.8271604938271605	0.06740241925427126	0.14889637111859344
147	20260803	0.9082803342062601	0.9748098266616785	0.822733507918693	0.0665294924554184	0.15207631874298544
147	20260804	0.9064721286943509	0.9749968824042898	0.8194288564658936	0.06852475370993893	0.15556802593839625
147	20260805	0.9058486095523133	0.9739368998628257	0.8188053373238559	0.06808829031051244	0.15513156253896987
148	20260801	0.9657687991021324	0.9759321611173464	0.8261628631999002	0.01016336201521395	0.1497692979174462
148	20260802	0.9678264122708566	0.9760568649457539	0.8271604938271605	0.008230452674897304	0.14889637111859344
148	20260803	0.9631500187055742	0.9748098266616785	0.822733507918693	0.011659807956104329	0.15207631874298544
148	20260804	0.9635241301907969	0.9749968824042898	0.8194288564658936	0.011472752213492976	0.15556802593839625
148	20260805	0.9632123706197779	0.9739368998628257	0.8188053373238559	0.010724529243047787	0.15513156253896987
149	20260801	0.8558423743608928	0.9759321611173464	0.8261628631999002	0.12008978675645354	0.1497692979174462
149	20260802	0.8562164858461154	0.9760568649457539	0.8271604938271605	0.11984037909963852	0.14889637111859344
149	20260803	0.8549694475620402	0.9748098266616785	0.822733507918693	0.1198403790996383	0.15207631874298544
149	20260804	0.8473625140291807	0.9749968824042898	0.8194288564658936	0.1276343683751091	0.15556802593839625
149	20260805	0.8532859458785385	0.9739368998628257	0.8188053373238559	0.12065095398428727	0.15513156253896987
150	20260801	0.9544831026312508	0.9759321611173464	0.8261628631999002	0.021449058486095574	0.1497692979174462
150	20260802	0.9542960468886396	0.9760568649457539	0.8271604938271605	0.021760818057114384	0.14889637111859344
150	20260803	0.9567277715425864	0.9748098266616785	0.822733507918693	0.01808205511909211	0.15207631874298544
150	20260804	0.9533607681755829	0.9749968824042898	0.8194288564658936	0.021636114228706926	0.15556802593839625
150	20260805	0.9550442698590846	0.9739368998628257	0.8188053373238559	0.018892630003741084	0.15513156253896987
151	20260801	0.949370245666542	0.9759321611173464	0.8261628631999002	0.02656191545080433	0.1497692979174462
151	20260802	0.9476243920688365	0.9760568649457539	0.8271604938271605	0.028432472876917414	0.14889637111859344
151	20260803	0.9503678762938021	0.9748098266616785	0.822733507918693	0.02444195036787633	0.15207631874298544
151	20260804	0.9454420750717047	0.9749968824042898	0.8194288564658936	0.029554807332585087	0.15556802593839625
151	20260805	0.9486220226960967	0.9739368998628257	0.8188053373238559	0.025314877166728977	0.15513156253896987
152	20260801	0.8812196034418257	0.9759321611173464	0.8261628631999002	0.09471255767552067	0.1497692979174462
152	20260802	0.8789749345304901	0.9760568649457539	0.8271604938271605	0.0970819304152638	0.14889637111859344
152	20260803	0.8804713804713804	0.9748098266616785	0.822733507918693	0.09433844619029808	0.15207631874298544
152	20260804	0.8703703703703703	0.9749968824042898	0.8194288564658936	0.10462651203391948	0.15556802593839625
152	20260805	0.8731762065095399	0.9739368998628257	0.8188053373238559	0.10076069335328586	0.15513156253896987
153	20260801	0.8968075819927672	0.9759321611173464	0.8261628631999002	0.07912457912457915	0.1497692979174462
153	20260802	0.8914453173712433	0.9760568649457539	0.8271604938271605	0.08461154757451061	0.14889637111859344
153	20260803	0.8936899862825789	0.9748098266616785	0.822733507918693	0.08111984037909958	0.15207631874298544
153	20260804	0.8875794986906097	0.9749968824042898	0.8194288564658936	0.08741738371368013	0.15556802593839625
153	20260805	0.887018331462776	0.9739368998628257	0.8188053373238559	0.08691856840004974	0.15513156253896987
154	20260801	0.8475495697717921	0.9759321611173464	0.8261628631999002	0.1283825913455543	0.1497692979174462
154	20260802	0.8494201271979049	0.9760568649457539	0.8271604938271605	0.126636737747849	0.14889637111859344
154	20260803	0.8422496570644719	0.9748098266616785	0.822733507918693	0.13256016959720662	0.15207631874298544
154	20260804	0.8364509290435217	0.9749968824042898	0.8194288564658936	0.13854595336076814	0.15556802593839625
154	20260805	0.8438708068337698	0.9739368998628257	0.8188053373238559	0.13006609302905592	0.15513156253896987
155	20260801	0.7981045018082055	0.9759321611173464	0.8261628631999002	0.1778276593091409	0.1497692979174462
155	20260802	0.7989774286070583	0.9760568649457539	0.8271604938271605	0.1770794363386956	0.14889637111859344
155	20260803	0.795049258012221	0.9748098266616785	0.822733507918693	0.17976056864945744	0.15207631874298544
155	20260804	0.7830776904850979	0.9749968824042898	0.8194288564658936	0.19191919191919193	0.15556802593839625
155	20260805	0.7960468886394813	0.9739368998628257	0.8188053373238559	0.17789001122334447	0.15513156253896987
156	20260801	0.8605811198403791	0.9759321611173464	0.8261628631999002	0.11535104127696727	0.1497692979174462
156	20260802	0.8572764683875795	0.9760568649457539	0.8271604938271605	0.1187803965581744	0.14889637111859344
156	20260803	0.8558423743608928	0.9748098266616785	0.822733507918693	0.11896745230078565	0.15207631874298544
156	20260804	0.8458660680882903	0.9749968824042898	0.8194288564658936	0.1291308143159995	0.15556802593839625
156	20260805	0.8524130190796857	0.9739368998628257	0.8188053373238559	0.12152388078314003	0.15513156253896987
157	20260801	0.9172590098516025	0.9759321611173464	0.8261628631999002	0.058673151265743906	0.1497692979174462
157	20260802	0.9168225464521761	0.9760568649457539	0.8271604938271605	0.05923431849357785	0.14889637111859344
157	20260803	0.9161366753959347	0.9748098266616785	0.822733507918693	0.058673151265743795	0.15207631874298544
157	20260804	0.9102755954607806	0.9749968824042898	0.8194288564658936	0.0647212869435092	0.15556802593839625
157	20260805	0.9167601945379722	0.9739368998628257	0.8188053373238559	0.05717670532485353	0.15513156253896987
158	20260801	0.8923805960842998	0.9759321611173464	0.8261628631999002	0.08355156503304662	0.1497692979174462
158	20260802	0.8849607182940517	0.9760568649457539	0.8271604938271605	0.09109614665170229	0.14889637111859344
158	20260803	0.8925052999127073	0.9748098266616785	0.822733507918693	0.08230452674897115	0.15207631874298544
158	20260804	0.8873300910337948	0.9749968824042898	0.8194288564658936	0.08766679137049505	0.15556802593839625
158	20260805	0.8898865195161492	0.9739368998628257	0.8188053373238559	0.08405038034667656	0.15513156253896987
159	20260801	0.8247911210874173	0.9759321611173464	0.8261628631999002	0.15114104002992912	0.1497692979174462
159	20260802	0.8207382466641725	0.9760568649457539	0.8271604938271605	0.15531861828158144	0.14889637111859344
159	20260803	0.8143783514153884	0.9748098266616785	0.822733507918693	0.1604314752462901	0.15207631874298544
159	20260804	0.8029679511160992	0.9749968824042898	0.8194288564658936	0.17202893128819063	0.15556802593839625
159	20260805	0.8083302157376231	0.9739368998628257	0.8188053373238559	0.16560668412520263	0.15513156253896987
160	20260801	0.8607681755829903	0.9759321611173464	0.8261628631999002	0.11516398553435603	0.1497692979174462
160	20260802	0.8514777403666293	0.9760568649457539	0.8271604938271605	0.12457912457912468	0.14889637111859344
160	20260803	0.8594587853847113	0.9748098266616785	0.822733507918693	0.11535104127696716	0.15207631874298544
160	20260804	0.8473001621149769	0.9749968824042898	0.8194288564658936	0.1276967202893129	0.15556802593839625
160	20260805	0.8544706322484099	0.9739368998628257	0.8188053373238559	0.11946626761441581	0.15513156253896987
161	20260801	0.954420750717047	0.9759321611173464	0.8261628631999002	0.021511410400299358	0.1497692979174462
161	20260802	0.9526125452051379	0.9760568649457539	0.8271604938271605	0.023444319740616004	0.14889637111859344
161	20260803	0.9531737124329718	0.9748098266616785	0.822733507918693	0.021636114228706704	0.15207631874298544
161	20260804	0.9503678762938021	0.9749968824042898	0.8194288564658936	0.024629006110487683	0.15556802593839625
161	20260805	0.9527372490335453	0.9739368998628257	0.8188053373238559	0.021199650829280436	0.15513156253896987
162	20260801	0.8594587853847113	0.9759321611173464	0.8261628631999002	0.11647337573263505	0.1497692979174462
162	20260802	0.8562788377603192	0.9760568649457539	0.8271604938271605	0.11977802718543473	0.14889637111859344
162	20260803	0.8572141164733758	0.9748098266616785	0.822733507918693	0.11759571018830273	0.15207631874298544
162	20260804	0.8443696221474	0.9749968824042898	0.8194288564658936	0.13062726025688987	0.15556802593839625
162	20260805	0.8526624267365007	0.9739368998628257	0.8188053373238559	0.121274473126325	0.15513156253896987
163	20260801	0.9117720414016709	0.9759321611173464	0.8261628631999002	0.06416011971567548	0.1497692979174462
163	20260802	0.9062850729517397	0.9760568649457539	0.8271604938271605	0.06977179199401429	0.14889637111859344
163	20260803	0.9108367626886145	0.9748098266616785	0.822733507918693	0.06397306397306401	0.15207631874298544
163	20260804	0.9033545329841626	0.9749968824042898	0.8194288564658936	0.07164234942012726	0.15556802593839625
163	20260805	0.9089038533482978	0.9739368998628257	0.8188053373238559	0.0650330465145279	0.15513156253896987
164	20260801	0.7848235440828033	0.9759321611173464	0.8261628631999002	0.19110861703454307	0.1497692979174462
164	20260802	0.782516523257264	0.9760568649457539	0.8271604938271605	0.19354034168849	0.14889637111859344
164	20260803	0.7785883526624267	0.9748098266616785	0.822733507918693	0.19622147399925183	0.15207631874298544
164	20260804	0.7642474123955605	0.9749968824042898	0.8194288564658936	0.21074947000872934	0.15556802593839625
164	20260805	0.7729766803840877	0.9739368998628257	0.8188053373238559	0.200960219478738	0.15513156253896987
165	20260801	0.891507669285447	0.9759321611173464	0.8261628631999002	0.08442449183189937	0.1497692979174462
165	20260802	0.8904476867439831	0.9760568649457539	0.8271604938271605	0.08560917820177083	0.14889637111859344
165	20260803	0.8915700211996508	0.9748098266616785	0.822733507918693	0.0832398054620277	0.15207631874298544
165	20260804	0.8836513280957724	0.9749968824042898	0.8194288564658936	0.09134555430851743	0.15556802593839625
165	20260805	0.8898865195161492	0.9739368998628257	0.8188053373238559	0.08405038034667656	0.15513156253896987
166	20260801	0.8827784012969198	0.9759321611173464	0.8261628631999002	0.09315375982042662	0.1497692979174462
166	20260802	0.8758573388203018	0.9760568649457539	0.8271604938271605	0.10019952612545213	0.14889637111859344
166	20260803	0.877416136675396	0.9748098266616785	0.822733507918693	0.0973936899862825	0.15207631874298544
166	20260804	0.8722409277964834	0.9749968824042898	0.8194288564658936	0.1027559546078064	0.15556802593839625
166	20260805	0.8733009103379473	0.9739368998628257	0.8188053373238559	0.1006359895248784	0.15513156253896987
167	20260801	0.8853348297792742	0.9759321611173464	0.8261628631999002	0.09059733133807213	0.1497692979174462
167	20260802	0.8822172340690859	0.9760568649457539	0.8271604938271605	0.09383963087666802	0.14889637111859344
167	20260803	0.8835889761815688	0.9748098266616785	0.822733507918693	0.09122085048010964	0.15207631874298544
167	20260804	0.8807831400423994	0.9749968824042898	0.8194288564658936	0.0942137423618904	0.15556802593839625
167	20260805	0.8809078438708068	0.9739368998628257	0.8188053373238559	0.09302905599201894	0.15513156253896987
168	20260801	0.7721661054994388	0.9759321611173464	0.8261628631999002	0.20376605561790762	0.1497692979174462
168	20260802	0.7676144157625638	0.9760568649457539	0.8271604938271605	0.2084424491831901	0.14889637111859344
168	20260803	0.7588227958598329	0.9748098266616785	0.822733507918693	0.21598703080184556	0.15207631874298544
168	20260804	0.7519017333832149	0.9749968824042898	0.8194288564658936	0.22309514902107497	0.15556802593839625
168	20260805	0.7552063848360144	0.9739368998628257	0.8188053373238559	0.2187305150268113	0.15513156253896987
169	20260801	0.843808454919566	0.9759321611173464	0.8261628631999002	0.13212370619778036	0.1497692979174462
169	20260802	0.8441825664047886	0.9760568649457539	0.8271604938271605	0.13187429854096533	0.14889637111859344
169	20260803	0.8361391694725029	0.9748098266616785	0.822733507918693	0.1386706571891756	0.15207631874298544
169	20260804	0.8295922184811073	0.9749968824042898	0.8194288564658936	0.14540466392318252	0.15556802593839625
169	20260805	0.8351415388452426	0.9739368998628257	0.8188053373238559	0.13879536101758316	0.15513156253896987
170	20260801	0.8196159122085048	0.9759321611173464	0.8261628631999002	0.15631624890884155	0.1497692979174462
170	20260802	0.821673525377229	0.9760568649457539	0.8271604938271605	0.1543833395685249	0.14889637111859344
170	20260803	0.8162489088415014	0.9748098266616785	0.822733507918693	0.15856091782017712	0.15207631874298544
170	20260804	0.8040902855717671	0.9749968824042898	0.8194288564658936	0.17090659683252274	0.15556802593839625
170	20260805	0.8121336825040529	0.9739368998628257	0.8188053373238559	0.1618032173587728	0.15513156253896987
171	20260801	0.9174460655942137	0.9759321611173464	0.8261628631999002	0.058486095523132664	0.1497692979174462
171	20260802	0.9144531737124331	0.9760568649457539	0.8271604938271605	0.06160369123332088	0.14889637111859344
171	20260803	0.9107744107744107	0.9748098266616785	0.822733507918693	0.0640354158872678	0.15207631874298544
171	20260804	0.9080309265494451	0.9749968824042898	0.8194288564658936	0.06696595585484477	0.15556802593839625
171	20260805	0.9151390447686744	0.9739368998628257	0.8188053373238559	0.05879785509415136	0.15513156253896987
172	20260801	0.9283576505798729	0.9759321611173464	0.8261628631999002	0.047574510537473524	0.1497692979174462
172	20260802	0.926424741239556	0.9760568649457539	0.8271604938271605	0.04963212370619796	0.14889637111859344
172	20260803	0.9265494450679636	0.9748098266616785	0.822733507918693	0.04826038159371493	0.15207631874298544
172	20260804	0.9228083302157376	0.9749968824042898	0.8194288564658936	0.05218855218855223	0.15556802593839625
172	20260805	0.9301035041775783	0.9739368998628257	0.8188053373238559	0.04383339568524747	0.15513156253896987
173	20260801	0.8965581743359522	0.9759321611173464	0.8261628631999002	0.07937398678139418	0.1497692979174462
173	20260802	0.8936276343683751	0.9760568649457539	0.8271604938271605	0.08242923057737883	0.14889637111859344
173	20260803	0.8956228956228957	0.9748098266616785	0.822733507918693	0.07918693103878283	0.15207631874298544
173	20260804	0.8914453173712433	0.9749968824042898	0.8194288564658936	0.0835515650330465	0.15556802593839625
173	20260805	0.8926300037411148	0.9739368998628257	0.8188053373238559	0.08130689612171094	0.15513156253896987
174	20260801	0.8458660680882903	0.9759321611173464	0.8261628631999002	0.13006609302905603	0.1497692979174462
174	20260802	0.8428108242923059	0.9760568649457539	0.8271604938271605	0.13324604065344803	0.14889637111859344
174	20260803	0.8403790996383589	0.9748098266616785	0.822733507918693	0.1344307270233196	0.15207631874298544
174	20260804	0.8324604065344806	0.9749968824042898	0.8194288564658936	0.14253647586980922	0.15556802593839625
174	20260805	0.8359521137298915	0.9739368998628257	0.8188053373238559	0.1379847861329342	0.15513156253896987
175	20260801	0.879785509415139	0.9759321611173464	0.8261628631999002	0.09614665170220738	0.1497692979174462
175	20260802	0.8733632622521511	0.9760568649457539	0.8271604938271605	0.10269360269360284	0.14889637111859344
175	20260803	0.8746103005362265	0.9748098266616785	0.822733507918693	0.10019952612545202	0.15207631874298544
175	20260804	0.8675645342312008	0.9749968824042898	0.8194288564658936	0.107432348173089	0.15556802593839625
175	20260805	0.8724903354532983	0.9739368998628257	0.8188053373238559	0.10144656440952737	0.15513156253896987
176	20260801	0.9297917446065594	0.9759321611173464	0.8261628631999002	0.04614041651078693	0.1497692979174462
176	20260802	0.9272976680384089	0.9760568649457539	0.8271604938271605	0.04875919690734509	0.14889637111859344
176	20260803	0.9319117096894873	0.9748098266616785	0.822733507918693	0.04289811697219115	0.15207631874298544
176	20260804	0.9246165357276468	0.9749968824042898	0.8194288564658936	0.05038034667664304	0.15556802593839625
176	20260805	0.9283576505798727	0.9739368998628257	0.8188053373238559	0.04557924928295298	0.15513156253896987
177	20260801	0.8620152138670657	0.9759321611173464	0.8261628631999002	0.11391694725028068	0.1497692979174462
177	20260802	0.8627634368375109	0.9760568649457539	0.8271604938271605	0.11329342810824305	0.14889637111859344
177	20260803	0.8577129317870059	0.9748098266616785	0.822733507918693	0.11709689487467256	0.15207631874298544
177	20260804	0.8537224092779648	0.9749968824042898	0.8194288564658936	0.121274473126325	0.15556802593839625
177	20260805	0.8588976181568774	0.9739368998628257	0.8188053373238559	0.11503928170594835	0.15513156253896987
178	20260801	0.9031051253273477	0.9759321611173464	0.8261628631999002	0.07282703578999872	0.1497692979174462
178	20260802	0.9012969198154384	0.9760568649457539	0.8271604938271605	0.07475994513031559	0.14889637111859344
178	20260803	0.9020451427858835	0.9748098266616785	0.822733507918693	0.07276468387579493	0.15207631874298544
178	20260804	0.8949993764808579	0.9749968824042898	0.8194288564658936	0.07999750592343191	0.15556802593839625
178	20260805	0.9032921810699588	0.9739368998628257	0.8188053373238559	0.07064471879286693	0.15513156253896987
179	20260801	0.8481730889138297	0.9759321611173464	0.8261628631999002	0.12775907220351668	0.1497692979174462
179	20260802	0.8452425489462526	0.9760568649457539	0.8271604938271605	0.13081431599950133	0.14889637111859344
179	20260803	0.8402543958099513	0.9748098266616785	0.822733507918693	0.13455543085172716	0.15207631874298544
179	20260804	0.8312133682504054	0.9749968824042898	0.8194288564658936	0.14378351415388446	0.15556802593839625
179	20260805	0.8330839256765182	0.9739368998628257	0.8188053373238559	0.1408529741863075	0.15513156253896987
180	20260801	0.8988651951614915	0.9759321611173464	0.8261628631999002	0.07706696595585483	0.1497692979174462
180	20260802	0.8956852475370993	0.9760568649457539	0.8271604938271605	0.08037161740865462	0.14889637111859344
180	20260803	0.8963087666791371	0.9748098266616785	0.822733507918693	0.07850105998254142	0.15207631874298544
180	20260804	0.8938146901109864	0.9749968824042898	0.8194288564658936	0.08118219229330348	0.15556802593839625
180	20260805	0.8958723032797107	0.9739368998628257	0.8188053373238559	0.07806459658311504	0.15513156253896987
181	20260801	0.8392567651826911	0.9759321611173464	0.8261628631999002	0.13667539593465527	0.1497692979174462
181	20260802	0.8330839256765183	0.9760568649457539	0.8271604938271605	0.1429729392692356	0.14889637111859344
181	20260803	0.8365756328719292	0.9748098266616785	0.822733507918693	0.13823419378974933	0.15207631874298544
181	20260804	0.8223593964334706	0.9749968824042898	0.8194288564658936	0.15263748597081928	0.15556802593839625
181	20260805	0.8284698840254396	0.9739368998628257	0.8188053373238559	0.14546701583738608	0.15513156253896987
182	20260801	0.9712557675520639	0.9759321611173464	0.8261628631999002	0.004676393565282488	0.1497692979174462
182	20260802	0.9723781020077316	0.9760568649457539	0.8271604938271605	0.003678762938022384	0.14889637111859344
182	20260803	0.9706946003242299	0.9748098266616785	0.822733507918693	0.004115226337448541	0.15207631874298544
182	20260804	0.9708816560668413	0.9749968824042898	0.8194288564658936	0.004115226337448541	0.15556802593839625
182	20260805	0.9713804713804715	0.9739368998628257	0.8188053373238559	0.002556428482354267	0.15513156253896987
183	20260801	0.8540965207631874	0.9759321611173464	0.8261628631999002	0.12183564035415895	0.1497692979174462
183	20260802	0.8502930539967577	0.9760568649457539	0.8271604938271605	0.12576381094899625	0.14889637111859344
183	20260803	0.8474872178575883	0.9748098266616785	0.822733507918693	0.1273226088040902	0.15207631874298544
183	20260804	0.8370744481855592	0.9749968824042898	0.8194288564658936	0.13792243421873063	0.15556802593839625
183	20260805	0.8429978800349172	0.9739368998628257	0.8188053373238559	0.13093901982790856	0.15513156253896987
184	20260801	0.9398927547075695	0.9759321611173464	0.8261628631999002	0.036039406409776875	0.1497692979174462
184	20260802	0.9388327721661054	0.9760568649457539	0.8271604938271605	0.037224092779648554	0.14889637111859344
184	20260803	0.9399551066217733	0.9748098266616785	0.822733507918693	0.034854720039905196	0.15207631874298544
184	20260804	0.9344057862576381	0.9749968824042898	0.8194288564658936	0.040591096146651684	0.15556802593839625
184	20260805	0.9392068836513281	0.9739368998628257	0.8188053373238559	0.03473001621149763	0.15513156253896987
185	20260801	0.7848858959970071	0.9759321611173464	0.8261628631999002	0.1910462651203393	0.1497692979174462
185	20260802	0.7817059483726151	0.9760568649457539	0.8271604938271605	0.19435091657313885	0.14889637111859344
185	20260803	0.7787130564908342	0.9748098266616785	0.822733507918693	0.19609677017084426	0.15207631874298544
185	20260804	0.7689861578750468	0.9749968824042898	0.8194288564658936	0.20601072452924307	0.15556802593839625
185	20260805	0.7679885272477864	0.9739368998628257	0.8188053373238559	0.2059483726150393	0.15513156253896987
186	20260801	0.8602070083551565	0.9759321611173464	0.8261628631999002	0.11572515276218986	0.1497692979174462
186	20260802	0.8582117471006359	0.9760568649457539	0.8271604938271605	0.11784511784511809	0.14889637111859344
186	20260803	0.857899987529617	0.9748098266616785	0.822733507918693	0.11690983913206143	0.15207631874298544
186	20260804	0.8481107369996259	0.9749968824042898	0.8194288564658936	0.12688614540466392	0.15556802593839625
186	20260805	0.8557176705324853	0.9739368998628257	0.8188053373238559	0.11821922933034046	0.15513156253896987
187	20260801	0.8257887517146777	0.9759321611173464	0.8261628631999002	0.15014340940266868	0.1497692979174462
187	20260802	0.8217982292056367	0.9760568649457539	0.8271604938271605	0.15425863574011722	0.14889637111859344
187	20260803	0.8229829155755082	0.9748098266616785	0.822733507918693	0.1518269110861703	0.15207631874298544
187	20260804	0.8095149021074948	0.9749968824042898	0.8194288564658936	0.16548198029679506	0.15556802593839625
187	20260805	0.80596084299788	0.9739368998628257	0.8188053373238559	0.16797605686494577	0.15513156253896987
188	20260801	0.7999127073201147	0.9759321611173464	0.8261628631999002	0.17601945379723172	0.1497692979174462
188	20260802	0.7960468886394811	0.9760568649457539	0.8271604938271605	0.1800099763062728	0.14889637111859344
188	20260803	0.7928669410150891	0.9748098266616785	0.822733507918693	0.18194288564658934	0.15207631874298544
188	20260804	0.7865693976805087	0.9749968824042898	0.8194288564658936	0.18842748472378112	0.15556802593839625
188	20260805	0.7805836139169472	0.9739368998628257	0.8188053373238559	0.19335328594587853	0.15513156253896987
189	20260801	0.8267240304277341	0.9759321611173464	0.8261628631999002	0.14920813068961225	0.1497692979174462
189	20260802	0.822733507918693	0.9760568649457539	0.8271604938271605	0.1533233570270609	0.14889637111859344
189	20260803	0.8226088040902855	0.9748098266616785	0.822733507918693	0.152201022571393	0.15207631874298544
189	20260804	0.8124454420750719	0.9749968824042898	0.8194288564658936	0.16255144032921798	0.15556802593839625
189	20260805	0.817433595211373	0.9739368998628257	0.8188053373238559	0.15650330465145268	0.15513156253896987
190	20260801	0.8492954233694975	0.9759321611173464	0.8261628631999002	0.1266367377478489	0.1497692979174462
190	20260802	0.8418131936650456	0.9760568649457539	0.8271604938271605	0.13424367128070835	0.14889637111859344
190	20260803	0.8492954233694975	0.9748098266616785	0.822733507918693	0.125514403292181	0.15207631874298544
190	20260804	0.8326474622770919	0.9749968824042898	0.8194288564658936	0.14234942012719798	0.15556802593839625
190	20260805	0.8366379847861329	0.9739368998628257	0.8188053373238559	0.13729891507669278	0.15513156253896987
191	20260801	0.7752213492954233	0.9759321611173464	0.8261628631999002	0.20071081182192307	0.1497692979174462
191	20260802	0.7717296421000124	0.9760568649457539	0.8271604938271605	0.20432722284574156	0.14889637111859344
191	20260803	0.7726025688988651	0.9748098266616785	0.822733507918693	0.20220725776281334	0.15207631874298544
191	20260804	0.7586980920314254	0.9749968824042898	0.8194288564658936	0.21629879037286448	0.15556802593839625
191	20260805	0.7604439456291309	0.9739368998628257	0.8188053373238559	0.21349295423369485	0.15513156253896987
192	20260801	0.9043521636114228	0.9759321611173464	0.8261628631999002	0.07157999750592359	0.1497692979174462
192	20260802	0.9014216236438459	0.9760568649457539	0.8271604938271605	0.07463524130190802	0.14889637111859344
192	20260803	0.9038533482977927	0.9748098266616785	0.822733507918693	0.07095647836388574	0.15207631874298544
192	20260804	0.8993016585609178	0.9749968824042898	0.8194288564658936	0.07569522384337202	0.15556802593839625
192	20260805	0.9012969198154384	0.9739368998628257	0.8188053373238559	0.07263998004738736	0.15513156253896987
193	20260801	0.9340316747724154	0.9759321611173464	0.8261628631999002	0.04190048634493093	0.1497692979174462
193	20260802	0.930165856091782	0.9760568649457539	0.8271604938271605	0.045891008853971904	0.14889637111859344
193	20260803	0.9297293926923557	0.9748098266616785	0.822733507918693	0.04508043396932282	0.15207631874298544
193	20260804	0.9313505424616536	0.9749968824042898	0.8194288564658936	0.043646339942636225	0.15556802593839625
193	20260805	0.9322234692605063	0.9739368998628257	0.8188053373238559	0.04171343060231947	0.15513156253896987
194	20260801	0.8633246040653448	0.9759321611173464	0.8261628631999002	0.11260755705200154	0.1497692979174462
194	20260802	0.866192792118718	0.9760568649457539	0.8271604938271605	0.10986407282703592	0.14889637111859344
194	20260803	0.854720039905225	0.9748098266616785	0.822733507918693	0.12008978675645343	0.15207631874298544
194	20260804	0.8423743608928794	0.9749968824042898	0.8194288564658936	0.1326225215114104	0.15556802593839625
194	20260805	0.8540341688489836	0.9739368998628257	0.8188053373238559	0.11990273101384208	0.15513156253896987
195	20260801	0.782267115600449	0.9759321611173464	0.8261628631999002	0.19366504551689734	0.1497692979174462
195	20260802	0.7817683002868189	0.9760568649457539	0.8271604938271605	0.19428856465893507	0.14889637111859344
195	20260803	0.7747225339817931	0.9748098266616785	0.822733507918693	0.20008729267988534	0.15207631874298544
195	20260804	0.7694849731886768	0.9749968824042898	0.8194288564658936	0.20551190921561302	0.15556802593839625
195	20260805	0.7684249906472128	0.9739368998628257	0.8188053373238559	0.2055119092156129	0.15513156253896987
196	20260801	0.8439955106621774	0.9759321611173464	0.8261628631999002	0.131936650455169	0.1497692979174462
196	20260802	0.8387579498690609	0.9760568649457539	0.8271604938271605	0.137298915076693	0.14889637111859344
196	20260803	0.840877914951989	0.9748098266616785	0.822733507918693	0.13393191170968943	0.15207631874298544
196	20260804	0.8311510163362014	0.9749968824042898	0.8194288564658936	0.14384586606808847	0.15556802593839625
196	20260805	0.8327098141912956	0.9739368998628257	0.8188053373238559	0.14122708567153008	0.15513156253896987
197	20260801	0.8709315375982043	0.9759321611173464	0.8261628631999002	0.10500062351914208	0.1497692979174462
197	20260802	0.8708691856840005	0.9760568649457539	0.8271604938271605	0.10518767926175343	0.14889637111859344
197	20260803	0.8631999002369373	0.9748098266616785	0.822733507918693	0.11160992642474121	0.15207631874298544
197	20260804	0.8590846738994887	0.9749968824042898	0.8194288564658936	0.1159122085048011	0.15556802593839625
197	20260805	0.8617658062102507	0.9739368998628257	0.8188053373238559	0.11217109365257505	0.15513156253896987
198	20260801	0.8818431225838632	0.9759321611173464	0.8261628631999002	0.09408903853348316	0.1497692979174462
198	20260802	0.8774784885895996	0.9760568649457539	0.8271604938271605	0.0985783763561543	0.14889637111859344
198	20260803	0.87847611921686	0.9748098266616785	0.822733507918693	0.0963337074448185	0.15207631874298544
198	20260804	0.8684998129442574	0.9749968824042898	0.8194288564658936	0.10649706946003246	0.15556802593839625
198	20260805	0.8778526000748224	0.9739368998628257	0.8188053373238559	0.09608429978800337	0.15513156253896987
199	20260801	0.8748597081930415	0.9759321611173464	0.8261628631999002	0.10107245292430489	0.1497692979174462
199	20260802	0.8717421124828533	0.9760568649457539	0.8271604938271605	0.10431475246290067	0.14889637111859344
199	20260803	0.8724279835390947	0.9748098266616785	0.822733507918693	0.1023818431225838	0.15207631874298544
199	20260804	0.8638234193789749	0.9749968824042898	0.8194288564658936	0.11117346302531494	0.15556802593839625
199	20260805	0.8686245167726648	0.9739368998628257	0.8188053373238559	0.10531238309016089	0.15513156253896987
200	20260801	0.865693976805088	0.9759321611173464	0.8261628631999002	0.1102381843122584	0.1497692979174462
200	20260802	0.8590223219852849	0.9760568649457539	0.8271604938271605	0.117034542960469	0.14889637111859344
200	20260803	0.8605187679261753	0.9748098266616785	0.822733507918693	0.11429105873550316	0.15207631874298544
200	20260804	0.8473625140291807	0.9749968824042898	0.8194288564658936	0.1276343683751091	0.15556802593839625
200	20260805	0.8537847611921686	0.9739368998628257	0.8188053373238559	0.1201521386706571	0.15513156253896987
201	20260801	0.9456914827285199	0.9759321611173464	0.8261628631999002	0.030240678388826492	0.1497692979174462
201	20260802	0.9448809078438707	0.9760568649457539	0.8271604938271605	0.031175957101883256	0.14889637111859344
201	20260803	0.945379723157501	0.9748098266616785	0.822733507918693	0.02943010350417752	0.15207631874298544
201	20260804	0.9426362389325352	0.9749968824042898	0.8194288564658936	0.0323606434717546	0.15556802593839625
201	20260805	0.9458161865569273	0.9739368998628257	0.8188053373238559	0.02812071330589838	0.15513156253896987
202	20260801	0.8306522010225714	0.9759321611173464	0.8261628631999002	0.14527996009477495	0.1497692979174462
202	20260802	0.8273475495697717	0.9760568649457539	0.8271604938271605	0.1487093153759822	0.14889637111859344
202	20260803	0.826474622770919	0.9748098266616785	0.822733507918693	0.1483352038907595	0.15207631874298544
202	20260804	0.8100760693353285	0.9749968824042898	0.8194288564658936	0.16492081306896134	0.15556802593839625
202	20260805	0.8185559296670407	0.9739368998628257	0.8188053373238559	0.155380970195785	0.15513156253896987
203	20260801	0.8458037161740866	0.9759321611173464	0.8261628631999002	0.1301284449432598	0.1497692979174462
203	20260802	0.8441202144905848	0.9760568649457539	0.8271604938271605	0.1319366504551691	0.14889637111859344
203	20260803	0.8430602319491208	0.9748098266616785	0.822733507918693	0.13174959471255765	0.15207631874298544
203	20260804	0.8330215737623146	0.9749968824042898	0.8194288564658936	0.14197530864197527	0.15556802593839625
203	20260805	0.8335827409901484	0.9739368998628257	0.8188053373238559	0.14035415887267733	0.15513156253896987
204	20260801	0.8553435590472628	0.9759321611173464	0.8261628631999002	0.1205886020700836	0.1497692979174462
204	20260802	0.8560294301035042	0.9760568649457539	0.8271604938271605	0.12002743484224976	0.14889637111859344
204	20260803	0.853660057363761	0.9748098266616785	0.822733507918693	0.12114976929791743	0.15207631874298544
204	20260804	0.8437461030053622	0.9749968824042898	0.8194288564658936	0.1312507793989276	0.15556802593839625
204	20260805	0.8506671654819803	0.9739368998628257	0.8188053373238559	0.12326973438084543	0.15513156253896987
205	20260801	0.8165606684125203	0.9759321611173464	0.8261628631999002	0.1593714927048261	0.1497692979174462
205	20260802	0.8118842748472378	0.9760568649457539	0.8271604938271605	0.16417259009851615	0.14889637111859344
205	20260803	0.8106372365631626	0.9748098266616785	0.822733507918693	0.16417259009851592	0.15207631874298544
205	20260804	0.801970320488839	0.9749968824042898	0.8194288564658936	0.17302656191545085	0.15556802593839625
205	20260805	0.8015962090036164	0.9739368998628257	0.8188053373238559	0.17234069085920933	0.15513156253896987
206	20260801	0.8577129317870059	0.9759321611173464	0.8261628631999002	0.11821922933034046	0.1497692979174462
206	20260802	0.8558423743608928	0.9760568649457539	0.8271604938271605	0.12021449058486111	0.14889637111859344
206	20260803	0.8540965207631874	0.9748098266616785	0.822733507918693	0.12071330589849105	0.15207631874298544
206	20260804	0.8468636987155506	0.9749968824042898	0.8194288564658936	0.12813318368873927	0.15556802593839625
206	20260805	0.8533482977927421	0.9739368998628257	0.8188053373238559	0.1205886020700836	0.15513156253896987
207	20260801	0.9233071455293678	0.9759321611173464	0.8261628631999002	0.05262501558797861	0.1497692979174462
207	20260802	0.9206883651328096	0.9760568649457539	0.8271604938271605	0.05536849981294434	0.14889637111859344
207	20260803	0.9217483476742736	0.9748098266616785	0.822733507918693	0.053061478987404875	0.15207631874298544
207	20260804	0.9190048634493079	0.9749968824042898	0.8194288564658936	0.05599201895498196	0.15556802593839625
207	20260805	0.9249906472128694	0.9739368998628257	0.8188053373238559	0.048946252649956334	0.15513156253896987
208	20260801	0.8586482105000623	0.9759321611173464	0.8261628631999002	0.11728395061728403	0.1497692979174462
208	20260802	0.8522259633370745	0.9760568649457539	0.8271604938271605	0.12383090160867949	0.14889637111859344
208	20260803	0.8517894999376481	0.9748098266616785	0.822733507918693	0.1230203267240304	0.15207631874298544
208	20260804	0.8474248659433845	0.9749968824042898	0.8194288564658936	0.12757201646090532	0.15556802593839625
208	20260805	0.8481107369996259	0.9739368998628257	0.8188053373238559	0.1258261628631998	0.15513156253896987
209	20260801	0.8177453547823919	0.9759321611173464	0.8261628631999002	0.15818680633495452	0.1497692979174462
209	20260802	0.8157500935278714	0.9760568649457539	0.8271604938271605	0.16030677141788252	0.14889637111859344
209	20260803	0.8167477241551315	0.9748098266616785	0.822733507918693	0.15806210250654695	0.15207631874298544
209	20260804	0.8129442573887018	0.9749968824042898	0.8194288564658936	0.16205262501558804	0.15556802593839625
209	20260805	0.8175582990397804	0.9739368998628257	0.8188053373238559	0.15637860082304533	0.15513156253896987
210	20260801	0.8163736126699089	0.9759321611173464	0.8261628631999002	0.15955854844743744	0.1497692979174462
210	20260802	0.8140042399301657	0.9760568649457539	0.8271604938271605	0.16205262501558826	0.14889637111859344
210	20260803	0.8102631250779398	0.9748098266616785	0.822733507918693	0.16454670158373863	0.15207631874298544
210	20260804	0.807020825539344	0.9749968824042898	0.8194288564658936	0.16797605686494588	0.15556802593839625
210	20260805	0.8108242923057739	0.9739368998628257	0.8188053373238559	0.16311260755705181	0.15513156253896987
211	20260801	0.8060855468262875	0.9759321611173464	0.8261628631999002	0.16984661429105885	0.1497692979174462
211	20260802	0.8104501808205512	0.9760568649457539	0.8271604938271605	0.16560668412520274	0.14889637111859344
211	20260803	0.8001621149769297	0.9748098266616785	0.822733507918693	0.1746477116847488	0.15207631874298544
211	20260804	0.7984162613792243	0.9749968824042898	0.8194288564658936	0.17658062102506555	0.15556802593839625
211	20260805	0.8037161740865445	0.9739368998628257	0.8188053373238559	0.17022072577628122	0.15513156253896987
212	20260801	0.9382716049382716	0.9759321611173464	0.8261628631999002	0.03766055617907482	0.1497692979174462
212	20260802	0.9388327721661055	0.9760568649457539	0.8271604938271605	0.03722409277964844	0.14889637111859344
212	20260803	0.9388951240803092	0.9748098266616785	0.822733507918693	0.03591470258136931	0.15207631874298544
212	20260804	0.9354657687991021	0.9749968824042898	0.8194288564658936	0.039531113605187684	0.15556802593839625
212	20260805	0.9408903853348298	0.9739368998628257	0.8188053373238559	0.033046514527995896	0.15513156253896987
213	20260801	0.8973063973063973	0.9759321611173464	0.8261628631999002	0.0786257638109491	0.1497692979174462
213	20260802	0.8949993764808579	0.9760568649457539	0.8271604938271605	0.08105748846489602	0.14889637111859344
213	20260803	0.8966828781643597	0.9748098266616785	0.822733507918693	0.07812694849731883	0.15207631874298544
213	20260804	0.8883900735752588	0.9749968824042898	0.8194288564658936	0.08660680882903105	0.15556802593839625
213	20260805	0.8918194288564659	0.9739368998628257	0.8188053373238559	0.0821174710063598	0.15513156253896987
214	20260801	0.8522259633370745	0.9759321611173464	0.8261628631999002	0.12370619778027192	0.1497692979174462
214	20260802	0.8522883152512781	0.9760568649457539	0.8271604938271605	0.12376854969447582	0.14889637111859344
214	20260803	0.8453049008604565	0.9748098266616785	0.822733507918693	0.12950492580122197	0.15207631874298544
214	20260804	0.8382591345554309	0.9749968824042898	0.8194288564658936	0.13673774784885895	0.15556802593839625
214	20260805	0.842748472378102	0.9739368998628257	0.8188053373238559	0.1311884274847237	0.15513156253896987
215	20260801	0.9324105250031176	0.9759321611173464	0.8261628631999002	0.04352163611422877	0.1497692979174462
215	20260802	0.9314128943758573	0.9760568649457539	0.8271604938271605	0.04464397056989666	0.14889637111859344
215	20260803	0.9307893752338197	0.9748098266616785	0.822733507918693	0.04402045142785882	0.15207631874298544
215	20260804	0.9239306646714054	0.9749968824042898	0.8194288564658936	0.051066217732884445	0.15556802593839625
215	20260805	0.9303529118343934	0.9739368998628257	0.8188053373238559	0.04358398802843233	0.15513156253896987
216	20260801	0.7560793116348672	0.9759321611173464	0.8261628631999002	0.21985284948247918	0.1497692979174462
216	20260802	0.7546452176081806	0.9760568649457539	0.8271604938271605	0.22141164733757335	0.14889637111859344
216	20260803	0.7454171343060233	0.9748098266616785	0.822733507918693	0.22939269235565518	0.15207631874298544
216	20260804	0.7329467514652699	0.9749968824042898	0.8194288564658936	0.24205013093901995	0.15556802593839625
216	20260805	0.7271480234443197	0.9739368998628257	0.8188053373238559	0.246788876418506	0.15513156253896987
217	20260801	0.9302905599201895	0.9759321611173464	0.8261628631999002	0.04564160119715688	0.1497692979174462
217	20260802	0.9236189051003866	0.9760568649457539	0.8271604938271605	0.052437959845367366	0.14889637111859344
217	20260803	0.9283576505798729	0.9748098266616785	0.822733507918693	0.04645217608180563	0.15207631874298544
217	20260804	0.9233071455293678	0.9749968824042898	0.8194288564658936	0.051689736874922065	0.15556802593839625
217	20260805	0.9260506297543335	0.9739368998628257	0.8188053373238559	0.047886270108492224	0.15513156253896987
218	20260801	0.9118343933158748	0.9759321611173464	0.8261628631999002	0.06409776780147158	0.1497692979174462
218	20260802	0.9083426861204639	0.9760568649457539	0.8271604938271605	0.06771417882529007	0.14889637111859344
218	20260803	0.9103379473749844	0.9748098266616785	0.822733507918693	0.06447187928669407	0.15207631874298544
218	20260804	0.9062227210375359	0.9749968824042898	0.8194288564658936	0.06877416136675396	0.15556802593839625
218	20260805	0.9072203516647962	0.9739368998628257	0.8188053373238559	0.06671654819802952	0.15513156253896987
219	20260801	0.8580246913580246	0.9759321611173464	0.8261628631999002	0.11790746975932176	0.1497692979174462
219	20260802	0.8602070083551565	0.9760568649457539	0.8271604938271605	0.11584985659059743	0.14889637111859344
219	20260803	0.8555929667040778	0.9748098266616785	0.822733507918693	0.11921685995760067	0.15207631874298544
219	20260804	0.8527871305649083	0.9749968824042898	0.8194288564658936	0.12220975183938154	0.15556802593839625
219	20260805	0.8569647088165607	0.9739368998628257	0.8188053373238559	0.116972191046265	0.15513156253896987
220	20260801	0.9468761690983913	0.9759321611173464	0.8261628631999002	0.029055992018955035	0.1497692979174462
220	20260802	0.9438209253024068	0.9760568649457539	0.8271604938271605	0.032235939643347145	0.14889637111859344
220	20260803	0.9435715176455917	0.9748098266616785	0.822733507918693	0.031238309016086818	0.15207631874298544
220	20260804	0.9433221099887766	0.9749968824042898	0.8194288564658936	0.0316747724155132	0.15556802593839625
220	20260805	0.9462526499563536	0.9739368998628257	0.8188053373238559	0.027684249906472114	0.15513156253896987
221	20260801	0.9554183813443073	0.9759321611173464	0.8261628631999002	0.02051377977303903	0.1497692979174462
221	20260802	0.9521137298915077	0.9760568649457539	0.8271604938271605	0.02394313505424628	0.14889637111859344
221	20260803	0.9545454545454546	0.9748098266616785	0.822733507918693	0.020264372116223894	0.15207631874298544
221	20260804	0.9531113605187679	0.9749968824042898	0.8194288564658936	0.021885521885521952	0.15556802593839625
221	20260805	0.9532360643471754	0.9739368998628257	0.8188053373238559	0.020700835515650273	0.15513156253896987
222	20260801	0.8729891507669285	0.9759321611173464	0.8261628631999002	0.10294301035041786	0.1497692979174462
222	20260802	0.8729891507669285	0.9760568649457539	0.8271604938271605	0.10306771417882543	0.14889637111859344
222	20260803	0.8708068337697967	0.9748098266616785	0.822733507918693	0.10400299289188175	0.15207631874298544
222	20260804	0.8593340815563038	0.9749968824042898	0.8194288564658936	0.11566280084798608	0.15556802593839625
222	20260805	0.8683127572016461	0.9739368998628257	0.8188053373238559	0.10562414266117959	0.15513156253896987
223	20260801	0.8272228457413643	0.9759321611173464	0.8261628631999002	0.1487093153759821	0.1497692979174462
223	20260802	0.8236064347175458	0.9760568649457539	0.8271604938271605	0.15245043022820814	0.14889637111859344
223	20260803	0.8213617658062102	0.9748098266616785	0.822733507918693	0.15344806085546825	0.15207631874298544
223	20260804	0.8166853722409279	0.9749968824042898	0.8194288564658936	0.15831151016336198	0.15556802593839625
223	20260805	0.817683002868188	0.9739368998628257	0.8188053373238559	0.15625389699463776	0.15513156253896987
224	20260801	0.8242299538595834	0.9759321611173464	0.8261628631999002	0.15170220725776296	0.1497692979174462
224	20260802	0.8173712432971693	0.9760568649457539	0.8271604938271605	0.15868562164858468	0.14889637111859344
224	20260803	0.8143783514153885	0.9748098266616785	0.822733507918693	0.16043147524628998	0.15207631874298544
224	20260804	0.8065843621399177	0.9749968824042898	0.8194288564658936	0.16841252026437215	0.15556802593839625
224	20260805	0.8071455293677516	0.9739368998628257	0.8188053373238559	0.1667913704950741	0.15513156253896987
225	20260801	0.7841376730265619	0.9759321611173464	0.8261628631999002	0.19179448809078448	0.1497692979174462
225	20260802	0.779835390946502	0.9760568649457539	0.8271604938271605	0.19622147399925194	0.14889637111859344
225	20260803	0.7736625514403291	0.9748098266616785	0.822733507918693	0.20114727522134934	0.15207631874298544
225	20260804	0.768362638733009	0.9749968824042898	0.8194288564658936	0.2066342436712808	0.15556802593839625
225	20260805	0.7767801471505176	0.9739368998628257	0.8188053373238559	0.19715675271230815	0.15513156253896987
226	20260801	0.8562164858461154	0.9759321611173464	0.8261628631999002	0.11971567527123095	0.1497692979174462
226	20260802	0.8583988028432473	0.9760568649457539	0.8271604938271605	0.11765806210250662	0.14889637111859344
226	20260803	0.8524130190796857	0.9748098266616785	0.822733507918693	0.12239680758199278	0.15207631874298544
226	20260804	0.8434966953485472	0.9749968824042898	0.8194288564658936	0.13150018705574262	0.15556802593839625
226	20260805	0.8536600573637609	0.9739368998628257	0.8188053373238559	0.12027684249906478	0.15513156253896987
227	20260801	0.8638234193789749	0.9759321611173464	0.8261628631999002	0.11210874173837149	0.1497692979174462
227	20260802	0.8606434717545828	0.9760568649457539	0.8271604938271605	0.11541339319117117	0.14889637111859344
227	20260803	0.8614540466392319	0.9748098266616785	0.822733507918693	0.11335578002244662	0.15207631874298544
227	20260804	0.8509789250529991	0.9749968824042898	0.8194288564658936	0.12401795735129073	0.15556802593839625
227	20260805	0.8545329841626137	0.9739368998628257	0.8188053373238559	0.11940391570021203	0.15513156253896987
228	20260801	0.847549569771792	0.9759321611173464	0.8261628631999002	0.1283825913455544	0.1497692979174462
228	20260802	0.8488589599700711	0.9760568649457539	0.8271604938271605	0.12719790497568284	0.14889637111859344
228	20260803	0.8474248659433844	0.9748098266616785	0.822733507918693	0.12738496071829408	0.15207631874298544
228	20260804	0.8363885771293178	0.9749968824042898	0.8194288564658936	0.13860830527497203	0.15556802593839625
228	20260805	0.8436213991769548	0.9739368998628257	0.8188053373238559	0.13031550068587094	0.15513156253896987
229	20260801	0.8461154757451054	0.9759321611173464	0.8261628631999002	0.129816685372241	0.1497692979174462
229	20260802	0.8443072702331962	0.9760568649457539	0.8271604938271605	0.13174959471255776	0.14889637111859344
229	20260803	0.8454919566030676	0.9748098266616785	0.822733507918693	0.12931787005861084	0.15207631874298544
229	20260804	0.832647462277092	0.9749968824042898	0.8194288564658936	0.14234942012719787	0.15556802593839625
229	20260805	0.8361391694725028	0.9739368998628257	0.8188053373238559	0.13779773039032295	0.15513156253896987
230	20260801	0.8221099887766555	0.9759321611173464	0.8261628631999002	0.15382217234069084	0.1497692979174462
230	20260802	0.8191170968948747	0.9760568649457539	0.8271604938271605	0.15693976805087928	0.14889637111859344
230	20260803	0.8214864696346179	0.9748098266616785	0.822733507918693	0.15332335702706057	0.15207631874298544
230	20260804	0.8129442573887018	0.9749968824042898	0.8194288564658936	0.16205262501558804	0.15556802593839625
230	20260805	0.8155006858710563	0.9739368998628257	0.8188053373238559	0.15843621399176944	0.15513156253896987
231	20260801	0.9428856465893504	0.9759321611173464	0.8261628631999002	0.03304651452799601	0.1497692979174462
231	20260802	0.9377727896246414	0.9760568649457539	0.8271604938271605	0.038284075321112554	0.14889637111859344
231	20260803	0.9389574759945131	0.9748098266616785	0.822733507918693	0.03585235066716541	0.15207631874298544
231	20260804	0.9401421623643845	0.9749968824042898	0.8194288564658936	0.03485472003990531	0.15556802593839625
231	20260805	0.9420750717047013	0.9739368998628257	0.8188053373238559	0.03186182815812444	0.15513156253896987
232	20260801	0.8186182815812445	0.9759321611173464	0.8261628631999002	0.15731387953610187	0.1497692979174462
232	20260802	0.8164983164983164	0.9760568649457539	0.8271604938271605	0.15955854844743755	0.14889637111859344
232	20260803	0.814503055243796	0.9748098266616785	0.822733507918693	0.16030677141788252	0.15207631874298544
232	20260804	0.8077690485097894	0.9749968824042898	0.8194288564658936	0.16722783389450047	0.15556802593839625
232	20260805	0.8113231076194038	0.9739368998628257	0.8188053373238559	0.16261379224342187	0.15513156253896987
233	20260801	0.8550941513904476	0.9759321611173464	0.8261628631999002	0.12083800972689873	0.1497692979174462
233	20260802	0.853660057363761	0.9760568649457539	0.8271604938271605	0.1223968075819929	0.14889637111859344
233	20260803	0.8522883152512782	0.9748098266616785	0.822733507918693	0.12252151141040024	0.15207631874298544
233	20260804	0.8424990647212869	0.9749968824042898	0.8194288564658936	0.13249781768300295	0.15556802593839625
233	20260805	0.8484848484848484	0.9739368998628257	0.8188053373238559	0.12545205137797732	0.15513156253896987
234	20260801	0.9489961341813193	0.9759321611173464	0.8261628631999002	0.026936026936027035	0.1497692979174462
234	20260802	0.9506172839506173	0.9760568649457539	0.8271604938271605	0.025439580995136657	0.14889637111859344
234	20260803	0.9498067090659683	0.9748098266616785	0.822733507918693	0.025003117595710167	0.15207631874298544
234	20260804	0.9455044269859085	0.9749968824042898	0.8194288564658936	0.029492455418381303	0.15556802593839625
234	20260805	0.9489337822671156	0.9739368998628257	0.8188053373238559	0.025003117595710167	0.15513156253896987
235	20260801	0.7770919067215363	0.9759321611173464	0.8261628631999002	0.1988402543958101	0.1497692979174462
235	20260802	0.7769048509789251	0.9760568649457539	0.8271604938271605	0.1991520139668288	0.14889637111859344
235	20260803	0.7702955480733259	0.9748098266616785	0.822733507918693	0.20451427858835258	0.15207631874298544
235	20260804	0.7636238932535229	0.9749968824042898	0.8194288564658936	0.21137298915076697	0.15556802593839625
235	20260805	0.7676767676767676	0.9739368998628257	0.8188053373238559	0.2062601321860581	0.15513156253896987
236	20260801	0.9646464646464645	0.9759321611173464	0.8261628631999002	0.011285696470881845	0.1497692979174462
236	20260802	0.9638982416760193	0.9760568649457539	0.8271604938271605	0.012158623269734603	0.14889637111859344
236	20260803	0.9622147399925178	0.9748098266616785	0.822733507918693	0.012595086669160649	0.15207631874298544
236	20260804	0.9612171093652575	0.9749968824042898	0.8194288564658936	0.013779773039032328	0.15556802593839625
236	20260805	0.9625888514777403	0.9739368998628257	0.8188053373238559	0.011348048385085407	0.15513156253896987
237	20260801	0.8827784012969198	0.9759321611173464	0.8261628631999002	0.09315375982042662	0.1497692979174462
237	20260802	0.8805337323855841	0.9760568649457539	0.8271604938271605	0.09552313256016987	0.14889637111859344
237	20260803	0.881656066841252	0.9748098266616785	0.822733507918693	0.09315375982042651	0.15207631874298544
237	20260804	0.8708691856840005	0.9749968824042898	0.8194288564658936	0.10412769672028932	0.15556802593839625
237	20260805	0.8765432098765433	0.9739368998628257	0.8188053373238559	0.0973936899862824	0.15513156253896987
238	20260801	0.8903229829155754	0.9759321611173464	0.8261628631999002	0.08560917820177094	0.1497692979174462
238	20260802	0.8843371991520139	0.9760568649457539	0.8271604938271605	0.09171966579374002	0.14889637111859344
238	20260803	0.8862701084923308	0.9748098266616785	0.822733507918693	0.08853971816934769	0.15207631874298544
238	20260804	0.881905474498067	0.9749968824042898	0.8194288564658936	0.09309140790622283	0.15556802593839625
238	20260805	0.8857089412644967	0.9739368998628257	0.8188053373238559	0.08822795859832899	0.15513156253896987
239	20260801	0.9666417259009852	0.9759321611173464	0.8261628631999002	0.009290435216361193	0.1497692979174462
239	20260802	0.962713555306148	0.9760568649457539	0.8271604938271605	0.01334330963960595	0.14889637111859344
239	20260803	0.9651452799600948	0.9748098266616785	0.822733507918693	0.009664546701583676	0.15207631874298544
239	20260804	0.962962962962963	0.9749968824042898	0.8194288564658936	0.012033919441326812	0.15556802593839625
239	20260805	0.9637735378476118	0.9739368998628257	0.8188053373238559	0.01016336201521395	0.15513156253896987
240	20260801	0.8113854595336077	0.9759321611173464	0.8261628631999002	0.16454670158373863	0.1497692979174462
240	20260802	0.8103254769921437	0.9760568649457539	0.8271604938271605	0.1657313879536102	0.14889637111859344
240	20260803	0.8039655817433595	0.9748098266616785	0.822733507918693	0.17084424491831895	0.15207631874298544
240	20260804	0.8009726898615788	0.9749968824042898	0.8194288564658936	0.17402419254271106	0.15556802593839625
240	20260805	0.7996009477490958	0.9739368998628257	0.8188053373238559	0.17433595211372988	0.15513156253896987
241	20260801	0.8274722533981793	0.9759321611173464	0.8261628631999002	0.14845990771916706	0.1497692979174462
241	20260802	0.824604065344806	0.9760568649457539	0.8271604938271605	0.15145279960094793	0.14889637111859344
241	20260803	0.821673525377229	0.9748098266616785	0.822733507918693	0.15313630128444944	0.15207631874298544
241	20260804	0.8103254769921437	0.9749968824042898	0.8194288564658936	0.1646714054121461	0.15556802593839625
241	20260805	0.8135677765307395	0.9739368998628257	0.8188053373238559	0.1603691233320862	0.15513156253896987
242	20260801	0.9319117096894874	0.9759321611173464	0.8261628631999002	0.04402045142785893	0.1497692979174462
242	20260802	0.930415263748597	0.9760568649457539	0.8271604938271605	0.04564160119715699	0.14889637111859344
242	20260803	0.930976430976431	0.9748098266616785	0.822733507918693	0.04383339568524747	0.15207631874298544
242	20260804	0.9290435216361141	0.9749968824042898	0.8194288564658936	0.04595336076817569	0.15556802593839625
242	20260805	0.9327846364883402	0.9739368998628257	0.8188053373238559	0.04115226337448552	0.15513156253896987
243	20260801	0.9066591844369623	0.9759321611173464	0.8261628631999002	0.06927297668038412	0.1497692979174462
243	20260802	0.9024192542711061	0.9760568649457539	0.8271604938271605	0.0736376106746478	0.14889637111859344
243	20260803	0.9027310138421251	0.9748098266616785	0.822733507918693	0.07207881281955342	0.15207631874298544
243	20260804	0.9030427734131438	0.9749968824042898	0.8194288564658936	0.07195410899114607	0.15556802593839625
243	20260805	0.9014839755580496	0.9739368998628257	0.8188053373238559	0.07245292430477612	0.15513156253896987
244	20260801	0.9545454545454545	0.9759321611173464	0.8261628631999002	0.0213867065718919	0.1497692979174462
244	20260802	0.9512408030926549	0.9760568649457539	0.8271604938271605	0.024816061853099036	0.14889637111859344
244	20260803	0.9534854720039906	0.9748098266616785	0.822733507918693	0.021324354657687894	0.15207631874298544
244	20260804	0.9531113605187679	0.9749968824042898	0.8194288564658936	0.021885521885521952	0.15556802593839625
244	20260805	0.9559795485721412	0.9739368998628257	0.8188053373238559	0.017957351290684542	0.15513156253896987
245	20260801	0.7695473251028807	0.9759321611173464	0.8261628631999002	0.20638483601446567	0.1497692979174462
245	20260802	0.7648709315375982	0.9760568649457539	0.8271604938271605	0.21118593340815572	0.14889637111859344
245	20260803	0.760942760942761	0.9748098266616785	0.822733507918693	0.21386706571891745	0.15207631874298544
245	20260804	0.7451677266492082	0.9749968824042898	0.8194288564658936	0.22982915575508167	0.15556802593839625
245	20260805	0.7506546950991395	0.9739368998628257	0.8188053373238559	0.2232822047636862	0.15513156253896987
246	20260801	0.8900735752587604	0.9759321611173464	0.8261628631999002	0.08585858585858597	0.1497692979174462
246	20260802	0.8894500561167228	0.9760568649457539	0.8271604938271605	0.08660680882903116	0.14889637111859344
246	20260803	0.892068836513281	0.9748098266616785	0.822733507918693	0.08274099014839753	0.15207631874298544
246	20260804	0.8822172340690859	0.9749968824042898	0.8194288564658936	0.09277964833520391	0.15556802593839625
246	20260805	0.8844619029804215	0.9739368998628257	0.8188053373238559	0.08947499688240423	0.15513156253896987
247	20260801	0.7728519765556803	0.9759321611173464	0.8261628631999002	0.2030801845616661	0.1497692979174462
247	20260802	0.7719790497568276	0.9760568649457539	0.8271604938271605	0.20407781518892631	0.14889637111859344
247	20260803	0.7616286319990024	0.9748098266616785	0.822733507918693	0.21318119466267604	0.15207631874298544
247	20260804	0.7524629006110487	0.9749968824042898	0.8194288564658936	0.22253398179324113	0.15556802593839625
247	20260805	0.7517146776406035	0.9739368998628257	0.8188053373238559	0.2222222222222222	0.15513156253896987
248	20260801	0.799600947749096	0.9759321611173464	0.8261628631999002	0.17633121336825042	0.1497692979174462
248	20260802	0.799039780521262	0.9760568649457539	0.8271604938271605	0.17701708442449193	0.14889637111859344
248	20260803	0.7914951989026063	0.9748098266616785	0.822733507918693	0.18331462775907215	0.15207631874298544
248	20260804	0.7844494325975807	0.9749968824042898	0.8194288564658936	0.19054744980670912	0.15556802593839625
248	20260805	0.7885023070208256	0.9739368998628257	0.8188053373238559	0.18543459284200015	0.15513156253896987
249	20260801	0.756640478862701	0.9759321611173464	0.8261628631999002	0.21929168225464535	0.1497692979174462
249	20260802	0.7551440329218108	0.9760568649457539	0.8271604938271605	0.22091283202394318	0.14889637111859344
249	20260803	0.7511535104127697	0.9748098266616785	0.822733507918693	0.2236563162489088	0.15207631874298544
249	20260804	0.745167726649208	0.9749968824042898	0.8194288564658936	0.22982915575508178	0.15556802593839625
249	20260805	0.7449806709065969	0.9739368998628257	0.8188053373238559	0.2289562289562288	0.15513156253896987
250	20260801	0.8245417134306023	0.9759321611173464	0.8261628631999002	0.15139044768674403	0.1497692979174462
250	20260802	0.8224841002618781	0.9760568649457539	0.8271604938271605	0.15357276468387582	0.14889637111859344
250	20260803	0.8170594837261504	0.9748098266616785	0.822733507918693	0.15775034293552803	0.15207631874298544
250	20260804	0.8105748846489587	0.9749968824042898	0.8194288564658936	0.16442199775533117	0.15556802593839625
250	20260805	0.8114478114478114	0.9739368998628257	0.8188053373238559	0.1624890884150143	0.15513156253896987
251	20260801	0.8135054246165357	0.9759321611173464	0.8261628631999002	0.16242673650081063	0.1497692979174462
251	20260802	0.8160618530988901	0.9760568649457539	0.8271604938271605	0.15999501184686382	0.14889637111859344
251	20260803	0.8106995884773662	0.9748098266616785	0.822733507918693	0.16411023818431225	0.15207631874298544
251	20260804	0.7964210001247038	0.9749968824042898	0.8194288564658936	0.17857588227958598	0.15556802593839625
251	20260805	0.8057114353410649	0.9739368998628257	0.8188053373238559	0.1682254645217608	0.15513156253896987
252	20260801	0.968824042898117	0.9759321611173464	0.8261628631999002	0.007108118219229409	0.1497692979174462
252	20260802	0.9679511160992642	0.9760568649457539	0.8271604938271605	0.008105748846489735	0.14889637111859344
252	20260803	0.9702581369248036	0.9748098266616785	0.822733507918693	0.00455168973687492	0.15207631874298544
252	20260804	0.9672652450430228	0.9749968824042898	0.8194288564658936	0.00773163736126703	0.15556802593839625
252	20260805	0.9686369871555056	0.9739368998628257	0.8188053373238559	0.005299912707320109	0.15513156253896987
253	20260801	0.891008853971817	0.9759321611173464	0.8261628631999002	0.08492330714552943	0.1497692979174462
253	20260802	0.8892630003741114	0.9760568649457539	0.8271604938271605	0.08679386457164251	0.14889637111859344
253	20260803	0.8893253522883151	0.9748098266616785	0.822733507918693	0.08548447437336337	0.15207631874298544
253	20260804	0.8842748472378101	0.9749968824042898	0.8194288564658936	0.0907220351664797	0.15556802593839625
253	20260805	0.8889512408030925	0.9739368998628257	0.8188053373238559	0.08498565905973321	0.15513156253896987
254	20260801	0.9703204888390073	0.9759321611173464	0.8261628631999002	0.0056116722783390305	0.1497692979174462
254	20260802	0.9703204888390073	0.9760568649457539	0.8271604938271605	0.005736376106746599	0.14889637111859344
254	20260803	0.9713181194662674	0.9748098266616785	0.822733507918693	0.0034917071954110313	0.15207631874298544
254	20260804	0.9692605062975433	0.9749968824042898	0.8194288564658936	0.005736376106746488	0.15556802593839625
254	20260805	0.9711934156378601	0.9739368998628257	0.8188053373238559	0.00274348422496562	0.15513156253896987
255	20260801	0.8248534730016212	0.9759321611173464	0.8261628631999002	0.15107868811572522	0.1497692979174462
255	20260802	0.8221723406908592	0.9760568649457539	0.8271604938271605	0.15388452425489474	0.14889637111859344
255	20260803	0.8237311385459534	0.9748098266616785	0.822733507918693	0.1510786881157251	0.15207631874298544
255	20260804	0.8133807207881282	0.9749968824042898	0.8194288564658936	0.16161616161616166	0.15556802593839625
255	20260805	0.812071330589849	0.9739368998628257	0.8188053373238559	0.16186556927297668	0.15513156253896987
256	20260801	0.8217982292056366	0.9759321611173464	0.8261628631999002	0.15413393191170977	0.1497692979174462
256	20260802	0.8164983164983165	0.9760568649457539	0.8271604938271605	0.15955854844743744	0.14889637111859344
256	20260803	0.8151265743858336	0.9748098266616785	0.822733507918693	0.1596832522758449	0.15207631874298544
256	20260804	0.8000374111485222	0.9749968824042898	0.8194288564658936	0.1749594712557676	0.15556802593839625
256	20260805	0.8041526374859708	0.9739368998628257	0.8188053373238559	0.16978426237685496	0.15513156253896987
257	20260801	0.957101883027809	0.9759321611173464	0.8261628631999002	0.01883027808953741	0.1497692979174462
257	20260802	0.9513655069210625	0.9760568649457539	0.8271604938271605	0.024691358024691468	0.14889637111859344
257	20260803	0.9548572141164734	0.9748098266616785	0.822733507918693	0.019952612545205084	0.15207631874298544
257	20260804	0.9542960468886394	0.9749968824042898	0.8194288564658936	0.020700835515650384	0.15556802593839625
257	20260805	0.9542336949744357	0.9739368998628257	0.8188053373238559	0.019703204888390058	0.15513156253896987
258	20260801	0.8076443446813817	0.9759321611173464	0.8261628631999002	0.1682878164359647	0.1497692979174462
258	20260802	0.8000374111485222	0.9760568649457539	0.8271604938271605	0.17601945379723172	0.14889637111859344
258	20260803	0.7999127073201148	0.9748098266616785	0.822733507918693	0.1748971193415637	0.15207631874298544
258	20260804	0.7886893627634368	0.9749968824042898	0.8194288564658936	0.18630751964085301	0.15556802593839625
258	20260805	0.7884399551066218	0.9739368998628257	0.8188053373238559	0.18549694475620393	0.15513156253896987
259	20260801	0.8631999002369373	0.9759321611173464	0.8261628631999002	0.11273226088040911	0.1497692979174462
259	20260802	0.8603317121835641	0.9760568649457539	0.8271604938271605	0.11572515276218986	0.14889637111859344
259	20260803	0.8583364509290435	0.9748098266616785	0.822733507918693	0.11647337573263494	0.15207631874298544
259	20260804	0.8502307020825539	0.9749968824042898	0.8194288564658936	0.12476618032173592	0.15556802593839625
259	20260805	0.8496071829405163	0.9739368998628257	0.8188053373238559	0.12432971692230943	0.15513156253896987
260	20260801	0.8548447437336326	0.9759321611173464	0.8261628631999002	0.12108741738371376	0.1497692979174462
260	20260802	0.8527247786507045	0.9760568649457539	0.8271604938271605	0.12333208629504944	0.14889637111859344
260	20260803	0.8550941513904476	0.9748098266616785	0.822733507918693	0.11971567527123084	0.15207631874298544
260	20260804	0.841439082179823	0.9749968824042898	0.8194288564658936	0.13355780022446684	0.15556802593839625
260	20260805	0.8485472003990524	0.9739368998628257	0.8188053373238559	0.12538969946377332	0.15513156253896987
261	20260801	0.9167601945379723	0.9759321611173464	0.8261628631999002	0.05917196657937407	0.1497692979174462
261	20260802	0.9137049507419879	0.9760568649457539	0.8271604938271605	0.06235191420376607	0.14889637111859344
261	20260803	0.9137673026561915	0.9748098266616785	0.822733507918693	0.06104252400548693	0.15207631874298544
261	20260804	0.9095897244045392	0.9749968824042898	0.8194288564658936	0.06540715799975061	0.15556802593839625
261	20260805	0.9147025813692481	0.9739368998628257	0.8188053373238559	0.05923431849357763	0.15513156253896987
262	20260801	0.9622147399925178	0.9759321611173464	0.8261628631999002	0.013717421124828544	0.1497692979174462
262	20260802	0.9600324229953858	0.9760568649457539	0.8271604938271605	0.016024441950368118	0.14889637111859344
262	20260803	0.9603441825664047	0.9748098266616785	0.822733507918693	0.014465644095273733	0.15207631874298544
262	20260804	0.9594089038533483	0.9749968824042898	0.8194288564658936	0.015587978550941517	0.15556802593839625
262	20260805	0.9630876667913705	0.9739368998628257	0.8188053373238559	0.010849233071455244	0.15513156253896987
263	20260801	0.9211248285322359	0.9759321611173464	0.8261628631999002	0.0548073325851105	0.1497692979174462
263	20260802	0.9207507170470133	0.9760568649457539	0.8271604938271605	0.055306147898740665	0.14889637111859344
263	20260803	0.9214989400174585	0.9748098266616785	0.822733507918693	0.05331088664422001	0.15207631874298544
263	20260804	0.9170096021947874	0.9749968824042898	0.8194288564658936	0.05798728020950239	0.15556802593839625
263	20260805	0.9176954732510287	0.9739368998628257	0.8188053373238559	0.056241426611796985	0.15513156253896987
264	20260801	0.8638234193789749	0.9759321611173464	0.8261628631999002	0.11210874173837149	0.1497692979174462
264	20260802	0.857962339443821	0.9760568649457539	0.8271604938271605	0.11809452550193289	0.14889637111859344
264	20260803	0.8595211372989151	0.9748098266616785	0.822733507918693	0.11528868936276337	0.15207631874298544
264	20260804	0.8494824791121087	0.9749968824042898	0.8194288564658936	0.1255144032921811	0.15556802593839625
264	20260805	0.8552188552188552	0.9739368998628257	0.8188053373238559	0.11871804464397051	0.15513156253896987
265	20260801	0.933906970944008	0.9759321611173464	0.8261628631999002	0.04202519017333839	0.1497692979174462
265	20260802	0.9332210998877666	0.9760568649457539	0.8271604938271605	0.04283576505798736	0.14889637111859344
265	20260803	0.9329716922309514	0.9748098266616785	0.822733507918693	0.041838134430727036	0.15207631874298544
265	20260804	0.9295423369497444	0.9749968824042898	0.8194288564658936	0.045454545454545414	0.15556802593839625
265	20260805	0.9314752462900611	0.9739368998628257	0.8188053373238559	0.04246165357276466	0.15513156253896987
266	20260801	0.794488090784387	0.9759321611173464	0.8261628631999002	0.1814440703329594	0.1497692979174462
266	20260802	0.7938645716423495	0.9760568649457539	0.8271604938271605	0.18219229330340447	0.14889637111859344
266	20260803	0.7943010350417757	0.9748098266616785	0.822733507918693	0.18050879161990274	0.15207631874298544
266	20260804	0.7702955480733259	0.9749968824042898	0.8194288564658936	0.20470133433096394	0.15556802593839625
266	20260805	0.7856964708816561	0.9739368998628257	0.8188053373238559	0.18824042898116966	0.15513156253896987
267	20260801	0.8151889263000375	0.9759321611173464	0.8261628631999002	0.1607432348173089	0.1497692979174462
267	20260802	0.8083302157376231	0.9760568649457539	0.8271604938271605	0.16772664920813085	0.14889637111859344
267	20260803	0.8135054246165356	0.9748098266616785	0.822733507918693	0.16130440204514285	0.15207631874298544
267	20260804	0.8035914702581368	0.9749968824042898	0.8194288564658936	0.171405412146153	0.15556802593839625
267	20260805	0.8018456166604314	0.9739368998628257	0.8188053373238559	0.1720912832023943	0.15513156253896987
268	20260801	0.8479860331712182	0.9759321611173464	0.8261628631999002	0.12794612794612814	0.1497692979174462
268	20260802	0.8497942386831275	0.9760568649457539	0.8271604938271605	0.1262626262626264	0.14889637111859344
268	20260803	0.8429355281207133	0.9748098266616785	0.822733507918693	0.13187429854096522	0.15207631874298544
268	20260804	0.8374485596707819	0.9749968824042898	0.8194288564658936	0.13754832273350792	0.15556802593839625
268	20260805	0.839817932410525	0.9739368998628257	0.8188053373238559	0.13411896745230067	0.15513156253896987
269	20260801	0.8194288564658936	0.9759321611173464	0.8261628631999002	0.1565033046514528	0.1497692979174462
269	20260802	0.8147524629006111	0.9760568649457539	0.8271604938271605	0.16130440204514285	0.14889637111859344
269	20260803	0.8178077066965956	0.9748098266616785	0.822733507918693	0.15700211996508284	0.15207631874298544
269	20260804	0.8093901982790871	0.9749968824042898	0.8194288564658936	0.16560668412520274	0.15556802593839625
269	20260805	0.8103254769921435	0.9739368998628257	0.8188053373238559	0.1636114228706822	0.15513156253896987
270	20260801	0.9643347050754458	0.9759321611173464	0.8261628631999002	0.011597456041900545	0.1497692979174462
270	20260802	0.9614665170220726	0.9760568649457539	0.8271604938271605	0.014590347923681302	0.14889637111859344
270	20260803	0.964022945504427	0.9748098266616785	0.822733507918693	0.01078688115725146	0.15207631874298544
270	20260804	0.9621523880783139	0.9749968824042898	0.8194288564658936	0.012844494325975897	0.15556802593839625
270	20260805	0.9649582242174835	0.9739368998628257	0.8188053373238559	0.008978675645342271	0.15513156253896987
271	20260801	0.742798353909465	0.9759321611173464	0.8261628631999002	0.23313380720788135	0.1497692979174462
271	20260802	0.7406160369123332	0.9760568649457539	0.8271604938271605	0.2354408280334207	0.14889637111859344
271	20260803	0.7360019952612545	0.9748098266616785	0.822733507918693	0.23880783140042394	0.15207631874298544
271	20260804	0.7174211248285323	0.9749968824042898	0.8194288564658936	0.25757575757575757	0.15556802593839625
271	20260805	0.7272103753585236	0.9739368998628257	0.8188053373238559	0.2467265245043021	0.15513156253896987
272	20260801	0.8032797106871181	0.9759321611173464	0.8261628631999002	0.17265245043022825	0.1497692979174462
272	20260802	0.8103254769921437	0.9760568649457539	0.8271604938271605	0.1657313879536102	0.14889637111859344
272	20260803	0.8015962090036164	0.9748098266616785	0.822733507918693	0.1732136176580621	0.15207631874298544
272	20260804	0.7956104252400549	0.9749968824042898	0.8194288564658936	0.17938645716423496	0.15556802593839625
272	20260805	0.7951739618406285	0.9739368998628257	0.8188053373238559	0.17876293802219723	0.15513156253896987
273	20260801	0.8438084549195659	0.9759321611173464	0.8261628631999002	0.13212370619778047	0.1497692979174462
273	20260802	0.8458660680882903	0.9760568649457539	0.8271604938271605	0.1301907968574636	0.14889637111859344
273	20260803	0.8413767302656191	0.9748098266616785	0.822733507918693	0.13343309639605938	0.15207631874298544
273	20260804	0.8371991520139668	0.9749968824042898	0.8194288564658936	0.13779773039032306	0.15556802593839625
273	20260805	0.8393191170968949	0.9739368998628257	0.8188053373238559	0.13461778276593084	0.15513156253896987
274	20260801	0.9759321611173463	0.9759321611173464	0.8261628631999002	1.1102230246251565e-16	0.1497692979174462
274	20260802	0.9758074572889388	0.9760568649457539	0.8271604938271605	0.0002494076568151371	0.14889637111859344
274	20260803	0.9746227709190672	0.9748098266616785	0.822733507918693	0.0001870557426112418	0.15207631874298544
274	20260804	0.9755580496321237	0.9749968824042898	0.8194288564658936	-0.0005611672278338364	0.15556802593839625
274	20260805	0.9751215862326974	0.9739368998628257	0.8188053373238559	-0.0011846863698716792	0.15513156253896987
275	20260801	0.9499937648085797	0.9759321611173464	0.8261628631999002	0.02593839630876671	0.1497692979174462
275	20260802	0.9512408030926549	0.9760568649457539	0.8271604938271605	0.024816061853099036	0.14889637111859344
275	20260803	0.9506796358648211	0.9748098266616785	0.822733507918693	0.02413019079685741	0.15207631874298544
275	20260804	0.9481232073824666	0.9749968824042898	0.8194288564658936	0.02687367502182325	0.15556802593839625
275	20260805	0.9513655069210625	0.9739368998628257	0.8188053373238559	0.022571392941763246	0.15513156253896987
276	20260801	0.8583364509290435	0.9759321611173464	0.8261628631999002	0.11759571018830284	0.1497692979174462
276	20260802	0.8562164858461154	0.9760568649457539	0.8271604938271605	0.11984037909963852	0.14889637111859344
276	20260803	0.8504177578251653	0.9748098266616785	0.822733507918693	0.12439206883651321	0.15207631874298544
276	20260804	0.8421873051502681	0.9749968824042898	0.8194288564658936	0.13280957725402176	0.15556802593839625
276	20260805	0.8462401795735128	0.9739368998628257	0.8188053373238559	0.1276967202893129	0.15513156253896987
277	20260801	0.9208754208754208	0.9759321611173464	0.8261628631999002	0.05505674024192553	0.1497692979174462
277	20260802	0.9175084175084175	0.9760568649457539	0.8271604938271605	0.05854844743733645	0.14889637111859344
277	20260803	0.9156378600823045	0.9748098266616785	0.822733507918693	0.05917196657937396	0.15207631874298544
277	20260804	0.9152013966828783	0.9749968824042898	0.8194288564658936	0.05979548572141158	0.15556802593839625
277	20260805	0.9210001247038283	0.9739368998628257	0.8188053373238559	0.05293677515899742	0.15513156253896987
278	20260801	0.9448809078438708	0.9759321611173464	0.8261628631999002	0.031051253273475576	0.1497692979174462
278	20260802	0.9470632248410027	0.9760568649457539	0.8271604938271605	0.02899364010475125	0.14889637111859344
278	20260803	0.9489961341813193	0.9748098266616785	0.822733507918693	0.02581369248035914	0.15207631874298544
278	20260804	0.9421374236189051	0.9749968824042898	0.8194288564658936	0.032859458785384765	0.15556802593839625
278	20260805	0.942947998503554	0.9739368998628257	0.8188053373238559	0.03098890135927168	0.15513156253896987
279	20260801	0.9337822671156004	0.9759321611173464	0.8261628631999002	0.04214989400174596	0.1497692979174462
279	20260802	0.9337822671156004	0.9760568649457539	0.8271604938271605	0.042274597830153526	0.14889637111859344
279	20260803	0.9337822671156004	0.9748098266616785	0.822733507918693	0.04102755954607806	0.15207631874298544
279	20260804	0.92748472378102	0.9749968824042898	0.8194288564658936	0.04751215862326985	0.15556802593839625
279	20260805	0.9329716922309514	0.9739368998628257	0.8188053373238559	0.04096520763187428	0.15513156253896987
280	20260801	0.888327721661055	0.9759321611173464	0.8261628631999002	0.08760443945629137	0.1497692979174462
280	20260802	0.8900735752587604	0.9760568649457539	0.8271604938271605	0.08598328968699354	0.14889637111859344
280	20260803	0.8898241676019454	0.9748098266616785	0.822733507918693	0.0849856590597331	0.15207631874298544
280	20260804	0.8807831400423992	0.9749968824042898	0.8194288564658936	0.09421374236189062	0.15556802593839625
280	20260805	0.882965457039531	0.9739368998628257	0.8188053373238559	0.09097144282329472	0.15513156253896987
281	20260801	0.9478114478114479	0.9759321611173464	0.8261628631999002	0.028120713305898493	0.1497692979174462
281	20260802	0.953111360518768	0.9760568649457539	0.8271604938271605	0.022945504426985952	0.14889637111859344
281	20260803	0.9516149145778775	0.9748098266616785	0.822733507918693	0.023194912083800978	0.15207631874298544
281	20260804	0.9470008729267989	0.9749968824042898	0.8194288564658936	0.027996009477490924	0.15556802593839625
281	20260805	0.9483102631250779	0.9739368998628257	0.8188053373238559	0.025626636737747788	0.15513156253896987
282	20260801	0.9749968824042898	0.9759321611173464	0.8261628631999002	0.0009352787130565421	0.1497692979174462
282	20260802	0.9766803840877916	0.9760568649457539	0.8271604938271605	-0.0006235191420376207	0.14889637111859344
282	20260803	0.973625140291807	0.9748098266616785	0.822733507918693	0.0011846863698714571	0.15207631874298544
282	20260804	0.9740616036912333	0.9749968824042898	0.8194288564658936	0.0009352787130565421	0.15556802593839625
282	20260805	0.9702581369248036	0.9739368998628257	0.8188053373238559	0.003678762938022162	0.15513156253896987
283	20260801	0.9555430851727148	0.9759321611173464	0.8261628631999002	0.020389075944631574	0.1497692979174462
283	20260802	0.9567901234567902	0.9760568649457539	0.8271604938271605	0.01926674148896379	0.14889637111859344
283	20260803	0.9556054370869185	0.9748098266616785	0.822733507918693	0.019204389574760006	0.15207631874298544
283	20260804	0.9544831026312508	0.9749968824042898	0.8194288564658936	0.02051377977303903	0.15556802593839625
283	20260805	0.9579748098266616	0.9739368998628257	0.8188053373238559	0.01596209003616411	0.15513156253896987
284	20260801	0.8539094650205762	0.9759321611173464	0.8261628631999002	0.12202269609677019	0.1497692979174462
284	20260802	0.8540341688489836	0.9760568649457539	0.8271604938271605	0.1220226960967703	0.14889637111859344
284	20260803	0.8519142037660555	0.9748098266616785	0.822733507918693	0.12289562289562295	0.15207631874298544
284	20260804	0.8473001621149769	0.9749968824042898	0.8194288564658936	0.1276967202893129	0.15556802593839625
284	20260805	0.852038907594463	0.9739368998628257	0.8188053373238559	0.12189799226836273	0.15513156253896987
285	20260801	0.7978550941513904	0.9759321611173464	0.8261628631999002	0.17807706696595593	0.1497692979174462
285	20260802	0.8014715051752089	0.9760568649457539	0.8271604938271605	0.174585359770545	0.14889637111859344
285	20260803	0.790248160618531	0.9748098266616785	0.822733507918693	0.1845616660431475	0.15207631874298544
285	20260804	0.7853847113106373	0.9749968824042898	0.8194288564658936	0.18961217109365258	0.15556802593839625
285	20260805	0.7823294675146527	0.9739368998628257	0.8188053373238559	0.191607432348173	0.15513156253896987
286	20260801	0.9004239930165856	0.9759321611173464	0.8261628631999002	0.07550816810076078	0.1497692979174462
286	20260802	0.900299289188178	0.9760568649457539	0.8271604938271605	0.07575757575757591	0.14889637111859344
286	20260803	0.8998004738745479	0.9748098266616785	0.822733507918693	0.07500935278713061	0.15207631874298544
286	20260804	0.8924429479985035	0.9749968824042898	0.8194288564658936	0.08255393440578629	0.15556802593839625
286	20260805	0.8948123207382466	0.9739368998628257	0.8188053373238559	0.07912457912457915	0.15513156253896987
287	20260801	0.9487467265245043	0.9759321611173464	0.8261628631999002	0.02718543459284206	0.1497692979174462
287	20260802	0.9519890260631001	0.9760568649457539	0.8271604938271605	0.024067838882653847	0.14889637111859344
287	20260803	0.9504302282080059	0.9748098266616785	0.822733507918693	0.024379598453672546	0.15207631874298544
287	20260804	0.9484349669534854	0.9749968824042898	0.8194288564658936	0.02656191545080444	0.15556802593839625
287	20260805	0.9508666916074324	0.9739368998628257	0.8188053373238559	0.0230702082553933	0.15513156253896987
288	20260801	0.820114727522135	0.9759321611173464	0.8261628631999002	0.15581743359521139	0.1497692979174462
288	20260802	0.8208629504925802	0.9760568649457539	0.8271604938271605	0.15519391445317376	0.14889637111859344
288	20260803	0.8188053373238557	0.9748098266616785	0.822733507918693	0.15600448933782274	0.15207631874298544
288	20260804	0.8024067838882654	0.9749968824042898	0.8194288564658936	0.17259009851602447	0.15556802593839625
288	20260805	0.807831400423993	0.9739368998628257	0.8188053373238559	0.16610549943883268	0.15513156253896987
289	20260801	0.8415014340940267	0.9759321611173464	0.8261628631999002	0.1344307270233197	0.1497692979174462
289	20260802	0.8424367128070831	0.9760568649457539	0.8271604938271605	0.13362015213867084	0.14889637111859344
289	20260803	0.8402543958099513	0.9748098266616785	0.822733507918693	0.13455543085172716	0.15207631874298544
289	20260804	0.8307145529367752	0.9749968824042898	0.8194288564658936	0.14428232946751463	0.15556802593839625
289	20260805	0.8378850230702083	0.9739368998628257	0.8188053373238559	0.13605187679261743	0.15513156253896987
290	20260801	0.8426237685496946	0.9759321611173464	0.8261628631999002	0.1333083925676518	0.1497692979174462
290	20260802	0.8442449183189924	0.9760568649457539	0.8271604938271605	0.13181194662676154	0.14889637111859344
290	20260803	0.8345803716174086	0.9748098266616785	0.822733507918693	0.14022945504426987	0.15207631874298544
290	20260804	0.829405162738496	0.9749968824042898	0.8194288564658936	0.14559171966579387	0.15556802593839625
290	20260805	0.8342062601321861	0.9739368998628257	0.8188053373238559	0.1397306397306396	0.15513156253896987
291	20260801	0.7704202519017334	0.9759321611173464	0.8261628631999002	0.20551190921561302	0.1497692979174462
291	20260802	0.7700461404165108	0.9760568649457539	0.8271604938271605	0.20601072452924318	0.14889637111859344
291	20260803	0.7615039281705949	0.9748098266616785	0.822733507918693	0.2133058984910836	0.15207631874298544
291	20260804	0.7562040154632748	0.9749968824042898	0.8194288564658936	0.21879286694101507	0.15556802593839625
291	20260805	0.7537722908093278	0.9739368998628257	0.8188053373238559	0.22016460905349788	0.15513156253896987
292	20260801	0.9462526499563536	0.9759321611173464	0.8261628631999002	0.029679511160992766	0.1497692979174462
292	20260802	0.939768050879162	0.9760568649457539	0.8271604938271605	0.0362888140665919	0.14889637111859344
292	20260803	0.942698590846739	0.9748098266616785	0.822733507918693	0.032111235814939465	0.15207631874298544
292	20260804	0.9413268487342562	0.9749968824042898	0.8194288564658936	0.03367003367003363	0.15556802593839625
292	20260805	0.9422621274473126	0.9739368998628257	0.8188053373238559	0.031674772415513086	0.15513156253896987
293	20260801	0.8629504925801221	0.9759321611173464	0.8261628631999002	0.11298166853722424	0.1497692979174462
293	20260802	0.8650704576630502	0.9760568649457539	0.8271604938271605	0.1109864072827037	0.14889637111859344
293	20260803	0.861952861952862	0.9748098266616785	0.822733507918693	0.11285696470881645	0.15207631874298544
293	20260804	0.850480109739369	0.9749968824042898	0.8194288564658936	0.12451677266492078	0.15556802593839625
293	20260805	0.8575882279585983	0.9739368998628257	0.8188053373238559	0.11634867190422737	0.15513156253896987
294	20260801	0.8376979673275969	0.9759321611173464	0.8261628631999002	0.13823419378974944	0.1497692979174462
294	20260802	0.8367003367003367	0.9760568649457539	0.8271604938271605	0.13935652824541722	0.14889637111859344
294	20260803	0.8371991520139668	0.9748098266616785	0.822733507918693	0.1376106746477117	0.15207631874298544
294	20260804	0.8205511909215613	0.9749968824042898	0.8194288564658936	0.15444569148272858	0.15556802593839625
294	20260805	0.8305274971941639	0.9739368998628257	0.8188053373238559	0.14340940266866187	0.15513156253896987
295	20260801	0.807831400423993	0.9759321611173464	0.8261628631999002	0.16810076069335333	0.1497692979174462
295	20260802	0.8059608429978801	0.9760568649457539	0.8271604938271605	0.17009602194787388	0.14889637111859344
295	20260803	0.8022197281456541	0.9748098266616785	0.822733507918693	0.17259009851602436	0.15207631874298544
295	20260804	0.7943633869559795	0.9749968824042898	0.8194288564658936	0.1806334954483103	0.15556802593839625
295	20260805	0.7934904601571269	0.9739368998628257	0.8188053373238559	0.18044643970569885	0.15513156253896987
296	20260801	0.9019827908716798	0.9759321611173464	0.8261628631999002	0.07394937024566661	0.1497692979174462
296	20260802	0.9008604564160119	0.9760568649457539	0.8271604938271605	0.07519640852974208	0.14889637111859344
296	20260803	0.898740491333084	0.9748098266616785	0.822733507918693	0.0760693353285945	0.15207631874298544
296	20260804	0.8949370245666541	0.9749968824042898	0.8194288564658936	0.0800598578376357	0.15556802593839625
296	20260805	0.9001122334455667	0.9739368998628257	0.8188053373238559	0.07382466641725904	0.15513156253896987
297	20260801	0.7959221848110736	0.9759321611173464	0.8261628631999002	0.1800099763062728	0.1497692979174462
297	20260802	0.7941763312133683	0.9760568649457539	0.8271604938271605	0.18188053373238566	0.14889637111859344
297	20260803	0.7829529866566904	0.9748098266616785	0.822733507918693	0.19185684000498804	0.15207631874298544
297	20260804	0.7820177079436338	0.9749968824042898	0.8194288564658936	0.19297917446065604	0.15556802593839625
297	20260805	0.7806459658311511	0.9739368998628257	0.8188053373238559	0.19329093403167463	0.15513156253896987
298	20260801	0.7721661054994388	0.9759321611173464	0.8261628631999002	0.20376605561790762	0.1497692979174462
298	20260802	0.778276593091408	0.9760568649457539	0.8271604938271605	0.197780271854346	0.14889637111859344
298	20260803	0.7609427609427609	0.9748098266616785	0.822733507918693	0.21386706571891756	0.15207631874298544
298	20260804	0.760631001371742	0.9749968824042898	0.8194288564658936	0.21436588103254783	0.15556802593839625
298	20260805	0.7628756702830777	0.9739368998628257	0.8188053373238559	0.21106122957974804	0.15513156253896987
299	20260801	0.8635116598079562	0.9759321611173464	0.8261628631999002	0.11242050130939019	0.1497692979174462
299	20260802	0.8599576006983415	0.9760568649457539	0.8271604938271605	0.11609926424741246	0.14889637111859344
299	20260803	0.8623269734380845	0.9748098266616785	0.822733507918693	0.11248285322359397	0.15207631874298544
299	20260804	0.8474872178575882	0.9749968824042898	0.8194288564658936	0.12750966454670165	0.15556802593839625
299	20260805	0.8536600573637612	0.9739368998628257	0.8188053373238559	0.12027684249906456	0.15513156253896987
300	20260801	0.8151889263000374	0.9759321611173464	0.8261628631999002	0.160743234817309	0.1497692979174462
300	20260802	0.8090784387080683	0.9760568649457539	0.8271604938271605	0.16697842623768566	0.14889637111859344
300	20260803	0.8093901982790871	0.9748098266616785	0.822733507918693	0.1654196283825914	0.15207631874298544
300	20260804	0.7999127073201147	0.9749968824042898	0.8194288564658936	0.17508417508417518	0.15556802593839625
300	20260805	0.8049008604564161	0.9739368998628257	0.8188053373238559	0.16903603940640965	0.15513156253896987
301	20260801	0.8781643596458412	0.9759321611173464	0.8261628631999002	0.09776780147150521	0.1497692979174462
301	20260802	0.8766055617907471	0.9760568649457539	0.8271604938271605	0.09945130315500683	0.14889637111859344
301	20260803	0.8773537847611922	0.9748098266616785	0.822733507918693	0.09745604190048629	0.15207631874298544
301	20260804	0.8680633495448311	0.9749968824042898	0.8194288564658936	0.10693353285945872	0.15556802593839625
301	20260805	0.8706197780271854	0.9739368998628257	0.8188053373238559	0.10331712183564035	0.15513156253896987
302	20260801	0.9657687991021324	0.9759321611173464	0.8261628631999002	0.01016336201521395	0.1497692979174462
302	20260802	0.9651452799600948	0.9760568649457539	0.8271604938271605	0.01091158498565914	0.14889637111859344
302	20260803	0.9660805586731511	0.9748098266616785	0.822733507918693	0.008729267988527356	0.15207631874298544
302	20260804	0.9657687991021324	0.9749968824042898	0.8194288564658936	0.009228083302157408	0.15556802593839625
302	20260805	0.9662676144157626	0.9739368998628257	0.8188053373238559	0.007669285447063134	0.15513156253896987
303	20260801	0.9718792866941015	0.9759321611173464	0.8261628631999002	0.004052874423244868	0.1497692979174462
303	20260802	0.9731263249781769	0.9760568649457539	0.8271604938271605	0.002930539967577084	0.14889637111859344
303	20260803	0.9698216735253773	0.9748098266616785	0.822733507918693	0.004988153136301188	0.15207631874298544
303	20260804	0.9718169347798977	0.9749968824042898	0.8194288564658936	0.00317994762439211	0.15556802593839625
303	20260805	0.9730016211497693	0.9739368998628257	0.8188053373238559	0.0009352787130564311	0.15513156253896987
304	20260801	0.9032298291557551	0.9759321611173464	0.8261628631999002	0.07270233196159126	0.1497692979174462
304	20260802	0.8984910836762688	0.9760568649457539	0.8271604938271605	0.0775657812694851	0.14889637111859344
304	20260803	0.9025439580995136	0.9748098266616785	0.822733507918693	0.07226586856216488	0.15207631874298544
304	20260804	0.8945005611672279	0.9749968824042898	0.8194288564658936	0.08049632123706196	0.15556802593839625
304	20260805	0.8972440453921936	0.9739368998628257	0.8188053373238559	0.07669285447063212	0.15513156253896987
305	20260801	0.8721785758822795	0.9759321611173464	0.8261628631999002	0.10375358523506684	0.1497692979174462
305	20260802	0.8682504052874424	0.9760568649457539	0.8271604938271605	0.10780645965831159	0.14889637111859344
305	20260803	0.8726773911959097	0.9748098266616785	0.822733507918693	0.10213243546576878	0.15207631874298544
305	20260804	0.8631999002369372	0.9749968824042898	0.8194288564658936	0.11179698216735268	0.15556802593839625
305	20260805	0.8635116598079562	0.9739368998628257	0.8188053373238559	0.11042524005486953	0.15513156253896987
306	20260801	0.9401421623643846	0.9759321611173464	0.8261628631999002	0.03578999875296174	0.1497692979174462
306	20260802	0.9430103504177578	0.9760568649457539	0.8271604938271605	0.03304651452799612	0.14889637111859344
306	20260803	0.9415762563910711	0.9748098266616785	0.822733507918693	0.03323357027060736	0.15207631874298544
306	20260804	0.9377727896246415	0.9749968824042898	0.8194288564658936	0.03722409277964833	0.15556802593839625
306	20260805	0.9421997755331089	0.9739368998628257	0.8188053373238559	0.03173712432971687	0.15513156253896987
307	20260801	0.9254271106122958	0.9759321611173464	0.8261628631999002	0.05050505050505061	0.1497692979174462
307	20260802	0.929105873550318	0.9760568649457539	0.8271604938271605	0.046950991395435904	0.14889637111859344
307	20260803	0.9272976680384089	0.9748098266616785	0.822733507918693	0.04751215862326963	0.15207631874298544
307	20260804	0.923244793615164	0.9749968824042898	0.8194288564658936	0.05175208878912585	0.15556802593839625
307	20260805	0.9265494450679637	0.9739368998628257	0.8188053373238559	0.04738745479486206	0.15513156253896987
308	20260801	0.9302282080059858	0.9759321611173464	0.8261628631999002	0.04570395311136055	0.1497692979174462
308	20260802	0.9269859084673899	0.9760568649457539	0.8271604938271605	0.049070956478364014	0.14889637111859344
308	20260803	0.9307270233196159	0.9748098266616785	0.822733507918693	0.044082803342062604	0.15207631874298544
308	20260804	0.9239930165856092	0.9749968824042898	0.8194288564658936	0.05100386581868066	0.15556802593839625
308	20260805	0.9258635740117221	0.9739368998628257	0.8188053373238559	0.04807332585110358	0.15513156253896987
309	20260801	0.896059359022322	0.9759321611173464	0.8261628631999002	0.07987280209502434	0.1497692979174462
309	20260802	0.8936276343683751	0.9760568649457539	0.8271604938271605	0.08242923057737883	0.14889637111859344
309	20260803	0.8969946377353785	0.9748098266616785	0.822733507918693	0.07781518892630002	0.15207631874298544
309	20260804	0.8871430352911833	0.9749968824042898	0.8194288564658936	0.08785384711310651	0.15556802593839625
309	20260805	0.893128819054745	0.9739368998628257	0.8188053373238559	0.08080808080808077	0.15513156253896987
310	20260801	0.8375109115849857	0.9759321611173464	0.8261628631999002	0.13842124953236068	0.1497692979174462
310	20260802	0.8402543958099514	0.9760568649457539	0.8271604938271605	0.13580246913580252	0.14889637111859344
310	20260803	0.8337697967327596	0.9748098266616785	0.822733507918693	0.14104002992891884	0.15207631874298544
310	20260804	0.8247287691732136	0.9749968824042898	0.8194288564658936	0.15026811323107625	0.15556802593839625
310	20260805	0.8300286818805338	0.9739368998628257	0.8188053373238559	0.14390821798229192	0.15513156253896987
311	20260801	0.7648085796233944	0.9759321611173464	0.8261628631999002	0.21112358149395194	0.1497692979174462
311	20260802	0.7589474996882404	0.9760568649457539	0.8271604938271605	0.21710936525751356	0.14889637111859344
311	20260803	0.7586980920314254	0.9748098266616785	0.822733507918693	0.21611173463025313	0.15207631874298544
311	20260804	0.7467265245043023	0.9749968824042898	0.8194288564658936	0.2282703578999875	0.15556802593839625
311	20260805	0.7455418381344308	0.9739368998628257	0.8188053373238559	0.22839506172839497	0.15513156253896987
312	20260801	0.7797106871180945	0.9759321611173464	0.8261628631999002	0.19622147399925183	0.1497692979174462
312	20260802	0.7704202519017334	0.9760568649457539	0.8271604938271605	0.2056366130440206	0.14889637111859344
312	20260803	0.7697967327596957	0.9748098266616785	0.822733507918693	0.20501309390198275	0.15207631874298544
312	20260804	0.7507793989275471	0.9749968824042898	0.8194288564658936	0.22421748347674275	0.15556802593839625
312	20260805	0.7568898865195162	0.9739368998628257	0.8188053373238559	0.21704701334330956	0.15513156253896987
313	20260801	0.8898865195161492	0.9759321611173464	0.8261628631999002	0.08604564160119721	0.1497692979174462
313	20260802	0.8880783140042399	0.9760568649457539	0.8271604938271605	0.08797855094151408	0.14889637111859344
313	20260803	0.8873924429479985	0.9748098266616785	0.822733507918693	0.08741738371368002	0.15207631874298544
313	20260804	0.8814690110986407	0.9749968824042898	0.8194288564658936	0.0935278713056491	0.15556802593839625
313	20260805	0.8878289063474248	0.9739368998628257	0.8188053373238559	0.08610799351540088	0.15513156253896987
314	20260801	0.9269859084673899	0.9759321611173464	0.8261628631999002	0.048946252649956445	0.1497692979174462
314	20260802	0.9281705948372616	0.9760568649457539	0.8271604938271605	0.047886270108492335	0.14889637111859344
314	20260803	0.9279835390946503	0.9748098266616785	0.822733507918693	0.046826287567028224	0.15207631874298544
314	20260804	0.9217483476742736	0.9749968824042898	0.8194288564658936	0.05324853473001623	0.15556802593839625
314	20260805	0.9264870931537599	0.9739368998628257	0.8188053373238559	0.047449806709065845	0.15513156253896987
315	20260801	0.8628881406659185	0.9759321611173464	0.8261628631999002	0.11304402045142792	0.1497692979174462
315	20260802	0.8573388203017832	0.9760568649457539	0.8271604938271605	0.11871804464397073	0.14889637111859344
315	20260803	0.8530365382217234	0.9748098266616785	0.822733507918693	0.12177328843995505	0.15207631874298544
315	20260804	0.8470507544581618	0.9749968824042898	0.8194288564658936	0.12794612794612803	0.15556802593839625
315	20260805	0.851290684624018	0.9739368998628257	0.8188053373238559	0.1226462152388077	0.15513156253896987
316	20260801	0.872864446938521	0.9759321611173464	0.8261628631999002	0.10306771417882532	0.1497692979174462
316	20260802	0.8661304402045142	0.9760568649457539	0.8271604938271605	0.1099264247412397	0.14889637111859344
316	20260803	0.8644469385210125	0.9748098266616785	0.822733507918693	0.11036288814066597	0.15207631874298544
316	20260804	0.8597705449557301	0.9749968824042898	0.8194288564658936	0.1152263374485597	0.15556802593839625
316	20260805	0.8597081930415263	0.9739368998628257	0.8188053373238559	0.11422870682129938	0.15513156253896987
317	20260801	0.7837012096271355	0.9759321611173464	0.8261628631999002	0.19223095149021086	0.1497692979174462
317	20260802	0.7788377603192418	0.9760568649457539	0.8271604938271605	0.19721910462651215	0.14889637111859344
317	20260803	0.7745354782391819	0.9748098266616785	0.822733507918693	0.20027434842249658	0.15207631874298544
317	20260804	0.76705324853473	0.9749968824042898	0.8194288564658936	0.20794363386955983	0.15556802593839625
317	20260805	0.7652450430228208	0.9739368998628257	0.8188053373238559	0.2086918568400049	0.15513156253896987
318	20260801	0.8530988901359271	0.9759321611173464	0.8261628631999002	0.12283327098141927	0.1497692979174462
318	20260802	0.8514153884524256	0.9760568649457539	0.8271604938271605	0.12464147649332835	0.14889637111859344
318	20260803	0.849420127197905	0.9748098266616785	0.822733507918693	0.12538969946377343	0.15207631874298544
318	20260804	0.8483601446564409	0.9749968824042898	0.8194288564658936	0.1266367377478489	0.15556802593839625
318	20260805	0.8506671654819803	0.9739368998628257	0.8188053373238559	0.12326973438084543	0.15513156253896987
319	20260801	0.8279710687118095	0.9759321611173464	0.8261628631999002	0.1479610924055369	0.1497692979174462
319	20260802	0.822484100261878	0.9760568649457539	0.8271604938271605	0.15357276468387593	0.14889637111859344
319	20260803	0.8203017832647462	0.9748098266616785	0.822733507918693	0.15450804339693225	0.15207631874298544
319	20260804	0.8088290310512533	0.9749968824042898	0.8194288564658936	0.16616785135303658	0.15556802593839625
319	20260805	0.8109489961341814	0.9739368998628257	0.8188053373238559	0.16298790372864436	0.15513156253896987
320	20260801	0.9548572141164733	0.9759321611173464	0.8261628631999002	0.02107494700087309	0.1497692979174462
320	20260802	0.9533607681755829	0.9760568649457539	0.8271604938271605	0.022696096770171037	0.14889637111859344
320	20260803	0.9549195660306771	0.9748098266616785	0.822733507918693	0.01989026063100141	0.15207631874298544
320	20260804	0.9535478239181944	0.9749968824042898	0.8194288564658936	0.021449058486095463	0.15556802593839625
320	20260805	0.9541089911460281	0.9739368998628257	0.8188053373238559	0.019827908716797626	0.15513156253896987
321	20260801	0.8159995011846863	0.9759321611173464	0.8261628631999002	0.15993265993266004	0.1497692979174462
321	20260802	0.8095772540216986	0.9760568649457539	0.8271604938271605	0.1664796109240554	0.14889637111859344
321	20260803	0.8106995884773662	0.9748098266616785	0.822733507918693	0.16411023818431225	0.15207631874298544
321	20260804	0.8011597456041901	0.9749968824042898	0.8194288564658936	0.1738371368000997	0.15556802593839625
321	20260805	0.8072702331961591	0.9739368998628257	0.8188053373238559	0.16666666666666663	0.15513156253896987
322	20260801	0.8523506671654819	0.9759321611173464	0.8261628631999002	0.12358149395186446	0.1497692979174462
322	20260802	0.8461778276593092	0.9760568649457539	0.8271604938271605	0.1298790372864448	0.14889637111859344
322	20260803	0.8500436463399427	0.9748098266616785	0.822733507918693	0.12476618032173581	0.15207631874298544
322	20260804	0.8403167477241551	0.9749968824042898	0.8194288564658936	0.13468013468013473	0.15556802593839625
322	20260805	0.8369497443571517	0.9739368998628257	0.8188053373238559	0.13698715550567397	0.15513156253896987
323	20260801	0.8328968699339069	0.9759321611173464	0.8261628631999002	0.1430352911834395	0.1497692979174462
323	20260802	0.8282828282828283	0.9760568649457539	0.8271604938271605	0.14777403666292566	0.14889637111859344
323	20260803	0.8269110861703453	0.9748098266616785	0.822733507918693	0.14789874049133322	0.15207631874298544
323	20260804	0.8224217483476742	0.9749968824042898	0.8194288564658936	0.1525751340566156	0.15556802593839625
323	20260805	0.8252275844868437	0.9739368998628257	0.8188053373238559	0.14870931537598198	0.15513156253896987
324	20260801	0.7881905474498067	0.9759321611173464	0.8261628631999002	0.18774161366753972	0.1497692979174462
324	20260802	0.7866941015089163	0.9760568649457539	0.8271604938271605	0.18936276343683767	0.14889637111859344
324	20260803	0.779585983289687	0.9748098266616785	0.822733507918693	0.1952238433719915	0.15207631874298544
324	20260804	0.7801471505175208	0.9749968824042898	0.8194288564658936	0.19484973188676902	0.15556802593839625
324	20260805	0.7796483352038908	0.9739368998628257	0.8188053373238559	0.19428856465893496	0.15513156253896987
325	20260801	0.853660057363761	0.9759321611173464	0.8261628631999002	0.12227210375358533	0.1497692979174462
325	20260802	0.8466766429729393	0.9760568649457539	0.8271604938271605	0.12938022197281462	0.14889637111859344
325	20260803	0.8523506671654819	0.9748098266616785	0.822733507918693	0.12245915949619657	0.15207631874298544
325	20260804	0.8386955979548572	0.9749968824042898	0.8194288564658936	0.13630128444943268	0.15556802593839625
325	20260805	0.8449931412894375	0.9739368998628257	0.8188053373238559	0.12894375857338825	0.15513156253896987
326	20260801	0.773724903354533	0.9759321611173464	0.8261628631999002	0.20220725776281334	0.1497692979174462
326	20260802	0.7717296421000125	0.9760568649457539	0.8271604938271605	0.20432722284574145	0.14889637111859344
326	20260803	0.7626886145404663	0.9748098266616785	0.822733507918693	0.21212121212121215	0.15207631874298544
326	20260804	0.765182691108617	0.9749968824042898	0.8194288564658936	0.2098141912956728	0.15556802593839625
326	20260805	0.7682379349046016	0.9739368998628257	0.8188053373238559	0.20569896495822415	0.15513156253896987
327	20260801	0.8394438209253023	0.9759321611173464	0.8261628631999002	0.13648834019204403	0.1497692979174462
327	20260802	0.8370120962713554	0.9760568649457539	0.8271604938271605	0.13904476867439852	0.14889637111859344
327	20260803	0.8355780022446689	0.9748098266616785	0.822733507918693	0.13923182441700954	0.15207631874298544
327	20260804	0.82516523257264	0.9749968824042898	0.8194288564658936	0.14983164983164987	0.15556802593839625
327	20260805	0.8346427235316125	0.9739368998628257	0.8188053373238559	0.13929417633121322	0.15513156253896987
328	20260801	0.9430727023319616	0.9759321611173464	0.8261628631999002	0.032859458785384765	0.1497692979174462
328	20260802	0.9415139044768674	0.9760568649457539	0.8271604938271605	0.0345429604688865	0.14889637111859344
328	20260803	0.9439456291308144	0.9748098266616785	0.822733507918693	0.030864197530864113	0.15207631874298544
328	20260804	0.9397680508791619	0.9749968824042898	0.8194288564658936	0.0352288315251279	0.15556802593839625
328	20260805	0.9436338695597954	0.9739368998628257	0.8188053373238559	0.030303030303030276	0.15513156253896987
329	20260801	0.841688489836638	0.9759321611173464	0.8261628631999002	0.13424367128070835	0.1497692979174462
329	20260802	0.8388826536974685	0.9760568649457539	0.8271604938271605	0.13717421124828544	0.14889637111859344
329	20260803	0.8388826536974685	0.9748098266616785	0.822733507918693	0.13592717296420997	0.15207631874298544
329	20260804	0.8309639605935901	0.9749968824042898	0.8194288564658936	0.1440329218106997	0.15556802593839625
329	20260805	0.8317745354782392	0.9739368998628257	0.8188053373238559	0.14216236438458651	0.15513156253896987
330	20260801	0.8314004239930166	0.9759321611173464	0.8261628631999002	0.14453173712432976	0.1497692979174462
330	20260802	0.8229829155755082	0.9760568649457539	0.8271604938271605	0.15307394937024577	0.14889637111859344
330	20260803	0.8229829155755082	0.9748098266616785	0.822733507918693	0.1518269110861703	0.15207631874298544
330	20260804	0.8071455293677516	0.9749968824042898	0.8194288564658936	0.1678513530365382	0.15556802593839625
330	20260805	0.8194288564658935	0.9739368998628257	0.8188053373238559	0.15450804339693225	0.15513156253896987
331	20260801	0.8545953360768176	0.9759321611173464	0.8261628631999002	0.12133682504052878	0.1497692979174462
331	20260802	0.8527247786507045	0.9760568649457539	0.8271604938271605	0.12333208629504944	0.14889637111859344
331	20260803	0.8504177578251652	0.9748098266616785	0.822733507918693	0.12439206883651333	0.15207631874298544
331	20260804	0.8462401795735129	0.9749968824042898	0.8194288564658936	0.1287567028307769	0.15556802593839625
331	20260805	0.8529741863075196	0.9739368998628257	0.8188053373238559	0.12096271355530608	0.15513156253896987
332	20260801	0.8428731762065096	0.9759321611173464	0.8261628631999002	0.1330589849108368	0.1497692979174462
332	20260802	0.8459907719166978	0.9760568649457539	0.8271604938271605	0.13006609302905614	0.14889637111859344
332	20260803	0.8381967826412271	0.9748098266616785	0.822733507918693	0.13661304402045138	0.15207631874298544
332	20260804	0.830215737623145	0.9749968824042898	0.8194288564658936	0.1447811447811448	0.15556802593839625
332	20260805	0.8373238558423743	0.9739368998628257	0.8188053373238559	0.13661304402045138	0.15513156253896987
333	20260801	0.8721162239680758	0.9759321611173464	0.8261628631999002	0.10381593714927062	0.1497692979174462
333	20260802	0.8730515026811323	0.9760568649457539	0.8271604938271605	0.10300536226462165	0.14889637111859344
333	20260803	0.8719915201396684	0.9748098266616785	0.822733507918693	0.10281830652201007	0.15207631874298544
333	20260804	0.864322234692605	0.9749968824042898	0.8194288564658936	0.11067464771168478	0.15556802593839625
333	20260805	0.8691856840004988	0.9739368998628257	0.8188053373238559	0.10475121586232694	0.15513156253896987
334	20260801	0.8105748846489588	0.9759321611173464	0.8261628631999002	0.1653572764683876	0.1497692979174462
334	20260802	0.8112607557052002	0.9760568649457539	0.8271604938271605	0.16479610924055377	0.14889637111859344
334	20260803	0.8028432472876917	0.9748098266616785	0.822733507918693	0.17196657937398674	0.15207631874298544
334	20260804	0.8024067838882654	0.9749968824042898	0.8194288564658936	0.17259009851602447	0.15556802593839625
334	20260805	0.8042773413143783	0.9739368998628257	0.8188053373238559	0.1696595585484474	0.15513156253896987
335	20260801	0.889637111859334	0.9759321611173464	0.8261628631999002	0.08629504925801235	0.1497692979174462
335	20260802	0.8907594463150019	0.9760568649457539	0.8271604938271605	0.08529741863075202	0.14889637111859344
335	20260803	0.8855842374360893	0.9748098266616785	0.822733507918693	0.08922558922558921	0.15207631874298544
335	20260804	0.879286694101509	0.9749968824042898	0.8194288564658936	0.09571018830278089	0.15556802593839625
335	20260805	0.8823419378974935	0.9739368998628257	0.8188053373238559	0.09159496196533223	0.15513156253896987
336	20260801	0.8759820426487094	0.9759321611173464	0.8261628631999002	0.099950118468637	0.1497692979174462
336	20260802	0.8708068337697967	0.9760568649457539	0.8271604938271605	0.10525003117595721	0.14889637111859344
336	20260803	0.8707444818555929	0.9748098266616785	0.822733507918693	0.10406534480608554	0.15207631874298544
336	20260804	0.8598328968699338	0.9749968824042898	0.8194288564658936	0.11516398553435603	0.15556802593839625
336	20260805	0.8607681755829903	0.9739368998628257	0.8188053373238559	0.11316872427983538	0.15513156253896987
337	20260801	0.793428108242923	0.9759321611173464	0.8261628631999002	0.1825040528744234	0.1497692979174462
337	20260802	0.7855094151390448	0.9760568649457539	0.8271604938271605	0.19054744980670912	0.14889637111859344
337	20260803	0.7941139792991645	0.9748098266616785	0.822733507918693	0.18069584736251398	0.15207631874298544
337	20260804	0.7876293802219728	0.9749968824042898	0.8194288564658936	0.18736750218231701	0.15556802593839625
337	20260805	0.7753460531238308	0.9739368998628257	0.8188053373238559	0.19859084673899496	0.15513156253896987
338	20260801	0.866192792118718	0.9759321611173464	0.8261628631999002	0.10973936899862835	0.1497692979174462
338	20260802	0.85447063224841	0.9760568649457539	0.8271604938271605	0.12158623269734392	0.14889637111859344
338	20260803	0.8605811198403791	0.9748098266616785	0.822733507918693	0.11422870682129938	0.15207631874298544
338	20260804	0.8502930539967577	0.9749968824042898	0.8194288564658936	0.12470382840753214	0.15556802593839625
338	20260805	0.8589599700710812	0.9739368998628257	0.8188053373238559	0.11497692979174456	0.15513156253896987
339	20260801	0.7930539967577004	0.9759321611173464	0.8261628631999002	0.182878164359646	0.1497692979174462
339	20260802	0.7904352163611423	0.9760568649457539	0.8271604938271605	0.1856216485846116	0.14889637111859344
339	20260803	0.7840753211123581	0.9748098266616785	0.822733507918693	0.19073450554932037	0.15207631874298544
339	20260804	0.7798977428607059	0.9749968824042898	0.8194288564658936	0.19509913954358393	0.15556802593839625
339	20260805	0.7779024816061852	0.9739368998628257	0.8188053373238559	0.19603441825664047	0.15513156253896987
340	20260801	0.9718792866941014	0.9759321611173464	0.8261628631999002	0.004052874423244979	0.1497692979174462
340	20260802	0.9697593216111734	0.9760568649457539	0.8271604938271605	0.0062975433345805465	0.14889637111859344
340	20260803	0.9718792866941015	0.9748098266616785	0.822733507918693	0.0029305399675769728	0.15207631874298544
340	20260804	0.9700087292679885	0.9749968824042898	0.8194288564658936	0.004988153136301299	0.15556802593839625
340	20260805	0.9700087292679884	0.9739368998628257	0.8188053373238559	0.003928170594837299	0.15513156253896987
341	20260801	0.815812445442075	0.9759321611173464	0.8261628631999002	0.1601197156752714	0.1497692979174462
341	20260802	0.8163112607557053	0.9760568649457539	0.8271604938271605	0.15974560419004868	0.14889637111859344
341	20260803	0.8100137174211248	0.9748098266616785	0.822733507918693	0.16479610924055366	0.15207631874298544
341	20260804	0.7972315750093528	0.9749968824042898	0.8194288564658936	0.177765307394937	0.15556802593839625
341	20260805	0.8037785260007483	0.9739368998628257	0.8188053373238559	0.17015837386207744	0.15513156253896987
342	20260801	0.7989150766928546	0.9759321611173464	0.8261628631999002	0.17701708442449182	0.1497692979174462
342	20260802	0.803529118343933	0.9760568649457539	0.8271604938271605	0.1725277466018209	0.14889637111859344
342	20260803	0.7916199027310138	0.9748098266616785	0.822733507918693	0.1831899239306647	0.15207631874298544
342	20260804	0.7911834393315875	0.9749968824042898	0.8194288564658936	0.1838134430727023	0.15556802593839625
342	20260805	0.79585983289687	0.9739368998628257	0.8188053373238559	0.1780770669659557	0.15513156253896987
343	20260801	0.8809701957850106	0.9759321611173464	0.8261628631999002	0.09496196533233581	0.1497692979174462
343	20260802	0.8778526000748222	0.9760568649457539	0.8271604938271605	0.0982042648709317	0.14889637111859344
343	20260803	0.8772914328469884	0.9748098266616785	0.822733507918693	0.09751839381469007	0.15207631874298544
343	20260804	0.8700586107993515	0.9749968824042898	0.8194288564658936	0.1049382716049383	0.15556802593839625
343	20260805	0.8733632622521512	0.9739368998628257	0.8188053373238559	0.1005736376106745	0.15513156253896987
344	20260801	0.7730390322982916	0.9759321611173464	0.8261628631999002	0.20289312881905475	0.1497692979174462
344	20260802	0.7762813318368874	0.9760568649457539	0.8271604938271605	0.19977553310886653	0.14889637111859344
344	20260803	0.7666791370495075	0.9748098266616785	0.822733507918693	0.20813068961217096	0.15207631874298544
344	20260804	0.7550193290934032	0.9749968824042898	0.8194288564658936	0.21997755331088664	0.15556802593839625
344	20260805	0.7563287192916822	0.9739368998628257	0.8188053373238559	0.2176081805711435	0.15513156253896987
345	20260801	0.9218106995884774	0.9759321611173464	0.8261628631999002	0.054121461528868986	0.1497692979174462
345	20260802	0.9166354907095647	0.9760568649457539	0.8271604938271605	0.059421374236189206	0.14889637111859344
345	20260803	0.9209377727896246	0.9748098266616785	0.822733507918693	0.05387205387205385	0.15207631874298544
345	20260804	0.9142037660556179	0.9749968824042898	0.8194288564658936	0.060793116348671905	0.15556802593839625
345	20260805	0.9180695847362514	0.9739368998628257	0.8188053373238559	0.05586731512657428	0.15513156253896987
346	20260801	0.8093901982790872	0.9759321611173464	0.8261628631999002	0.16654196283825917	0.1497692979174462
346	20260802	0.8033420626013219	0.9760568649457539	0.8271604938271605	0.17271480234443204	0.14889637111859344
346	20260803	0.799039780521262	0.9748098266616785	0.822733507918693	0.17577004614041647	0.15207631874298544
346	20260804	0.7830153385708942	0.9749968824042898	0.8194288564658936	0.1919815438333956	0.15556802593839625
346	20260805	0.786507045766305	0.9739368998628257	0.8188053373238559	0.1874298540965207	0.15513156253896987
347	20260801	0.9001122334455668	0.9759321611173464	0.8261628631999002	0.07581992767177959	0.1497692979174462
347	20260802	0.8988651951614914	0.9760568649457539	0.8271604938271605	0.0771916697842625	0.14889637111859344
347	20260803	0.8979922683626387	0.9748098266616785	0.822733507918693	0.0768175582990398	0.15207631874298544
347	20260804	0.8949370245666541	0.9749968824042898	0.8194288564658936	0.0800598578376357	0.15556802593839625
347	20260805	0.892068836513281	0.9739368998628257	0.8188053373238559	0.08186806334954477	0.15513156253896987
348	20260801	0.8617658062102507	0.9759321611173464	0.8261628631999002	0.1141663549070957	0.1497692979174462
348	20260802	0.8619528619528619	0.9760568649457539	0.8271604938271605	0.11410400299289203	0.14889637111859344
348	20260803	0.8557800224466892	0.9748098266616785	0.822733507918693	0.11902980421498932	0.15207631874298544
348	20260804	0.8485472003990522	0.9749968824042898	0.8194288564658936	0.12644968200523765	0.15556802593839625
348	20260805	0.8492954233694975	0.9739368998628257	0.8188053373238559	0.12464147649332824	0.15513156253896987
349	20260801	0.8635740117221598	0.9759321611173464	0.8261628631999002	0.11235814939518662	0.1497692979174462
349	20260802	0.864322234692605	0.9760568649457539	0.8271604938271605	0.11173463025314889	0.14889637111859344
349	20260803	0.8585235066716548	0.9748098266616785	0.822733507918693	0.1162863199900237	0.15207631874298544
349	20260804	0.8554059109614666	0.9749968824042898	0.8194288564658936	0.11959097144282327	0.15556802593839625
349	20260805	0.8564035415887268	0.9739368998628257	0.8188053373238559	0.11753335827409894	0.15513156253896987
350	20260801	0.7623145030552438	0.9759321611173464	0.8261628631999002	0.21361765806210253	0.1497692979174462
350	20260802	0.7639980047387455	0.9760568649457539	0.8271604938271605	0.21205886020700848	0.14889637111859344
350	20260803	0.7580745728893877	0.9748098266616785	0.822733507918693	0.21673525377229075	0.15207631874298544
350	20260804	0.7442324479361517	0.9749968824042898	0.8194288564658936	0.2307644344681381	0.15556802593839625
350	20260805	0.7536475869809203	0.9739368998628257	0.8188053373238559	0.22028931288190545	0.15513156253896987
351	20260801	0.8834642723531613	0.9759321611173464	0.8261628631999002	0.0924678887641851	0.1497692979174462
351	20260802	0.8752338196782642	0.9760568649457539	0.8271604938271605	0.10082304526748975	0.14889637111859344
351	20260803	0.8803466766429728	0.9748098266616785	0.822733507918693	0.09446315001870564	0.15207631874298544
351	20260804	0.8754208754208754	0.9749968824042898	0.8194288564658936	0.0995760069834144	0.15556802593839625
351	20260805	0.8741114852225963	0.9739368998628257	0.8188053373238559	0.09982541464022943	0.15513156253896987
352	20260801	0.8275346053123831	0.9759321611173464	0.8261628631999002	0.14839755580496328	0.1497692979174462
352	20260802	0.8298416261379225	0.9760568649457539	0.8271604938271605	0.1462152388078315	0.14889637111859344
352	20260803	0.826474622770919	0.9748098266616785	0.822733507918693	0.1483352038907595	0.15207631874298544
352	20260804	0.8159995011846863	0.9749968824042898	0.8194288564658936	0.1589973812196035	0.15556802593839625
352	20260805	0.8210500062351913	0.9739368998628257	0.8188053373238559	0.1528868936276344	0.15513156253896987
353	20260801	0.8516024441950367	0.9759321611173464	0.8261628631999002	0.12432971692230965	0.1497692979174462
353	20260802	0.8467389948871431	0.9760568649457539	0.8271604938271605	0.12931787005861084	0.14889637111859344
353	20260803	0.8490460157126823	0.9748098266616785	0.822733507918693	0.12576381094899614	0.15207631874298544
353	20260804	0.835827409901484	0.9749968824042898	0.8194288564658936	0.13916947250280587	0.15556802593839625
353	20260805	0.8436213991769548	0.9739368998628257	0.8188053373238559	0.13031550068587094	0.15513156253896987
354	20260801	0.8332086295049258	0.9759321611173464	0.8261628631999002	0.14272353161242057	0.1497692979174462
354	20260802	0.8305898491083676	0.9760568649457539	0.8271604938271605	0.1454670158373863	0.14889637111859344
354	20260803	0.8295922184811073	0.9748098266616785	0.822733507918693	0.14521760818057117	0.15207631874298544
354	20260804	0.8142536475869809	0.9749968824042898	0.8194288564658936	0.1607432348173089	0.15556802593839625
354	20260805	0.8190547449806709	0.9739368998628257	0.8188053373238559	0.15488215488215484	0.15513156253896987
355	20260801	0.886768923805961	0.9759321611173464	0.8261628631999002	0.08916323731138542	0.1497692979174462
355	20260802	0.8813443072702332	0.9760568649457539	0.8271604938271605	0.09471255767552078	0.14889637111859344
355	20260803	0.87847611921686	0.9748098266616785	0.822733507918693	0.0963337074448185	0.15207631874298544
355	20260804	0.877166729018581	0.9749968824042898	0.8194288564658936	0.09783015338570888	0.15556802593839625
355	20260805	0.876605561790747	0.9739368998628257	0.8188053373238559	0.09733133807207872	0.15513156253896987
356	20260801	0.8863948123207382	0.9759321611173464	0.8261628631999002	0.08953734879660813	0.1497692979174462
356	20260802	0.8821548821548822	0.9760568649457539	0.8271604938271605	0.0939019827908717	0.14889637111859344
356	20260803	0.8814690110986407	0.9748098266616785	0.822733507918693	0.09334081556303775	0.15207631874298544
356	20260804	0.877104377104377	0.9749968824042898	0.8194288564658936	0.09789250529991278	0.15556802593839625
356	20260805	0.8837136800099763	0.9739368998628257	0.8188053373238559	0.09022321985284942	0.15513156253896987
357	20260801	0.8493577752837012	0.9759321611173464	0.8261628631999002	0.12657438583364522	0.1497692979174462
357	20260802	0.8483601446564409	0.9760568649457539	0.8271604938271605	0.127696720289313	0.14889637111859344
357	20260803	0.8456790123456791	0.9748098266616785	0.822733507918693	0.12913081431599938	0.15207631874298544
357	20260804	0.8384461902980422	0.9749968824042898	0.8194288564658936	0.1365506921062476	0.15556802593839625
357	20260805	0.8446813817184188	0.9739368998628257	0.8188053373238559	0.12925551814440694	0.15513156253896987
358	20260801	0.7946127946127947	0.9759321611173464	0.8261628631999002	0.18131936650455172	0.1497692979174462
358	20260802	0.7935528120713304	0.9760568649457539	0.8271604938271605	0.1825040528744235	0.14889637111859344
358	20260803	0.7934281082429231	0.9748098266616785	0.822733507918693	0.1813817184187554	0.15207631874298544
358	20260804	0.7830153385708941	0.9749968824042898	0.8194288564658936	0.19198154383339572	0.15556802593839625
358	20260805	0.7838259134555431	0.9739368998628257	0.8188053373238559	0.19011098640728263	0.15513156253896987
359	20260801	0.7982292056366129	0.9759321611173464	0.8261628631999002	0.17770295548073345	0.1497692979174462
359	20260802	0.7907469759321611	0.9760568649457539	0.8271604938271605	0.1853098890135928	0.14889637111859344
359	20260803	0.7895622895622896	0.9748098266616785	0.822733507918693	0.1852475370993889	0.15207631874298544
359	20260804	0.7764060356652949	0.9749968824042898	0.8194288564658936	0.19859084673899496	0.15556802593839625
359	20260805	0.7812694849731887	0.9739368998628257	0.8188053373238559	0.192667414889637	0.15513156253896987
360	20260801	0.8393191170968949	0.9759321611173464	0.8261628631999002	0.1366130440204515	0.1497692979174462
360	20260802	0.8330839256765182	0.9760568649457539	0.8271604938271605	0.1429729392692357	0.14889637111859344
360	20260803	0.8325851103628881	0.9748098266616785	0.822733507918693	0.1422247162987904	0.15207631874298544
360	20260804	0.8264122708567153	0.9749968824042898	0.8194288564658936	0.14858461154757452	0.15556802593839625
360	20260805	0.8249781768300287	0.9739368998628257	0.8188053373238559	0.148958723032797	0.15513156253896987
361	20260801	0.8741738371368001	0.9759321611173464	0.8261628631999002	0.1017583239805463	0.1497692979174462
361	20260802	0.8649457538346428	0.9760568649457539	0.8271604938271605	0.11111111111111116	0.14889637111859344
361	20260803	0.8754208754208753	0.9748098266616785	0.822733507918693	0.09938895124080316	0.15207631874298544
361	20260804	0.8612046389824167	0.9749968824042898	0.8194288564658936	0.11379224342187311	0.15556802593839625
361	20260805	0.8651951614914578	0.9739368998628257	0.8188053373238559	0.10874173837136791	0.15513156253896987
362	20260801	0.9342187305150269	0.9759321611173464	0.8261628631999002	0.04171343060231947	0.1497692979174462
362	20260802	0.9319117096894876	0.9760568649457539	0.8271604938271605	0.04414515525626639	0.14889637111859344
362	20260803	0.9314128943758573	0.9748098266616785	0.822733507918693	0.0433969322858212	0.15207631874298544
362	20260804	0.9297293926923557	0.9749968824042898	0.8194288564658936	0.04526748971193417	0.15556802593839625
362	20260805	0.9324105250031176	0.9739368998628257	0.8188053373238559	0.041526374859708115	0.15513156253896987
363	20260801	0.875794986906098	0.9759321611173464	0.8261628631999002	0.10013717421124835	0.1497692979174462
363	20260802	0.8715550567402419	0.9760568649457539	0.8271604938271605	0.10450180820551203	0.14889637111859344
363	20260803	0.8713056490834269	0.9748098266616785	0.822733507918693	0.10350417757825159	0.15207631874298544
363	20260804	0.8637610674647712	0.9749968824042898	0.8194288564658936	0.11123581493951862	0.15556802593839625
363	20260805	0.8694350916573138	0.9739368998628257	0.8188053373238559	0.10450180820551191	0.15513156253896987
364	20260801	0.7931787005861081	0.9759321611173464	0.8261628631999002	0.1827534605312383	0.1497692979174462
364	20260802	0.7891258261628633	0.9760568649457539	0.8271604938271605	0.18693103878289064	0.14889637111859344
364	20260803	0.7917446065594212	0.9748098266616785	0.822733507918693	0.18306522010225723	0.15207631874298544
364	20260804	0.774784885895997	0.9749968824042898	0.8194288564658936	0.2002119965082928	0.15556802593839625
364	20260805	0.7804589100885397	0.9739368998628257	0.8188053373238559	0.19347798977428599	0.15513156253896987
365	20260801	0.900611048759197	0.9759321611173464	0.8261628631999002	0.07532111235814942	0.1497692979174462
365	20260802	0.8934405786257638	0.9760568649457539	0.8271604938271605	0.08261628631999018	0.14889637111859344
365	20260803	0.8967452300785634	0.9748098266616785	0.822733507918693	0.07806459658311504	0.15207631874298544
365	20260804	0.8921311884274847	0.9749968824042898	0.8194288564658936	0.0828656939768051	0.15556802593839625
365	20260805	0.8963087666791372	0.9739368998628257	0.8188053373238559	0.07762813318368855	0.15513156253896987
366	20260801	0.8070831774535479	0.9759321611173464	0.8261628631999002	0.16884898366379852	0.1497692979174462
366	20260802	0.8081431599950119	0.9760568649457539	0.8271604938271605	0.1679137049507421	0.14889637111859344
366	20260803	0.8014715051752089	0.9748098266616785	0.822733507918693	0.17333832148646955	0.15207631874298544
366	20260804	0.7919316623020327	0.9749968824042898	0.8194288564658936	0.18306522010225712	0.15556802593839625
366	20260805	0.7927422371866816	0.9739368998628257	0.8188053373238559	0.18119466267614415	0.15513156253896987
367	20260801	0.8730515026811323	0.9759321611173464	0.8261628631999002	0.10288065843621408	0.1497692979174462
367	20260802	0.8689986282578874	0.9760568649457539	0.8271604938271605	0.10705823668786651	0.14889637111859344
367	20260803	0.8696221473999252	0.9748098266616785	0.822733507918693	0.10518767926175332	0.15207631874298544
367	20260804	0.8601446564409527	0.9749968824042898	0.8194288564658936	0.1148522259633371	0.15556802593839625
367	20260805	0.8603940640977679	0.9739368998628257	0.8188053373238559	0.11354283576505786	0.15513156253896987
368	20260801	0.8484224965706446	0.9759321611173464	0.8261628631999002	0.12750966454670176	0.1497692979174462
368	20260802	0.843309639605936	0.9760568649457539	0.8271604938271605	0.13274722533981798	0.14889637111859344
368	20260803	0.8492330714552936	0.9748098266616785	0.822733507918693	0.1255767552063849	0.15207631874298544
368	20260804	0.840379099638359	0.9749968824042898	0.8194288564658936	0.13461778276593084	0.15556802593839625
368	20260805	0.8433096396059359	0.9739368998628257	0.8188053373238559	0.13062726025688987	0.15513156253896987
369	20260801	0.8546576879910213	0.9759321611173464	0.8261628631999002	0.12127447312632511	0.1497692979174462
369	20260802	0.8535977054495573	0.9760568649457539	0.8271604938271605	0.12245915949619668	0.14889637111859344
369	20260803	0.8487342561416635	0.9748098266616785	0.822733507918693	0.12607557052001495	0.15207631874298544
369	20260804	0.8416261379224341	0.9749968824042898	0.8194288564658936	0.1333707444818557	0.15556802593839625
369	20260805	0.8453049008604564	0.9739368998628257	0.8188053373238559	0.12863199900236932	0.15513156253896987
370	20260801	0.9685746352413018	0.9759321611173464	0.8261628631999002	0.007357525876044546	0.1497692979174462
370	20260802	0.9690734505549321	0.9760568649457539	0.8271604938271605	0.0069834143908218405	0.14889637111859344
370	20260803	0.9696969696969697	0.9748098266616785	0.822733507918693	0.005112856964708756	0.15207631874298544
370	20260804	0.967452300785634	0.9749968824042898	0.8194288564658936	0.007544581618655788	0.15556802593839625
370	20260805	0.9687616909839132	0.9739368998628257	0.8188053373238559	0.0051752088789125406	0.15513156253896987
371	20260801	0.9106497069460033	0.9759321611173464	0.8261628631999002	0.06528245417134304	0.1497692979174462
371	20260802	0.9073450554932037	0.9760568649457539	0.8271604938271605	0.06871180945255029	0.14889637111859344
371	20260803	0.9064721286943509	0.9748098266616785	0.822733507918693	0.06833769796732758	0.15207631874298544
371	20260804	0.9014839755580496	0.9749968824042898	0.8194288564658936	0.07351290684624023	0.15556802593839625
371	20260805	0.9087791495198903	0.9739368998628257	0.8188053373238559	0.06515775034293547	0.15513156253896987
372	20260801	0.8539094650205762	0.9759321611173464	0.8261628631999002	0.12202269609677019	0.1497692979174462
372	20260802	0.8504177578251652	0.9760568649457539	0.8271604938271605	0.1256391071205888	0.14889637111859344
372	20260803	0.8504177578251653	0.9748098266616785	0.822733507918693	0.12439206883651321	0.15207631874298544
372	20260804	0.8474872178575882	0.9749968824042898	0.8194288564658936	0.12750966454670165	0.15556802593839625
372	20260805	0.8489836637984787	0.9739368998628257	0.8188053373238559	0.12495323606434705	0.15513156253896987
373	20260801	0.8133183688739244	0.9759321611173464	0.8261628631999002	0.16261379224342198	0.1497692979174462
373	20260802	0.8040902855717671	0.9760568649457539	0.8271604938271605	0.17196657937398685	0.14889637111859344
373	20260803	0.811572515276219	0.9748098266616785	0.822733507918693	0.1632373113854595	0.15207631874298544
373	20260804	0.7964833520389075	0.9749968824042898	0.8194288564658936	0.1785135303653823	0.15556802593839625
373	20260805	0.8020326724030428	0.9739368998628257	0.8188053373238559	0.17190422745978295	0.15513156253896987
374	20260801	0.9136425988277841	0.9759321611173464	0.8261628631999002	0.062289562289562284	0.1497692979174462
374	20260802	0.91258261628632	0.9760568649457539	0.8271604938271605	0.06347424865943396	0.14889637111859344
374	20260803	0.9080932784636488	0.9748098266616785	0.822733507918693	0.06671654819802963	0.15207631874298544
374	20260804	0.9055368499812944	0.9749968824042898	0.8194288564658936	0.06946003242299548	0.15556802593839625
374	20260805	0.912333208629505	0.9739368998628257	0.8188053373238559	0.06160369123332077	0.15513156253896987
375	20260801	0.8189300411522634	0.9759321611173464	0.8261628631999002	0.15700211996508295	0.1497692979174462
375	20260802	0.8194288564658935	0.9760568649457539	0.8271604938271605	0.15662800847986047	0.14889637111859344
375	20260803	0.8116972191046266	0.9748098266616785	0.822733507918693	0.16311260755705193	0.15207631874298544
375	20260804	0.8067714178825289	0.9749968824042898	0.8194288564658936	0.1682254645217609	0.15556802593839625
375	20260805	0.811011348048385	0.9739368998628257	0.8188053373238559	0.16292555181444068	0.15513156253896987
376	20260801	0.9662676144157625	0.9759321611173464	0.8261628631999002	0.009664546701583898	0.1497692979174462
376	20260802	0.9678264122708566	0.9760568649457539	0.8271604938271605	0.008230452674897304	0.14889637111859344
376	20260803	0.968013468013468	0.9748098266616785	0.822733507918693	0.006796358648210488	0.15207631874298544
376	20260804	0.9648958723032797	0.9749968824042898	0.8194288564658936	0.010101010101010166	0.15556802593839625
376	20260805	0.9657064471879286	0.9739368998628257	0.8188053373238559	0.008230452674897082	0.15513156253896987
377	20260801	0.8892006484599078	0.9759321611173464	0.8261628631999002	0.08673151265743861	0.1497692979174462
377	20260802	0.8868312757201646	0.9760568649457539	0.8271604938271605	0.08922558922558932	0.14889637111859344
377	20260803	0.8858959970071081	0.9748098266616785	0.822733507918693	0.0889138296545704	0.15207631874298544
377	20260804	0.8772914328469883	0.9749968824042898	0.8194288564658936	0.09770544955730154	0.15556802593839625
377	20260805	0.8862701084923308	0.9739368998628257	0.8188053373238559	0.08766679137049493	0.15513156253896987
378	20260801	0.8466142910587355	0.9759321611173464	0.8261628631999002	0.12931787005861084	0.1497692979174462
378	20260802	0.8434343434343434	0.9760568649457539	0.8271604938271605	0.13262252151141052	0.14889637111859344
378	20260803	0.8421873051502681	0.9748098266616785	0.822733507918693	0.1326225215114104	0.15207631874298544
378	20260804	0.8282828282828283	0.9749968824042898	0.8194288564658936	0.14671405412146155	0.15556802593839625
378	20260805	0.8332709814191296	0.9739368998628257	0.8188053373238559	0.14066591844369614	0.15513156253896987
379	20260801	0.9092156129193166	0.9759321611173464	0.8261628631999002	0.06671654819802975	0.1497692979174462
379	20260802	0.9122085048010973	0.9760568649457539	0.8271604938271605	0.06384836014465667	0.14889637111859344
379	20260803	0.9056615538097019	0.9748098266616785	0.822733507918693	0.06914827285197656	0.15207631874298544
379	20260804	0.9001122334455667	0.9749968824042898	0.8194288564658936	0.07488464895872315	0.15556802593839625
379	20260805	0.9034792368125701	0.9739368998628257	0.8188053373238559	0.07045766305025558	0.15513156253896987
380	20260801	0.9263000374111485	0.9759321611173464	0.8261628631999002	0.04963212370619785	0.1497692979174462
380	20260802	0.9239930165856092	0.9760568649457539	0.8271604938271605	0.05206384836014477	0.14889637111859344
380	20260803	0.9245541838134431	0.9748098266616785	0.822733507918693	0.05025564284823536	0.15207631874298544
380	20260804	0.920875420875421	0.9749968824042898	0.8194288564658936	0.054121461528868875	0.15556802593839625
380	20260805	0.9250529991270733	0.9739368998628257	0.8188053373238559	0.04888390073575244	0.15513156253896987
381	20260801	0.8828407532111235	0.9759321611173464	0.8261628631999002	0.09309140790622283	0.1497692979174462
381	20260802	0.8805337323855842	0.9760568649457539	0.8271604938271605	0.09552313256016975	0.14889637111859344
381	20260803	0.8800349170719541	0.9748098266616785	0.822733507918693	0.09477490958972434	0.15207631874298544
381	20260804	0.8729891507669285	0.9749968824042898	0.8194288564658936	0.10200773163736132	0.15556802593839625
381	20260805	0.8799102132435466	0.9739368998628257	0.8188053373238559	0.09402668661927915	0.15513156253896987
382	20260801	0.8723032797106871	0.9759321611173464	0.8261628631999002	0.10362888140665927	0.1497692979174462
382	20260802	0.8707444818555929	0.9760568649457539	0.8271604938271605	0.105312383090161	0.14889637111859344
382	20260803	0.865132809577254	0.9748098266616785	0.822733507918693	0.10967701708442446	0.15207631874298544
382	20260804	0.858461154757451	0.9749968824042898	0.8194288564658936	0.11653572764683884	0.15556802593839625
382	20260805	0.8635740117221599	0.9739368998628257	0.8188053373238559	0.11036288814066586	0.15513156253896987
383	20260801	0.9551066217732884	0.9759321611173464	0.8261628631999002	0.020825539344057953	0.1497692979174462
383	20260802	0.9559795485721412	0.9760568649457539	0.8271604938271605	0.020077316373612764	0.14889637111859344
383	20260803	0.9565407157999751	0.9748098266616785	0.822733507918693	0.018269110861703353	0.15207631874298544
383	20260804	0.9546078064596584	0.9749968824042898	0.8194288564658936	0.020389075944631463	0.15556802593839625
383	20260805	0.9546701583738622	0.9739368998628257	0.8188053373238559	0.019266741488963568	0.15513156253896987
384	20260801	0.9198154383339568	0.9759321611173464	0.8261628631999002	0.05611672278338953	0.1497692979174462
384	20260802	0.9170096021947873	0.9760568649457539	0.8271604938271605	0.05904726275096661	0.14889637111859344
384	20260803	0.9188178077066966	0.9748098266616785	0.822733507918693	0.05599201895498185	0.15207631874298544
384	20260804	0.9151390447686745	0.9749968824042898	0.8194288564658936	0.05985783763561536	0.15556802593839625
384	20260805	0.9219977553310886	0.9739368998628257	0.8188053373238559	0.05193914453173709	0.15513156253896987
385	20260801	0.8444319740616038	0.9759321611173464	0.8261628631999002	0.13150018705574262	0.1497692979174462
385	20260802	0.8433096396059359	0.9760568649457539	0.8271604938271605	0.1327472253398181	0.14889637111859344
385	20260803	0.8406908592093777	0.9748098266616785	0.822733507918693	0.13411896745230079	0.15207631874298544
385	20260804	0.8353909465020576	0.9749968824042898	0.8194288564658936	0.13960593590223225	0.15556802593839625
385	20260805	0.8406285072951739	0.9739368998628257	0.8188053373238559	0.1333083925676518	0.15513156253896987
386	20260801	0.9550442698590846	0.9759321611173464	0.8261628631999002	0.020887891258261737	0.1497692979174462
386	20260802	0.9564160119715676	0.9760568649457539	0.8271604938271605	0.019640852974186385	0.14889637111859344
386	20260803	0.9563536600573638	0.9748098266616785	0.822733507918693	0.018456166604314705	0.15207631874298544
386	20260804	0.9540466392318244	0.9749968824042898	0.8194288564658936	0.02095024317246541	0.15556802593839625
386	20260805	0.9554183813443073	0.9739368998628257	0.8188053373238559	0.01851851851851838	0.15513156253896987
387	20260801	0.8931911709689488	0.9759321611173464	0.8261628631999002	0.08274099014839753	0.1497692979174462
387	20260802	0.8914453173712433	0.9760568649457539	0.8271604938271605	0.08461154757451061	0.14889637111859344
387	20260803	0.8923182441700961	0.9748098266616785	0.822733507918693	0.0824915824915824	0.15207631874298544
387	20260804	0.8841501434094026	0.9749968824042898	0.8194288564658936	0.09084673899488727	0.15556802593839625
387	20260805	0.886207756578127	0.9739368998628257	0.8188053373238559	0.08772914328469872	0.15513156253896987
388	20260801	0.7939892754707569	0.9759321611173464	0.8261628631999002	0.18194288564658945	0.1497692979174462
388	20260802	0.7944257388701834	0.9760568649457539	0.8271604938271605	0.18163112607557053	0.14889637111859344
388	20260803	0.7901234567901234	0.9748098266616785	0.822733507918693	0.18468636987155507	0.15207631874298544
388	20260804	0.7800224466891134	0.9749968824042898	0.8194288564658936	0.19497443571517648	0.15556802593839625
388	20260805	0.7859458785384711	0.9739368998628257	0.8188053373238559	0.18799102132435463	0.15513156253896987
389	20260801	0.8725526873675021	0.9759321611173464	0.8261628631999002	0.10337947374984424	0.1497692979174462
389	20260802	0.8688115725152763	0.9760568649457539	0.8271604938271605	0.10724529243047765	0.14889637111859344
389	20260803	0.8733009103379474	0.9748098266616785	0.822733507918693	0.10150891632373105	0.15207631874298544
389	20260804	0.8606434717545829	0.9749968824042898	0.8194288564658936	0.11435341064970694	0.15556802593839625
389	20260805	0.8626387330091034	0.9739368998628257	0.8188053373238559	0.11129816685372229	0.15513156253896987
390	20260801	0.8042773413143783	0.9759321611173464	0.8261628631999002	0.17165481980296804	0.1497692979174462
390	20260802	0.8050255642848235	0.9760568649457539	0.8271604938271605	0.17103130066093042	0.14889637111859344
390	20260803	0.8012220975183939	0.9748098266616785	0.822733507918693	0.17358772914328457	0.15207631874298544
390	20260804	0.792368125701459	0.9749968824042898	0.8194288564658936	0.18262875670283085	0.15556802593839625
390	20260805	0.7956727771542585	0.9739368998628257	0.8188053373238559	0.17826412270856717	0.15513156253896987
391	20260801	0.9182566404788627	0.9759321611173464	0.8261628631999002	0.05767552063848369	0.1497692979174462
391	20260802	0.9118343933158748	0.9760568649457539	0.8271604938271605	0.06422247162987915	0.14889637111859344
391	20260803	0.9169472502805835	0.9748098266616785	0.822733507918693	0.05786257638109493	0.15207631874298544
391	20260804	0.9089038533482977	0.9749968824042898	0.8194288564658936	0.06609302905599213	0.15556802593839625
391	20260805	0.9138296545703953	0.9739368998628257	0.8188053373238559	0.06010724529243039	0.15513156253896987
392	20260801	0.8622646215238807	0.9759321611173464	0.8261628631999002	0.11366753959346565	0.1497692979174462
392	20260802	0.8602070083551565	0.9760568649457539	0.8271604938271605	0.11584985659059743	0.14889637111859344
392	20260803	0.8593964334705075	0.9748098266616785	0.822733507918693	0.11541339319117094	0.15207631874298544
392	20260804	0.8487966080558673	0.9749968824042898	0.8194288564658936	0.12620027434842251	0.15556802593839625
392	20260805	0.8564035415887267	0.9739368998628257	0.8188053373238559	0.11753335827409905	0.15513156253896987
393	20260801	0.8724279835390947	0.9759321611173464	0.8261628631999002	0.1035041775782517	0.1497692979174462
393	20260802	0.8698715550567402	0.9760568649457539	0.8271604938271605	0.10618530988901376	0.14889637111859344
393	20260803	0.8699339069709441	0.9748098266616785	0.822733507918693	0.1048759196907344	0.15207631874298544
393	20260804	0.8628257887517146	0.9749968824042898	0.8194288564658936	0.11217109365257527	0.15556802593839625
393	20260805	0.870993889512408	0.9739368998628257	0.8188053373238559	0.10294301035041775	0.15513156253896987
394	20260801	0.8244793615163986	0.9759321611173464	0.8261628631999002	0.15145279960094782	0.1497692979174462
394	20260802	0.8239181942885647	0.9760568649457539	0.8271604938271605	0.15213867065718922	0.14889637111859344
394	20260803	0.816623020326724	0.9748098266616785	0.822733507918693	0.15818680633495452	0.15207631874298544
394	20260804	0.8078314004239929	0.9749968824042898	0.8194288564658936	0.1671654819802969	0.15556802593839625
394	20260805	0.8151889263000374	0.9739368998628257	0.8188053373238559	0.15874797356278836	0.15513156253896987
395	20260801	0.9582242174834767	0.9759321611173464	0.8261628631999002	0.017707943633869627	0.1497692979174462
395	20260802	0.9545454545454546	0.9760568649457539	0.8271604938271605	0.021511410400299358	0.14889637111859344
395	20260803	0.9559795485721412	0.9748098266616785	0.822733507918693	0.0188302780895373	0.15207631874298544
395	20260804	0.956041900486345	0.9749968824042898	0.8194288564658936	0.01895498191794487	0.15556802593839625
395	20260805	0.9580371617408655	0.9739368998628257	0.8188053373238559	0.015899738121960216	0.15513156253896987
396	20260801	0.9316623020326723	0.9759321611173464	0.8261628631999002	0.04426985908467407	0.1497692979174462
396	20260802	0.9307893752338197	0.9760568649457539	0.8271604938271605	0.04526748971193428	0.14889637111859344
396	20260803	0.9297293926923558	0.9748098266616785	0.822733507918693	0.04508043396932271	0.15207631874298544
396	20260804	0.9286694101508915	0.9749968824042898	0.8194288564658936	0.04632747225339828	0.15556802593839625
396	20260805	0.9309140790622272	0.9739368998628257	0.8188053373238559	0.043022820800598494	0.15513156253896987
397	20260801	0.7931163486719043	0.9759321611173464	0.8261628631999002	0.1828158124454421	0.1497692979174462
397	20260802	0.7855094151390448	0.9760568649457539	0.8271604938271605	0.19054744980670912	0.14889637111859344
397	20260803	0.787567028307769	0.9748098266616785	0.822733507918693	0.18724279835390945	0.15207631874298544
397	20260804	0.7803342062601321	0.9749968824042898	0.8194288564658936	0.19466267614415778	0.15556802593839625
397	20260805	0.785696470881656	0.9739368998628257	0.8188053373238559	0.18824042898116977	0.15513156253896987
398	20260801	0.838196782641227	0.9759321611173464	0.8261628631999002	0.13773537847611939	0.1497692979174462
398	20260802	0.8410649706946003	0.9760568649457539	0.8271604938271605	0.13499189425115365	0.14889637111859344
398	20260803	0.8347050754458162	0.9748098266616785	0.822733507918693	0.1401047512158623	0.15207631874298544
398	20260804	0.8312133682504053	0.9749968824042898	0.8194288564658936	0.14378351415388457	0.15556802593839625
398	20260805	0.8345180197032047	0.9739368998628257	0.8188053373238559	0.139418880159621	0.15513156253896987
399	20260801	0.7861952861952862	0.9759321611173464	0.8261628631999002	0.18973687492206015	0.1497692979174462
399	20260802	0.787567028307769	0.9760568649457539	0.8271604938271605	0.1884898366379849	0.14889637111859344
399	20260803	0.7802718543459285	0.9748098266616785	0.822733507918693	0.19453797231574999	0.15207631874298544
399	20260804	0.7742237186681631	0.9749968824042898	0.8194288564658936	0.20077316373612675	0.15556802593839625
399	20260805	0.7764683875794988	0.9739368998628257	0.8188053373238559	0.19746851228332696	0.15513156253896987
400	20260801	0.9070332959221847	0.9759321611173464	0.8261628631999002	0.06889886519516164	0.1497692979174462
400	20260802	0.9086544456914827	0.9760568649457539	0.8271604938271605	0.06740241925427126	0.14889637111859344
400	20260803	0.9050380346676643	0.9748098266616785	0.822733507918693	0.06977179199401418	0.15207631874298544
400	20260804	0.8987404913330839	0.9749968824042898	0.8194288564658936	0.07625639107120596	0.15556802593839625
400	20260805	0.9054121461528869	0.9739368998628257	0.8188053373238559	0.06852475370993882	0.15513156253896987
401	20260801	0.7945504426985908	0.9759321611173464	0.8261628631999002	0.1813817184187556	0.1497692979174462
401	20260802	0.7926798852724779	0.9760568649457539	0.8271604938271605	0.18337697967327604	0.14889637111859344
401	20260803	0.7883152512782142	0.9748098266616785	0.822733507918693	0.18649457538346426	0.15207631874298544
401	20260804	0.7731013842124953	0.9749968824042898	0.8194288564658936	0.20189549819179453	0.15556802593839625
401	20260805	0.7781518892630004	0.9739368998628257	0.8188053373238559	0.19578501059982534	0.15513156253896987
402	20260801	0.8205511909215613	0.9759321611173464	0.8261628631999002	0.15538097019578512	0.1497692979174462
402	20260802	0.8159371492704826	0.9760568649457539	0.8271604938271605	0.1601197156752714	0.14889637111859344
402	20260803	0.8146277590722034	0.9748098266616785	0.822733507918693	0.16018206758947506	0.15207631874298544
402	20260804	0.8035291183439331	0.9749968824042898	0.8194288564658936	0.1714677640603567	0.15556802593839625
402	20260805	0.8066467140541215	0.9739368998628257	0.8188053373238559	0.16729018580870425	0.15513156253896987
403	20260801	0.8405661553809701	0.9759321611173464	0.8261628631999002	0.13536600573637625	0.1497692979174462
403	20260802	0.8380097268986159	0.9760568649457539	0.8271604938271605	0.13804713804713808	0.14889637111859344
403	20260803	0.8383214864696347	0.9748098266616785	0.822733507918693	0.1364883401920438	0.15207631874298544
403	20260804	0.8295922184811074	0.9749968824042898	0.8194288564658936	0.1454046639231824	0.15556802593839625
403	20260805	0.8358897618156877	0.9739368998628257	0.8188053373238559	0.13804713804713797	0.15513156253896987
404	20260801	0.8828407532111235	0.9759321611173464	0.8261628631999002	0.09309140790622283	0.1497692979174462
404	20260802	0.8764185060481356	0.9760568649457539	0.8271604938271605	0.0996383588976183	0.14889637111859344
404	20260803	0.8801596209003617	0.9748098266616785	0.822733507918693	0.09465020576131677	0.15207631874298544
404	20260804	0.8724279835390947	0.9749968824042898	0.8194288564658936	0.10256889886519516	0.15556802593839625
404	20260805	0.8761067464771168	0.9739368998628257	0.8188053373238559	0.09783015338570888	0.15513156253896987
405	20260801	0.860082304526749	0.9759321611173464	0.8261628631999002	0.11584985659059732	0.1497692979174462
405	20260802	0.8599576006983414	0.9760568649457539	0.8271604938271605	0.11609926424741257	0.14889637111859344
405	20260803	0.8552812071330591	0.9748098266616785	0.822733507918693	0.11952861952861937	0.15207631874298544
405	20260804	0.8459284200024941	0.9749968824042898	0.8194288564658936	0.1290684624017957	0.15556802593839625
405	20260805	0.8546576879910213	0.9739368998628257	0.8188053373238559	0.11927921187180446	0.15513156253896987
406	20260801	0.8506048135677764	0.9759321611173464	0.8261628631999002	0.12532734754956998	0.1497692979174462
406	20260802	0.8524130190796858	0.9760568649457539	0.8271604938271605	0.12364384586606814	0.14889637111859344
406	20260803	0.8439331587479737	0.9748098266616785	0.822733507918693	0.13087666791370478	0.15207631874298544
406	20260804	0.8423743608928794	0.9749968824042898	0.8194288564658936	0.1326225215114104	0.15556802593839625
406	20260805	0.8453049008604563	0.9739368998628257	0.8188053373238559	0.12863199900236943	0.15513156253896987
407	20260801	0.9728769173213617	0.9759321611173464	0.8261628631999002	0.0030552437959846523	0.1497692979174462
407	20260802	0.9728769173213618	0.9760568649457539	0.8271604938271605	0.00317994762439211	0.14889637111859344
407	20260803	0.973063973063973	0.9748098266616785	0.822733507918693	0.0017458535977055156	0.15207631874298544
407	20260804	0.9721286943509166	0.9749968824042898	0.8194288564658936	0.0028681880533731885	0.15556802593839625
407	20260805	0.9719416386083053	0.9739368998628257	0.8188053373238559	0.0019952612545204307	0.15513156253896987
408	20260801	0.8355780022446689	0.9759321611173464	0.8261628631999002	0.14035415887267744	0.1497692979174462
408	20260802	0.8322733507918694	0.9760568649457539	0.8271604938271605	0.14378351415388457	0.14889637111859344
408	20260803	0.834206260132186	0.9748098266616785	0.822733507918693	0.14060356652949246	0.15207631874298544
408	20260804	0.8217982292056366	0.9749968824042898	0.8194288564658936	0.15319865319865322	0.15556802593839625
408	20260805	0.8303404414515525	0.9739368998628257	0.8188053373238559	0.14359645841127322	0.15513156253896987
409	20260801	0.8489213118842749	0.9759321611173464	0.8261628631999002	0.1270108492330715	0.1497692979174462
409	20260802	0.8447437336326225	0.9760568649457539	0.8271604938271605	0.1313131313131315	0.14889637111859344
409	20260803	0.8497318867689237	0.9748098266616785	0.822733507918693	0.12507793989275473	0.15207631874298544
409	20260804	0.8459907719166979	0.9749968824042898	0.8194288564658936	0.12900611048759192	0.15556802593839625
409	20260805	0.845679012345679	0.9739368998628257	0.8188053373238559	0.12825788751714673	0.15513156253896987
410	20260801	0.8171841875545579	0.9759321611173464	0.8261628631999002	0.15874797356278847	0.1497692979174462
410	20260802	0.8121336825040529	0.9760568649457539	0.8271604938271605	0.163923182441701	0.14889637111859344
410	20260803	0.8094525501932909	0.9748098266616785	0.822733507918693	0.1653572764683876	0.15207631874298544
410	20260804	0.802780895373488	0.9749968824042898	0.8194288564658936	0.17221598703080188	0.15556802593839625
410	20260805	0.8087666791370496	0.9739368998628257	0.8188053373238559	0.16517022072577614	0.15513156253896987
411	20260801	0.8177453547823919	0.9759321611173464	0.8261628631999002	0.15818680633495452	0.1497692979174462
411	20260802	0.8148148148148148	0.9760568649457539	0.8271604938271605	0.16124205013093917	0.14889637111859344
411	20260803	0.8174959471255767	0.9748098266616785	0.822733507918693	0.15731387953610176	0.15207631874298544
411	20260804	0.8015962090036164	0.9749968824042898	0.8194288564658936	0.17340067340067344	0.15556802593839625
411	20260805	0.8113854595336076	0.9739368998628257	0.8188053373238559	0.1625514403292181	0.15513156253896987
412	20260801	0.7595710188302781	0.9759321611173464	0.8261628631999002	0.21636114228706826	0.1497692979174462
412	20260802	0.7542087542087542	0.9760568649457539	0.8271604938271605	0.22184811073699973	0.14889637111859344
412	20260803	0.754769921436588	0.9748098266616785	0.822733507918693	0.22003990522509043	0.15207631874298544
412	20260804	0.7418630751964085	0.9749968824042898	0.8194288564658936	0.23313380720788135	0.15556802593839625
412	20260805	0.744918318992393	0.9739368998628257	0.8188053373238559	0.2290185808704327	0.15513156253896987
413	20260801	0.8523506671654819	0.9759321611173464	0.8261628631999002	0.12358149395186446	0.1497692979174462
413	20260802	0.8516647961092405	0.9760568649457539	0.8271604938271605	0.12439206883651344	0.14889637111859344
413	20260803	0.8514777403666292	0.9748098266616785	0.822733507918693	0.12333208629504933	0.15207631874298544
413	20260804	0.8407532111235815	0.9749968824042898	0.8194288564658936	0.13424367128070835	0.15556802593839625
413	20260805	0.8500436463399427	0.9739368998628257	0.8188053373238559	0.12389325352288305	0.15513156253896987
414	20260801	0.8178700586107994	0.9759321611173464	0.8261628631999002	0.15806210250654695	0.1497692979174462
414	20260802	0.8152512782142411	0.9760568649457539	0.8271604938271605	0.1608055867315128	0.14889637111859344
414	20260803	0.8156253896994636	0.9748098266616785	0.822733507918693	0.15918443696221485	0.15207631874298544
414	20260804	0.8110736999625889	0.9749968824042898	0.8194288564658936	0.1639231824417009	0.15556802593839625
414	20260805	0.8161242050130938	0.9739368998628257	0.8188053373238559	0.15781269484973193	0.15513156253896987
415	20260801	0.923244793615164	0.9759321611173464	0.8261628631999002	0.05268736750218239	0.1497692979174462
415	20260802	0.9215612919316623	0.9760568649457539	0.8271604938271605	0.05449557301409169	0.14889637111859344
415	20260803	0.9217483476742736	0.9748098266616785	0.822733507918693	0.053061478987404875	0.15207631874298544
415	20260804	0.9161990273101384	0.9749968824042898	0.8194288564658936	0.058797855094151474	0.15556802593839625
415	20260805	0.9230577378725526	0.9739368998628257	0.8188053373238559	0.05087916199027309	0.15513156253896987
416	20260801	0.8103878289063474	0.9759321611173464	0.8261628631999002	0.16554433221099896	0.1497692979174462
416	20260802	0.8079561042524005	0.9760568649457539	0.8271604938271605	0.16810076069335345	0.14889637111859344
416	20260803	0.8043396932285822	0.9748098266616785	0.822733507918693	0.17047013343309625	0.15207631874298544
416	20260804	0.7944257388701833	0.9749968824042898	0.8194288564658936	0.18057114353410653	0.15556802593839625
416	20260805	0.7975433345803717	0.9739368998628257	0.8188053373238559	0.17639356528245398	0.15513156253896987
417	20260801	0.8394438209253023	0.9759321611173464	0.8261628631999002	0.13648834019204403	0.1497692979174462
417	20260802	0.8442449183189924	0.9760568649457539	0.8271604938271605	0.13181194662676154	0.14889637111859344
417	20260803	0.840877914951989	0.9748098266616785	0.822733507918693	0.13393191170968943	0.15207631874298544
417	20260804	0.8335827409901484	0.9749968824042898	0.8194288564658936	0.14141414141414144	0.15556802593839625
417	20260805	0.830776904850979	0.9739368998628257	0.8188053373238559	0.14315999501184673	0.15513156253896987
418	20260801	0.9041651078688115	0.9759321611173464	0.8261628631999002	0.07176705324853483	0.1497692979174462
418	20260802	0.898989898989899	0.9760568649457539	0.8271604938271605	0.07706696595585494	0.14889637111859344
418	20260803	0.9020451427858835	0.9748098266616785	0.822733507918693	0.07276468387579493	0.15207631874298544
418	20260804	0.8989275470756952	0.9749968824042898	0.8194288564658936	0.07606933532859461	0.15556802593839625
418	20260805	0.9009228083302158	0.9739368998628257	0.8188053373238559	0.07301409153260996	0.15513156253896987
419	20260801	0.8441825664047887	0.9759321611173464	0.8261628631999002	0.13174959471255765	0.1497692979174462
419	20260802	0.8368250405287443	0.9760568649457539	0.8271604938271605	0.13923182441700965	0.14889637111859344
419	20260803	0.8355780022446689	0.9748098266616785	0.822733507918693	0.13923182441700954	0.15207631874298544
419	20260804	0.8231699713181195	0.9749968824042898	0.8194288564658936	0.1518269110861703	0.15556802593839625
419	20260805	0.8303404414515525	0.9739368998628257	0.8188053373238559	0.14359645841127322	0.15513156253896987
420	20260801	0.9310387828906348	0.9759321611173464	0.8261628631999002	0.04489337822671158	0.1497692979174462
420	20260802	0.930165856091782	0.9760568649457539	0.8271604938271605	0.045891008853971904	0.14889637111859344
420	20260803	0.9316623020326724	0.9748098266616785	0.822733507918693	0.04314752462900606	0.15207631874298544
420	20260804	0.9268612046389825	0.9749968824042898	0.8194288564658936	0.04813567776530736	0.15556802593839625
420	20260805	0.9318493577752837	0.9739368998628257	0.8188053373238559	0.04208754208754206	0.15513156253896987
421	20260801	0.8562788377603192	0.9759321611173464	0.8261628631999002	0.11965332335702716	0.1497692979174462
421	20260802	0.853660057363761	0.9760568649457539	0.8271604938271605	0.1223968075819929	0.14889637111859344
421	20260803	0.8541588726773912	0.9748098266616785	0.822733507918693	0.12065095398428727	0.15207631874298544
421	20260804	0.8406908592093777	0.9749968824042898	0.8194288564658936	0.13430602319491214	0.15556802593839625
421	20260805	0.8481107369996258	0.9739368998628257	0.8188053373238559	0.12582616286319992	0.15513156253896987
422	20260801	0.9585359770544956	0.9759321611173464	0.8261628631999002	0.017396184062850817	0.1497692979174462
422	20260802	0.957850105998254	0.9760568649457539	0.8271604938271605	0.0182067589474999	0.14889637111859344
422	20260803	0.9564783638857713	0.9748098266616785	0.822733507918693	0.018331462775907137	0.15207631874298544
422	20260804	0.95629130814316	0.9749968824042898	0.8194288564658936	0.018705574261129843	0.15556802593839625
422	20260805	0.9547948622022695	0.9739368998628257	0.8188053373238559	0.01914203766055622	0.15513156253896987
423	20260801	0.8633869559795486	0.9759321611173464	0.8261628631999002	0.11254520513779775	0.1497692979174462
423	20260802	0.8578376356154135	0.9760568649457539	0.8271604938271605	0.11821922933034046	0.14889637111859344
423	20260803	0.8569023569023569	0.9748098266616785	0.822733507918693	0.11790746975932154	0.15207631874298544
423	20260804	0.8506671654819803	0.9749968824042898	0.8194288564658936	0.12432971692230954	0.15556802593839625
423	20260805	0.8470507544581618	0.9739368998628257	0.8188053373238559	0.12688614540466392	0.15513156253896987
424	20260801	0.7764683875794988	0.9759321611173464	0.8261628631999002	0.1994637735378476	0.1497692979174462
424	20260802	0.7703578999875297	0.9760568649457539	0.8271604938271605	0.20569896495822426	0.14889637111859344
424	20260803	0.7590098516024442	0.9748098266616785	0.822733507918693	0.21579997505923432	0.15207631874298544
424	20260804	0.7514652699837885	0.9749968824042898	0.8194288564658936	0.22353161242050135	0.15556802593839625
424	20260805	0.7509041027559546	0.9739368998628257	0.8188053373238559	0.22303279710687107	0.15513156253896987
425	20260801	0.9036662925551815	0.9759321611173464	0.8261628631999002	0.07226586856216488	0.1497692979174462
425	20260802	0.900299289188178	0.9760568649457539	0.8271604938271605	0.07575757575757591	0.14889637111859344
425	20260803	0.8945005611672279	0.9748098266616785	0.822733507918693	0.08030926549445061	0.15207631874298544
425	20260804	0.8908217982292056	0.9749968824042898	0.8194288564658936	0.08417508417508424	0.15556802593839625
425	20260805	0.8983663798478614	0.9739368998628257	0.8188053373238559	0.07557052001496434	0.15513156253896987
426	20260801	0.8029679511160992	0.9759321611173464	0.8261628631999002	0.17296421000124718	0.1497692979174462
426	20260802	0.8058984910836763	0.9760568649457539	0.8271604938271605	0.17015837386207766	0.14889637111859344
426	20260803	0.7989774286070581	0.9748098266616785	0.822733507918693	0.17583239805462036	0.15207631874298544
426	20260804	0.7876917321361766	0.9749968824042898	0.8194288564658936	0.18730515026811323	0.15556802593839625
426	20260805	0.7908716797605687	0.9739368998628257	0.8188053373238559	0.183065220102257	0.15513156253896987
427	20260801	0.8385708941264497	0.9759321611173464	0.8261628631999002	0.13736126699089668	0.1497692979174462
427	20260802	0.8244793615163986	0.9760568649457539	0.8271604938271605	0.1515775034293554	0.14889637111859344
427	20260803	0.8319615912208504	0.9748098266616785	0.822733507918693	0.14284823544082803	0.15207631874298544
427	20260804	0.8186806334954484	0.9749968824042898	0.8194288564658936	0.15631624890884144	0.15556802593839625
427	20260805	0.8199900236937274	0.9739368998628257	0.8188053373238559	0.1539468761690983	0.15513156253896987
428	20260801	0.8651328095772539	0.9759321611173464	0.8261628631999002	0.11079935154009246	0.1497692979174462
428	20260802	0.8666292555181444	0.9760568649457539	0.8271604938271605	0.10942760942760954	0.14889637111859344
428	20260803	0.8624516772664921	0.9748098266616785	0.822733507918693	0.1123581493951864	0.15207631874298544
428	20260804	0.8559047262750966	0.9749968824042898	0.8194288564658936	0.11909215612919322	0.15556802593839625
428	20260805	0.8620152138670656	0.9739368998628257	0.8188053373238559	0.11192168599576013	0.15513156253896987
429	20260801	0.8828407532111237	0.9759321611173464	0.8261628631999002	0.09309140790622272	0.1497692979174462
429	20260802	0.8814690110986407	0.9760568649457539	0.8271604938271605	0.09458785384711321	0.14889637111859344
429	20260803	0.8822172340690859	0.9748098266616785	0.822733507918693	0.09259259259259256	0.15207631874298544
429	20260804	0.8748597081930415	0.9749968824042898	0.8194288564658936	0.10013717421124835	0.15556802593839625
429	20260805	0.8776031924180072	0.9739368998628257	0.8188053373238559	0.0963337074448185	0.15513156253896987
430	20260801	0.8679386457164234	0.9759321611173464	0.8261628631999002	0.10799351540092295	0.1497692979174462
430	20260802	0.8605187679261754	0.9760568649457539	0.8271604938271605	0.11553809701957851	0.14889637111859344
430	20260803	0.8599576006983414	0.9748098266616785	0.822733507918693	0.1148522259633371	0.15207631874298544
430	20260804	0.854221224591595	0.9749968824042898	0.8194288564658936	0.12077565781269484	0.15556802593839625
430	20260805	0.8552188552188552	0.9739368998628257	0.8188053373238559	0.11871804464397051	0.15513156253896987
431	20260801	0.8833395685247538	0.9759321611173464	0.8261628631999002	0.09259259259259256	0.1497692979174462
431	20260802	0.8835266242673651	0.9760568649457539	0.8271604938271605	0.09253024067838889	0.14889637111859344
431	20260803	0.8839007357525877	0.9748098266616785	0.822733507918693	0.09090909090909083	0.15207631874298544
431	20260804	0.874735004364634	0.9749968824042898	0.8194288564658936	0.1002618780396558	0.15556802593839625
431	20260805	0.876044394562913	0.9739368998628257	0.8188053373238559	0.09789250529991267	0.15513156253896987
432	20260801	0.9575383464272352	0.9759321611173464	0.8261628631999002	0.018393814690111143	0.1497692979174462
432	20260802	0.9542960468886394	0.9760568649457539	0.8271604938271605	0.021760818057114495	0.14889637111859344
432	20260803	0.9576006983414391	0.9748098266616785	0.822733507918693	0.017209128320239353	0.15207631874298544
432	20260804	0.9549195660306771	0.9749968824042898	0.8194288564658936	0.020077316373612764	0.15556802593839625
432	20260805	0.9557924928295298	0.9739368998628257	0.8188053373238559	0.018144407033295895	0.15513156253896987
433	20260801	0.879785509415139	0.9759321611173464	0.8261628631999002	0.09614665170220738	0.1497692979174462
433	20260802	0.8767302656191545	0.9760568649457539	0.8271604938271605	0.09932659932659949	0.14889637111859344
433	20260803	0.8762938022197282	0.9748098266616785	0.822733507918693	0.09851602444195029	0.15207631874298544
433	20260804	0.8671280708317746	0.9749968824042898	0.8194288564658936	0.10786881157251527	0.15556802593839625
433	20260805	0.8701209627135553	0.9739368998628257	0.8188053373238559	0.1038159371492704	0.15513156253896987
434	20260801	0.8682504052874424	0.9759321611173464	0.8261628631999002	0.10768175582990402	0.1497692979174462
434	20260802	0.8650704576630501	0.9760568649457539	0.8271604938271605	0.11098640728270381	0.14889637111859344
434	20260803	0.8610799351540093	0.9748098266616785	0.822733507918693	0.11372989150766921	0.15207631874298544
434	20260804	0.8532235939643347	0.9749968824042898	0.8194288564658936	0.12177328843995516	0.15556802593839625
434	20260805	0.8583364509290435	0.9739368998628257	0.8188053373238559	0.11560044893378219	0.15513156253896987
435	20260801	0.8351415388452426	0.9759321611173464	0.8261628631999002	0.14079062227210382	0.1497692979174462
435	20260802	0.828594587853847	0.9760568649457539	0.8271604938271605	0.14746227709190696	0.14889637111859344
435	20260803	0.8325227584486843	0.9748098266616785	0.822733507918693	0.1422870682129942	0.15207631874298544
435	20260804	0.8229829155755082	0.9749968824042898	0.8194288564658936	0.15201396682878165	0.15556802593839625
435	20260805	0.8237311385459535	0.9739368998628257	0.8188053373238559	0.15020576131687224	0.15513156253896987
436	20260801	0.9316623020326724	0.9759321611173464	0.8261628631999002	0.04426985908467396	0.1497692979174462
436	20260802	0.9320364135178951	0.9760568649457539	0.8271604938271605	0.04402045142785882	0.14889637111859344
436	20260803	0.9281705948372616	0.9748098266616785	0.822733507918693	0.04663923182441687	0.15207631874298544
436	20260804	0.9249282952986657	0.9749968824042898	0.8194288564658936	0.05006858710562412	0.15556802593839625
436	20260805	0.92748472378102	0.9739368998628257	0.8188053373238559	0.04645217608180574	0.15513156253896987
437	20260801	0.9383339568524753	0.9759321611173464	0.8261628631999002	0.03759820426487104	0.1497692979174462
437	20260802	0.9347798977428606	0.9760568649457539	0.8271604938271605	0.04127696720289331	0.14889637111859344
437	20260803	0.9368998628257887	0.9748098266616785	0.822733507918693	0.03790996383588974	0.15207631874298544
437	20260804	0.9324105250031176	0.9749968824042898	0.8194288564658936	0.042586357401172226	0.15556802593839625
437	20260805	0.9362139917695472	0.9739368998628257	0.8188053373238559	0.037722908093278495	0.15513156253896987
438	20260801	0.9413892006484599	0.9759321611173464	0.8261628631999002	0.0345429604688865	0.1497692979174462
438	20260802	0.9440703329592219	0.9760568649457539	0.8271604938271605	0.03198653198653201	0.14889637111859344
438	20260803	0.9458161865569273	0.9748098266616785	0.822733507918693	0.02899364010475114	0.15207631874298544
438	20260804	0.9413892006484599	0.9749968824042898	0.8194288564658936	0.033607681755829955	0.15556802593839625
438	20260805	0.942698590846739	0.9739368998628257	0.8188053373238559	0.031238309016086707	0.15513156253896987
439	20260801	0.9258635740117221	0.9759321611173464	0.8261628631999002	0.05006858710562423	0.1497692979174462
439	20260802	0.920064845990772	0.9760568649457539	0.8271604938271605	0.05599201895498196	0.14889637111859344
439	20260803	0.9201895498191794	0.9748098266616785	0.822733507918693	0.05462027684249904	0.15207631874298544
439	20260804	0.9188801596209003	0.9749968824042898	0.8194288564658936	0.05611672278338953	0.15556802593839625
439	20260805	0.921935403416885	0.9739368998628257	0.8188053373238559	0.052001496445940765	0.15513156253896987
440	20260801	0.8907594463150019	0.9759321611173464	0.8261628631999002	0.08517271480234445	0.1497692979174462
440	20260802	0.8878912582616286	0.9760568649457539	0.8271604938271605	0.08816560668412532	0.14889637111859344
440	20260803	0.885646589350293	0.9748098266616785	0.822733507918693	0.08916323731138553	0.15207631874298544
440	20260804	0.8802219728145654	0.9749968824042898	0.8194288564658936	0.09477490958972445	0.15556802593839625
440	20260805	0.8874547948622024	0.9739368998628257	0.8188053373238559	0.08648210500062337	0.15513156253896987
441	20260801	0.7728519765556803	0.9759321611173464	0.8261628631999002	0.2030801845616661	0.1497692979174462
441	20260802	0.7699214365881033	0.9760568649457539	0.8271604938271605	0.20613542835765064	0.14889637111859344
441	20260803	0.7644968200523756	0.9748098266616785	0.822733507918693	0.21031300660930285	0.15207631874298544
441	20260804	0.7540840503803466	0.9749968824042898	0.8194288564658936	0.22091283202394318	0.15556802593839625
441	20260805	0.7565157750342935	0.9739368998628257	0.8188053373238559	0.21742112482853226	0.15513156253896987
442	20260801	0.7835765057987281	0.9759321611173464	0.8261628631999002	0.1923556553186183	0.1497692979174462
442	20260802	0.7805212620027435	0.9760568649457539	0.8271604938271605	0.19553560294301042	0.14889637111859344
442	20260803	0.783015338570894	0.9748098266616785	0.822733507918693	0.19179448809078448	0.15207631874298544
442	20260804	0.7652450430228209	0.9749968824042898	0.8194288564658936	0.2097518393814689	0.15556802593839625
442	20260805	0.770544955730141	0.9739368998628257	0.8188053373238559	0.2033919441326847	0.15513156253896987
443	20260801	0.8480483850854221	0.9759321611173464	0.8261628631999002	0.12788377603192425	0.1497692979174462
443	20260802	0.8452425489462526	0.9760568649457539	0.8271604938271605	0.13081431599950133	0.14889637111859344
443	20260803	0.8413767302656192	0.9748098266616785	0.822733507918693	0.13343309639605927	0.15207631874298544
443	20260804	0.8348297792742237	0.9749968824042898	0.8194288564658936	0.14016710313006608	0.15556802593839625
443	20260805	0.833707444818556	0.9739368998628257	0.8188053373238559	0.14022945504426976	0.15513156253896987
444	20260801	0.7270233196159123	0.9759321611173464	0.8261628631999002	0.2489088415014341	0.1497692979174462
444	20260802	0.7264621523880783	0.9760568649457539	0.8271604938271605	0.24959471255767562	0.14889637111859344
444	20260803	0.7148646963461779	0.9748098266616785	0.822733507918693	0.2599451303155006	0.15207631874298544
444	20260804	0.6999625888514778	0.9749968824042898	0.8194288564658936	0.27503429355281206	0.15556802593839625
444	20260805	0.7114353410649706	0.9739368998628257	0.8188053373238559	0.2625015587978551	0.15513156253896987
445	20260801	0.8009726898615788	0.9759321611173464	0.8261628631999002	0.1749594712557676	0.1497692979174462
445	20260802	0.796919815438334	0.9760568649457539	0.8271604938271605	0.17913704950741993	0.14889637111859344
445	20260803	0.792118718044644	0.9748098266616785	0.822733507918693	0.18269110861703453	0.15207631874298544
445	20260804	0.7861952861952861	0.9749968824042898	0.8194288564658936	0.18880159620900372	0.15556802593839625
445	20260805	0.7857588227958598	0.9739368998628257	0.8188053373238559	0.18817807706696588	0.15513156253896987
446	20260801	0.9692605062975432	0.9759321611173464	0.8261628631999002	0.006671654819803141	0.1497692979174462
446	20260802	0.9678887641850605	0.9760568649457539	0.8271604938271605	0.008168100760693409	0.14889637111859344
446	20260803	0.9698216735253772	0.9748098266616785	0.822733507918693	0.004988153136301299	0.15207631874298544
446	20260804	0.9684499314128944	0.9749968824042898	0.8194288564658936	0.0065469509913954615	0.15556802593839625
446	20260805	0.9682005237560792	0.9739368998628257	0.8188053373238559	0.005736376106746488	0.15513156253896987
447	20260801	0.812383090160868	0.9759321611173464	0.8261628631999002	0.16354907095647842	0.1497692979174462
447	20260802	0.81026312507794	0.9760568649457539	0.8271604938271605	0.16579373986781398	0.14889637111859344
447	20260803	0.8061478987404913	0.9748098266616785	0.822733507918693	0.16866192792118717	0.15207631874298544
447	20260804	0.801409153261005	0.9749968824042898	0.8194288564658936	0.1735877291432848	0.15556802593839625
447	20260805	0.8050255642848235	0.9739368998628257	0.8188053373238559	0.1689113355780022	0.15513156253896987
448	20260801	0.8800349170719541	0.9759321611173464	0.8261628631999002	0.09589724404539224	0.1497692979174462
448	20260802	0.8756079311634868	0.9760568649457539	0.8271604938271605	0.10044893378226716	0.14889637111859344
448	20260803	0.8817807706696595	0.9748098266616785	0.822733507918693	0.09302905599201894	0.15207631874298544
448	20260804	0.8699962588851478	0.9749968824042898	0.8194288564658936	0.10500062351914208	0.15556802593839625
448	20260805	0.875794986906098	0.9739368998628257	0.8188053373238559	0.0981419129567277	0.15513156253896987
449	20260801	0.7700461404165108	0.9759321611173464	0.8261628631999002	0.20588602070083561	0.1497692979174462
449	20260802	0.7772166105499438	0.9760568649457539	0.8271604938271605	0.1988402543958101	0.14889637111859344
449	20260803	0.7600074822297043	0.9748098266616785	0.822733507918693	0.2148023444319742	0.15207631874298544
449	20260804	0.7634991894251153	0.9749968824042898	0.8194288564658936	0.21149769297917453	0.15556802593839625
449	20260805	0.7620650953984287	0.9739368998628257	0.8188053373238559	0.21187180446439702	0.15513156253896987
450	20260801	0.8207382466641725	0.9759321611173464	0.8261628631999002	0.15519391445317388	0.1497692979174462
450	20260802	0.810512532734755	0.9760568649457539	0.8271604938271605	0.16554433221099896	0.14889637111859344
450	20260803	0.8172465394687617	0.9748098266616785	0.822733507918693	0.1575632871929168	0.15207631874298544
450	20260804	0.8056490834268613	0.9749968824042898	0.8194288564658936	0.16934779897742858	0.15556802593839625
450	20260805	0.8066467140541214	0.9739368998628257	0.8188053373238559	0.16729018580870436	0.15513156253896987
451	20260801	0.8146901109864073	0.9759321611173464	0.8261628631999002	0.16124205013093906	0.1497692979174462
451	20260802	0.8065843621399176	0.9760568649457539	0.8271604938271605	0.16947250280583637	0.14889637111859344
451	20260803	0.8014715051752088	0.9748098266616785	0.822733507918693	0.17333832148646966	0.15207631874298544
451	20260804	0.7995385958348922	0.9749968824042898	0.8194288564658936	0.17545828656939766	0.15556802593839625
451	20260805	0.7992268362638733	0.9739368998628257	0.8188053373238559	0.17471006359895247	0.15513156253896987
452	20260801	0.9125202643721161	0.9759321611173464	0.8261628631999002	0.06341189674523029	0.1497692979174462
452	20260802	0.9079062227210375	0.9760568649457539	0.8271604938271605	0.06815064222471645	0.14889637111859344
452	20260803	0.910213243546577	0.9748098266616785	0.822733507918693	0.06459658311510152	0.15207631874298544
452	20260804	0.908841501434094	0.9749968824042898	0.8194288564658936	0.0661553809701958	0.15556802593839625
452	20260805	0.9125826162863199	0.9739368998628257	0.8188053373238559	0.06135428357650585	0.15513156253896987
453	20260801	0.8099513655069209	0.9759321611173464	0.8261628631999002	0.16598079561042545	0.1497692979174462
453	20260802	0.8037161740865444	0.9760568649457539	0.8271604938271605	0.17234069085920956	0.14889637111859344
453	20260803	0.799850355405911	0.9748098266616785	0.822733507918693	0.1749594712557675	0.15207631874298544
453	20260804	0.7914951989026063	0.9749968824042898	0.8194288564658936	0.1835016835016835	0.15556802593839625
453	20260805	0.7974809826661678	0.9739368998628257	0.8188053373238559	0.17645591719665787	0.15513156253896987
454	20260801	0.9343434343434344	0.9759321611173464	0.8261628631999002	0.04158872677391201	0.1497692979174462
454	20260802	0.9297293926923557	0.9760568649457539	0.8271604938271605	0.04632747225339828	0.14889637111859344
454	20260803	0.9315375982042648	0.9748098266616785	0.822733507918693	0.04327222845741363	0.15207631874298544
454	20260804	0.9297917446065593	0.9749968824042898	0.8194288564658936	0.0452051377977305	0.15556802593839625
454	20260805	0.9323481730889138	0.9739368998628257	0.8188053373238559	0.0415887267739119	0.15513156253896987
455	20260801	0.9698216735253773	0.9759321611173464	0.8261628631999002	0.006110487591969083	0.1497692979174462
455	20260802	0.9695722658685622	0.9760568649457539	0.8271604938271605	0.006484599077191788	0.14889637111859344
455	20260803	0.9685746352413018	0.9748098266616785	0.822733507918693	0.006235191420376651	0.15207631874298544
455	20260804	0.9690110986407282	0.9749968824042898	0.8194288564658936	0.005985783763561625	0.15556802593839625
455	20260805	0.9685746352413019	0.9739368998628257	0.8188053373238559	0.005362264621523782	0.15513156253896987
456	20260801	0.7622521511410401	0.9759321611173464	0.8261628631999002	0.21368000997630632	0.1497692979174462
456	20260802	0.7633744855967078	0.9760568649457539	0.8271604938271605	0.2126823793490461	0.14889637111859344
456	20260803	0.7542711061229579	0.9748098266616785	0.822733507918693	0.2205387205387206	0.15207631874298544
456	20260804	0.7452924304776156	0.9749968824042898	0.8194288564658936	0.2297044519266742	0.15556802593839625
456	20260805	0.7424865943384462	0.9739368998628257	0.8188053373238559	0.2314503055243795	0.15513156253896987
457	20260801	0.8113231076194038	0.9759321611173464	0.8261628631999002	0.16460905349794253	0.1497692979174462
457	20260802	0.8058361391694724	0.9760568649457539	0.8271604938271605	0.17022072577628156	0.14889637111859344
457	20260803	0.8044643970569896	0.9748098266616785	0.822733507918693	0.1703454296046889	0.15207631874298544
457	20260804	0.7956727771542587	0.9749968824042898	0.8194288564658936	0.17932410525003117	0.15556802593839625
457	20260805	0.7947374984412021	0.9739368998628257	0.8188053373238559	0.1791994014216236	0.15513156253896987
458	20260801	0.8569647088165607	0.9759321611173464	0.8261628631999002	0.11896745230078565	0.1497692979174462
458	20260802	0.8575258760443946	0.9760568649457539	0.8271604938271605	0.11853098890135938	0.14889637111859344
458	20260803	0.854782391819429	0.9748098266616785	0.822733507918693	0.12002743484224943	0.15207631874298544
458	20260804	0.8521636114228708	0.9749968824042898	0.8194288564658936	0.12283327098141905	0.15556802593839625
458	20260805	0.8590223219852849	0.9739368998628257	0.8188053373238559	0.11491457787754078	0.15513156253896987
459	20260801	0.9453173712432972	0.9759321611173464	0.8261628631999002	0.030614789874049197	0.1497692979174462
459	20260802	0.9395186432223469	0.9760568649457539	0.8271604938271605	0.03653822172340704	0.14889637111859344
459	20260803	0.9439456291308144	0.9748098266616785	0.822733507918693	0.030864197530864113	0.15207631874298544
459	20260804	0.9403292181069958	0.9749968824042898	0.8194288564658936	0.034667664297294065	0.15556802593839625
459	20260805	0.9439456291308144	0.9739368998628257	0.8188053373238559	0.029991270732011355	0.15513156253896987
460	20260801	0.8713056490834269	0.9759321611173464	0.8261628631999002	0.10462651203391948	0.1497692979174462
460	20260802	0.8574635241301909	0.9760568649457539	0.8271604938271605	0.11859334081556305	0.14889637111859344
460	20260803	0.8650704576630502	0.9748098266616785	0.822733507918693	0.10973936899862824	0.15207631874298544
460	20260804	0.8552188552188552	0.9749968824042898	0.8194288564658936	0.11977802718543462	0.15556802593839625
460	20260805	0.8561541339319116	0.9739368998628257	0.8188053373238559	0.11778276593091408	0.15513156253896987
461	20260801	0.7795236313754832	0.9759321611173464	0.8261628631999002	0.19640852974186318	0.1497692979174462
461	20260802	0.769983788502307	0.9760568649457539	0.8271604938271605	0.20607307644344697	0.14889637111859344
461	20260803	0.7629380221972815	0.9748098266616785	0.822733507918693	0.21187180446439702	0.15207631874298544
461	20260804	0.7533981793241052	0.9749968824042898	0.8194288564658936	0.2215987030801846	0.15556802593839625
461	20260805	0.7611921685995761	0.9739368998628257	0.8188053373238559	0.21274473126324966	0.15513156253896987
462	20260801	0.9484973188676892	0.9759321611173464	0.8261628631999002	0.0274348422496572	0.1497692979174462
462	20260802	0.9509290435216361	0.9760568649457539	0.8271604938271605	0.025127821424117847	0.14889637111859344
462	20260803	0.9517396184062852	0.9748098266616785	0.822733507918693	0.0230702082553933	0.15207631874298544
462	20260804	0.9461902980421498	0.9749968824042898	0.8194288564658936	0.02880658436214001	0.15556802593839625
462	20260805	0.9499314128943758	0.9739368998628257	0.8188053373238559	0.02400548696844995	0.15513156253896987
463	20260801	0.8151265743858336	0.9759321611173464	0.8261628631999002	0.1608055867315128	0.1497692979174462
463	20260802	0.8126948497318869	0.9760568649457539	0.8271604938271605	0.16336201521386706	0.14889637111859344
463	20260803	0.8098890135927174	0.9748098266616785	0.822733507918693	0.16492081306896111	0.15207631874298544
463	20260804	0.7943633869559795	0.9749968824042898	0.8194288564658936	0.1806334954483103	0.15556802593839625
463	20260805	0.805711435341065	0.9739368998628257	0.8188053373238559	0.16822546452176068	0.15513156253896987
464	20260801	0.8314004239930166	0.9759321611173464	0.8261628631999002	0.14453173712432976	0.1497692979174462
464	20260802	0.8298416261379223	0.9760568649457539	0.8271604938271605	0.1462152388078316	0.14889637111859344
464	20260803	0.8288439955106622	0.9748098266616785	0.822733507918693	0.14596583115101625	0.15207631874298544
464	20260804	0.8202394313505424	0.9749968824042898	0.8194288564658936	0.15475745105374739	0.15556802593839625
464	20260805	0.8251028806584362	0.9739368998628257	0.8188053373238559	0.14883401920438954	0.15513156253896987
465	20260801	0.7871305649083427	0.9759321611173464	0.8261628631999002	0.18880159620900372	0.1497692979174462
465	20260802	0.7836388577129317	0.9760568649457539	0.8271604938271605	0.1924180072328222	0.14889637111859344
465	20260803	0.7823294675146527	0.9748098266616785	0.822733507918693	0.19248035914702577	0.15207631874298544
465	20260804	0.7666167851353036	0.9749968824042898	0.8194288564658936	0.2083800972689862	0.15556802593839625
465	20260805	0.7760319241800723	0.9739368998628257	0.8188053373238559	0.19790497568275345	0.15513156253896987
466	20260801	0.8140665918443696	0.9759321611173464	0.8261628631999002	0.1618655692729768	0.1497692979174462
466	20260802	0.8105748846489588	0.9760568649457539	0.8271604938271605	0.16548198029679517	0.14889637111859344
466	20260803	0.8090160867938645	0.9748098266616785	0.822733507918693	0.16579373986781398	0.15207631874298544
466	20260804	0.7986656690360394	0.9749968824042898	0.8194288564658936	0.17633121336825042	0.15556802593839625
466	20260805	0.8007232822047637	0.9739368998628257	0.8188053373238559	0.17321361765806198	0.15513156253896987
467	20260801	0.8345803716174087	0.9759321611173464	0.8261628631999002	0.14135178949993765	0.1497692979174462
467	20260802	0.8247287691732137	0.9760568649457539	0.8271604938271605	0.15132809577254025	0.14889637111859344
467	20260803	0.8218605811198404	0.9748098266616785	0.822733507918693	0.15294924554183809	0.15207631874298544
467	20260804	0.8135054246165357	0.9749968824042898	0.8194288564658936	0.1614914577877541	0.15556802593839625
467	20260805	0.8159995011846863	0.9739368998628257	0.8188053373238559	0.15793739867813938	0.15513156253896987
468	20260801	0.8459284200024942	0.9759321611173464	0.8261628631999002	0.13000374111485213	0.1497692979174462
468	20260802	0.8418755455792493	0.9760568649457539	0.8271604938271605	0.13418131936650468	0.14889637111859344
468	20260803	0.8442449183189925	0.9748098266616785	0.822733507918693	0.13056490834268597	0.15207631874298544
468	20260804	0.8345803716174087	0.9749968824042898	0.8194288564658936	0.1404165107868811	0.15556802593839625
468	20260805	0.8417508417508417	0.9739368998628257	0.8188053373238559	0.13218605811198403	0.15513156253896987
469	20260801	0.7966080558673151	0.9759321611173464	0.8261628631999002	0.17932410525003128	0.1497692979174462
469	20260802	0.7957351290684624	0.9760568649457539	0.8271604938271605	0.1803217358772915	0.14889637111859344
469	20260803	0.7883152512782142	0.9748098266616785	0.822733507918693	0.18649457538346426	0.15207631874298544
469	20260804	0.7832023943135054	0.9749968824042898	0.8194288564658936	0.19179448809078448	0.15556802593839625
469	20260805	0.7843870806833769	0.9739368998628257	0.8188053373238559	0.1895498191794488	0.15513156253896987
470	20260801	0.8109489961341813	0.9759321611173464	0.8261628631999002	0.16498316498316512	0.1497692979174462
470	20260802	0.8096396059359022	0.9760568649457539	0.8271604938271605	0.16641725900985171	0.14889637111859344
470	20260803	0.8017832647462277	0.9748098266616785	0.822733507918693	0.17302656191545074	0.15207631874298544
470	20260804	0.7947998503554059	0.9749968824042898	0.8194288564658936	0.18019703204888393	0.15556802593839625
470	20260805	0.8007232822047636	0.9739368998628257	0.8188053373238559	0.1732136176580621	0.15513156253896987
471	20260801	0.8549070956478364	0.9759321611173464	0.8261628631999002	0.12102506546950997	0.1497692979174462
471	20260802	0.8535977054495573	0.9760568649457539	0.8271604938271605	0.12245915949619668	0.14889637111859344
471	20260803	0.8534730016211498	0.9748098266616785	0.822733507918693	0.12133682504052867	0.15207631874298544
471	20260804	0.8443696221473999	0.9749968824042898	0.8194288564658936	0.13062726025688998	0.15556802593839625
471	20260805	0.8498565905973313	0.9739368998628257	0.8188053373238559	0.1240803092654944	0.15513156253896987
472	20260801	0.8431849357775284	0.9759321611173464	0.8261628631999002	0.13274722533981798	0.1497692979174462
472	20260802	0.8362638733009103	0.9760568649457539	0.8271604938271605	0.1397929916448436	0.14889637111859344
472	20260803	0.8403790996383589	0.9748098266616785	0.822733507918693	0.1344307270233196	0.15207631874298544
472	20260804	0.832647462277092	0.9749968824042898	0.8194288564658936	0.14234942012719787	0.15556802593839625
472	20260805	0.8367003367003366	0.9739368998628257	0.8188053373238559	0.1372365631624891	0.15513156253896987
473	20260801	0.7808953734879662	0.9759321611173464	0.8261628631999002	0.19503678762938015	0.1497692979174462
473	20260802	0.7775283701209628	0.9760568649457539	0.8271604938271605	0.19852849482479118	0.14889637111859344
473	20260803	0.7680508791619902	0.9748098266616785	0.822733507918693	0.20675894749968826	0.15207631874298544
473	20260804	0.7671779523631376	0.9749968824042898	0.8194288564658936	0.20781893004115226	0.15556802593839625
473	20260805	0.764372116223968	0.9739368998628257	0.8188053373238559	0.20956478363885778	0.15513156253896987
474	20260801	0.7744107744107744	0.9759321611173464	0.8261628631999002	0.20152138670657194	0.1497692979174462
474	20260802	0.7708567153011597	0.9760568649457539	0.8271604938271605	0.2052001496445942	0.14889637111859344
474	20260803	0.7608804090285571	0.9748098266616785	0.822733507918693	0.21392941763312134	0.15207631874298544
474	20260804	0.7536475869809202	0.9749968824042898	0.8194288564658936	0.22134929542336967	0.15556802593839625
474	20260805	0.75745105374735	0.9739368998628257	0.8188053373238559	0.21648584611547572	0.15513156253896987
475	20260801	0.9662676144157626	0.9759321611173464	0.8261628631999002	0.009664546701583787	0.1497692979174462
475	20260802	0.9642100012470383	0.9760568649457539	0.8271604938271605	0.011846863698715682	0.14889637111859344
475	20260803	0.9653946876169099	0.9748098266616785	0.822733507918693	0.009415139044768539	0.15207631874298544
475	20260804	0.9663299663299664	0.9749968824042898	0.8194288564658936	0.00866691607432346	0.15556802593839625
475	20260805	0.9653323357027059	0.9739368998628257	0.8188053373238559	0.008604564160119788	0.15513156253896987
476	20260801	0.7878164359645842	0.9759321611173464	0.8261628631999002	0.1881157251527622	0.1497692979174462
476	20260802	0.7894375857338821	0.9760568649457539	0.8271604938271605	0.18661927921187182	0.14889637111859344
476	20260803	0.7876293802219728	0.9748098266616785	0.822733507918693	0.18718044643970566	0.15207631874298544
476	20260804	0.7721037535852352	0.9749968824042898	0.8194288564658936	0.20289312881905464	0.15556802593839625
476	20260805	0.7755331088664422	0.9739368998628257	0.8188053373238559	0.1984037909963835	0.15513156253896987
477	20260801	0.7793989275470756	0.9759321611173464	0.8261628631999002	0.19653323357027075	0.1497692979174462
477	20260802	0.7805836139169473	0.9760568649457539	0.8271604938271605	0.19547325102880664	0.14889637111859344
477	20260803	0.7728519765556803	0.9748098266616785	0.822733507918693	0.2019578501059982	0.15207631874298544
477	20260804	0.7578251652325726	0.9749968824042898	0.8194288564658936	0.21717171717171724	0.15556802593839625
477	20260805	0.769422621274473	0.9739368998628257	0.8188053373238559	0.2045142785883527	0.15513156253896987
478	20260801	0.8963711185933408	0.9759321611173464	0.8261628631999002	0.07956104252400553	0.1497692979174462
478	20260802	0.8916947250280584	0.9760568649457539	0.8271604938271605	0.08436213991769559	0.14889637111859344
478	20260803	0.8906347424865944	0.9748098266616785	0.822733507918693	0.08417508417508412	0.15207631874298544
478	20260804	0.887517146776406	0.9749968824042898	0.8194288564658936	0.0874797356278838	0.15556802593839625
478	20260805	0.891008853971817	0.9739368998628257	0.8188053373238559	0.08292804589100877	0.15513156253896987
479	20260801	0.8090160867938646	0.9759321611173464	0.8261628631999002	0.16691607432348177	0.1497692979174462
479	20260802	0.8083925676518268	0.9760568649457539	0.8271604938271605	0.16766429729392718	0.14889637111859344
479	20260803	0.80596084299788	0.9748098266616785	0.822733507918693	0.16884898366379852	0.15207631874298544
479	20260804	0.8085796233944382	0.9749968824042898	0.8194288564658936	0.1664172590098516	0.15556802593839625
479	20260805	0.8015338570894127	0.9739368998628257	0.8188053373238559	0.172403042773413	0.15513156253896987
480	20260801	0.8524753709938895	0.9759321611173464	0.8261628631999002	0.1234567901234569	0.1497692979174462
480	20260802	0.8424367128070832	0.9760568649457539	0.8271604938271605	0.13362015213867073	0.14889637111859344
480	20260803	0.8485472003990523	0.9748098266616785	0.822733507918693	0.1262626262626262	0.15207631874298544
480	20260804	0.8449931412894376	0.9749968824042898	0.8194288564658936	0.13000374111485224	0.15556802593839625
480	20260805	0.8403790996383589	0.9739368998628257	0.8188053373238559	0.13355780022446684	0.15513156253896987
481	20260801	0.8414390821798229	0.9759321611173464	0.8261628631999002	0.1344930789375235	0.1497692979174462
481	20260802	0.8376356154133932	0.9760568649457539	0.8271604938271605	0.1384212495323608	0.14889637111859344
481	20260803	0.8366379847861328	0.9748098266616785	0.822733507918693	0.13817184187554565	0.15207631874298544
481	20260804	0.8251028806584363	0.9749968824042898	0.8194288564658936	0.14989400174585354	0.15556802593839625
481	20260805	0.8294675146526999	0.9739368998628257	0.8188053373238559	0.14446938521012587	0.15513156253896987
482	20260801	0.8473625140291806	0.9759321611173464	0.8261628631999002	0.12856964708816576	0.1497692979174462
482	20260802	0.8444943259758074	0.9760568649457539	0.8271604938271605	0.13156253896994652	0.14889637111859344
482	20260803	0.8416261379224342	0.9748098266616785	0.822733507918693	0.13318368873924424	0.15207631874298544
482	20260804	0.8340815563037786	0.9749968824042898	0.8194288564658936	0.14091532610051127	0.15556802593839625
482	20260805	0.8406908592093777	0.9739368998628257	0.8188053373238559	0.13324604065344803	0.15513156253896987
483	20260801	0.9386457164234943	0.9759321611173464	0.8261628631999002	0.03728644469385212	0.1497692979174462
483	20260802	0.9410150891632374	0.9760568649457539	0.8271604938271605	0.03504177578251655	0.14889637111859344
483	20260803	0.9415139044768674	0.9748098266616785	0.822733507918693	0.03329592218481103	0.15207631874298544
483	20260804	0.9358398802843247	0.9749968824042898	0.8194288564658936	0.03915700211996509	0.15556802593839625
483	20260805	0.9383963087666791	0.9739368998628257	0.8188053373238559	0.0355405910961466	0.15513156253896987
484	20260801	0.8181818181818182	0.9759321611173464	0.8261628631999002	0.15775034293552814	0.1497692979174462
484	20260802	0.8140042399301659	0.9760568649457539	0.8271604938271605	0.16205262501558804	0.14889637111859344
484	20260803	0.8112607557052002	0.9748098266616785	0.822733507918693	0.1635490709564783	0.15207631874298544
484	20260804	0.8040279336575633	0.9749968824042898	0.8194288564658936	0.17096894874672652	0.15556802593839625
484	20260805	0.8069584736251403	0.9739368998628257	0.8188053373238559	0.16697842623768544	0.15513156253896987
485	20260801	0.9495573014091532	0.9759321611173464	0.8261628631999002	0.0263748597081932	0.1497692979174462
485	20260802	0.9450679635864823	0.9760568649457539	0.8271604938271605	0.03098890135927168	0.14889637111859344
485	20260803	0.9466267614415764	0.9748098266616785	0.822733507918693	0.028183065220102055	0.15207631874298544
485	20260804	0.9454420750717047	0.9749968824042898	0.8194288564658936	0.029554807332585087	0.15556802593839625
485	20260805	0.9470632248410027	0.9739368998628257	0.8188053373238559	0.02687367502182303	0.15513156253896987
486	20260801	0.789437585733882	0.9759321611173464	0.8261628631999002	0.18649457538346437	0.1497692979174462
486	20260802	0.7876293802219728	0.9760568649457539	0.8271604938271605	0.18842748472378112	0.14889637111859344
486	20260803	0.785447063224841	0.9748098266616785	0.822733507918693	0.18936276343683744	0.15207631874298544
486	20260804	0.7739119590971442	0.9749968824042898	0.8194288564658936	0.20108492330714567	0.15556802593839625
486	20260805	0.7757825165232572	0.9739368998628257	0.8188053373238559	0.19815438333956847	0.15513156253896987
487	20260801	0.8501683501683501	0.9759321611173464	0.8261628631999002	0.12576381094899625	0.1497692979174462
487	20260802	0.8428731762065096	0.9760568649457539	0.8271604938271605	0.13318368873924435	0.14889637111859344
487	20260803	0.8461154757451054	0.9748098266616785	0.822733507918693	0.1286943509165731	0.15207631874298544
487	20260804	0.8396308766679138	0.9749968824042898	0.8194288564658936	0.13536600573637603	0.15556802593839625
487	20260805	0.8418131936650456	0.9739368998628257	0.8188053373238559	0.13212370619778013	0.15513156253896987
488	20260801	0.8840877914951989	0.9759321611173464	0.8261628631999002	0.09184436962214748	0.1497692979174462
488	20260802	0.8840877914951989	0.9760568649457539	0.8271604938271605	0.09196907345055505	0.14889637111859344
488	20260803	0.882466641725901	0.9748098266616785	0.822733507918693	0.09234318493577753	0.15207631874298544
488	20260804	0.8756079311634867	0.9749968824042898	0.8194288564658936	0.09938895124080316	0.15556802593839625
488	20260805	0.8783514153884524	0.9739368998628257	0.8188053373238559	0.09558548447437332	0.15513156253896987
489	20260801	0.8883900735752587	0.9759321611173464	0.8261628631999002	0.0875420875420877	0.1497692979174462
489	20260802	0.8868936276343683	0.9760568649457539	0.8271604938271605	0.08916323731138565	0.14889637111859344
489	20260803	0.8886394812320737	0.9748098266616785	0.822733507918693	0.08617034542960478	0.15207631874298544
489	20260804	0.886457164234942	0.9749968824042898	0.8194288564658936	0.0885397181693478	0.15556802593839625
489	20260805	0.8892006484599078	0.9739368998628257	0.8188053373238559	0.08473625140291796	0.15513156253896987
490	20260801	0.9176331213368251	0.9759321611173464	0.8261628631999002	0.05829903978052131	0.1497692979174462
490	20260802	0.9163860830527497	0.9760568649457539	0.8271604938271605	0.05967078189300423	0.14889637111859344
490	20260803	0.9183813443072701	0.9748098266616785	0.822733507918693	0.05642848235440834	0.15207631874298544
490	20260804	0.9150766928544707	0.9749968824042898	0.8194288564658936	0.05992018954981915	0.15556802593839625
490	20260805	0.9183189923930665	0.9739368998628257	0.8188053373238559	0.055617907469759253	0.15513156253896987
491	20260801	0.791806958473625	0.9759321611173464	0.8261628631999002	0.18412520264372134	0.1497692979174462
491	20260802	0.7860082304526749	0.9760568649457539	0.8271604938271605	0.19004863449307907	0.14889637111859344
491	20260803	0.7852600074822297	0.9748098266616785	0.822733507918693	0.1895498191794488	0.15207631874298544
491	20260804	0.7816435964584113	0.9749968824042898	0.8194288564658936	0.19335328594587853	0.15556802593839625
491	20260805	0.7803965581743361	0.9739368998628257	0.8188053373238559	0.19354034168848966	0.15513156253896987
492	20260801	0.9761192168599575	0.9759321611173464	0.8261628631999002	-0.00018705574261113078	0.1497692979174462
492	20260802	0.9782391819428857	0.9760568649457539	0.8271604938271605	-0.0021823169971317835	0.14889637111859344
492	20260803	0.9753709938895125	0.9748098266616785	0.822733507918693	-0.0005611672278340585	0.15207631874298544
492	20260804	0.9759945130315502	0.9749968824042898	0.8194288564658936	-0.0009976306272603264	0.15556802593839625
492	20260805	0.9745604190048633	0.9739368998628257	0.8188053373238559	-0.0006235191420376207	0.15513156253896987
493	20260801	0.8046514527996009	0.9759321611173464	0.8261628631999002	0.17128070831774544	0.1497692979174462
493	20260802	0.8034667664297294	0.9760568649457539	0.8271604938271605	0.17259009851602458	0.14889637111859344
493	20260803	0.7966704077815189	0.9748098266616785	0.822733507918693	0.1781394188801596	0.15207631874298544
493	20260804	0.7894375857338821	0.9749968824042898	0.8194288564658936	0.18555929667040771	0.15556802593839625
493	20260805	0.793989275470757	0.9739368998628257	0.8188053373238559	0.17994762439206868	0.15513156253896987
494	20260801	0.7589474996882404	0.9759321611173464	0.8261628631999002	0.216984661429106	0.1497692979174462
494	20260802	0.7533358274099015	0.9760568649457539	0.8271604938271605	0.22272103753585248	0.14889637111859344
494	20260803	0.7562040154632748	0.9748098266616785	0.822733507918693	0.21860581119840372	0.15207631874298544
494	20260804	0.7413019079685748	0.9749968824042898	0.8194288564658936	0.23369497443571507	0.15556802593839625
494	20260805	0.7429230577378726	0.9739368998628257	0.8188053373238559	0.23101384212495313	0.15513156253896987
495	20260801	0.9682628756702831	0.9759321611173464	0.8261628631999002	0.0076692854470632454	0.1497692979174462
495	20260802	0.9683875794986907	0.9760568649457539	0.8271604938271605	0.0076692854470632454	0.14889637111859344
495	20260803	0.9682005237560793	0.9748098266616785	0.822733507918693	0.006609302905599135	0.15207631874298544
495	20260804	0.9668911335578001	0.9749968824042898	0.8194288564658936	0.008105748846489735	0.15556802593839625
495	20260805	0.968824042898117	0.9739368998628257	0.8188053373238559	0.005112856964708756	0.15513156253896987
496	20260801	0.8163736126699089	0.9759321611173464	0.8261628631999002	0.15955854844743744	0.1497692979174462
496	20260802	0.8184312258386333	0.9760568649457539	0.8271604938271605	0.15762563910712069	0.14889637111859344
496	20260803	0.8102007731637362	0.9748098266616785	0.822733507918693	0.1646090534979423	0.15207631874298544
496	20260804	0.8047761566280085	0.9749968824042898	0.8194288564658936	0.17022072577628133	0.15556802593839625
496	20260805	0.8067090659683251	0.9739368998628257	0.8188053373238559	0.16722783389450058	0.15513156253896987
497	20260801	0.877416136675396	0.9759321611173464	0.8261628631999002	0.0985160244419504	0.1497692979174462
497	20260802	0.8805960842997879	0.9760568649457539	0.8271604938271605	0.09546078064596608	0.14889637111859344
497	20260803	0.8733632622521512	0.9748098266616785	0.822733507918693	0.10144656440952726	0.15207631874298544
497	20260804	0.8714303529118345	0.9749968824042898	0.8194288564658936	0.10356652949245537	0.15556802593839625
497	20260805	0.870993889512408	0.9739368998628257	0.8188053373238559	0.10294301035041775	0.15513156253896987
498	20260801	0.8666292555181444	0.9759321611173464	0.8261628631999002	0.10930290559920197	0.1497692979174462
498	20260802	0.8644469385210126	0.9760568649457539	0.8271604938271605	0.11160992642474132	0.14889637111859344
498	20260803	0.862202269609677	0.9748098266616785	0.822733507918693	0.11260755705200143	0.15207631874298544
498	20260804	0.8592093777278963	0.9749968824042898	0.8194288564658936	0.11578750467639354	0.15556802593839625
498	20260805	0.8628881406659183	0.9739368998628257	0.8188053373238559	0.11104875919690738	0.15513156253896987
499	20260801	0.7578875171467765	0.9759321611173464	0.8261628631999002	0.21804464397056988	0.1497692979174462
499	20260802	0.7572639980047388	0.9760568649457539	0.8271604938271605	0.21879286694101518	0.14889637111859344
499	20260803	0.7458535977054496	0.9748098266616785	0.822733507918693	0.2289562289562289	0.15207631874298544
499	20260804	0.7338820301783264	0.9749968824042898	0.8194288564658936	0.2411148522259634	0.15556802593839625
499	20260805	0.7418630751964086	0.9739368998628257	0.8188053373238559	0.23207382466641713	0.15513156253896987
500	20260801	0.9309140790622272	0.9759321611173464	0.8261628631999002	0.045018082055119146	0.1497692979174462
500	20260802	0.9251153510412771	0.9760568649457539	0.8271604938271605	0.050941513904476876	0.14889637111859344
500	20260803	0.9295423369497444	0.9748098266616785	0.822733507918693	0.04526748971193406	0.15207631874298544
500	20260804	0.9226212744731263	0.9749968824042898	0.8194288564658936	0.05237560793116358	0.15556802593839625
500	20260805	0.9303529118343932	0.9739368998628257	0.8188053373238559	0.04358398802843255	0.15513156253896987
