cohort,method,observed_auc,n_perm,exceedances,empirical_p,null_mean,null_sd
GSE135779,scgpt,0.8539944903581269,1000,1,0.001998001998001998,0.4949283746556474,0.1356782284674176
GSE135779,expression_pca,0.9476584022038568,1000,0,0.000999000999000999,0.4911597796143251,0.1368023207614938
GSE135779,donor_mean_hvg,0.8980716253443526,1000,3,0.003996003996003996,0.493,0.13832341086304462
GSE285773,scgpt,0.9500000000000001,1000,0,0.000999000999000999,0.48419375000000003,0.1606458912509539
GSE285773,expression_pca,0.9875,1000,1,0.001998001998001998,0.48815625,0.15895444485441884
GSE285773,donor_mean_hvg,0.9749999999999999,1000,0,0.000999000999000999,0.48745625,0.16133007365678478
GSE174188,scgpt,0.9783638857712931,1000,0,0.000999000999000999,0.4967025190173338,0.04934047152595357
GSE174188,expression_pca,0.9813567776530738,1000,0,0.000999000999000999,0.49620719541089914,0.050070293434506745
GSE174188,donor_mean_hvg,0.9839132061354283,1000,0,0.000999000999000999,0.4988152512782142,0.04990054581389592
